gl_number,model_reaction_id,reaction_name,subsystem,gene_reaction_rule
1000110,r_0001,(R)-lactate:ferricytochrome-c 2-oxidoreductase,Pyruvate metabolism,(YDL174C and YEL039C) or (YDL174C and YJR048W) or (YEL039C and YEL071W) or (YEL071W and YJR048W)
1000111,r_0002,(R)-lactate:ferricytochrome-c 2-oxidoreductase,Pyruvate metabolism,(YDL178W and YEL039C) or (YDL178W and YJR048W)
1000112,r_0003,"(R,R)-butanediol dehydrogenase",Butanoate metabolism,YAL060W
1000113,r_0004,(S)-lactate:ferricytochrome-c 2-oxidoreductase,Pyruvate metabolism,(YEL039C and YML054C) or (YJR048W and YML054C)
1000114,r_0005,"1,3-beta-glucan synthase",Starch and sucrose metabolism,(YPR165W and YLR342W) or (YPR165W and YGR032W) or (YPR165W and YMR306W)
1000115,r_0006,"1,6-beta-glucan synthase",Starch and sucrose metabolism,YGR143W or YPR159W
1000116,r_0007,1-(5-phosphoribosyl)-5-[(5-phosphoribosylamino)methylideneamino)imidazole-4-carboxamide isomerase,Histidine metabolism,YIL020C
1000117,r_0012,1-pyrroline-5-carboxylate dehydrogenase,"Alanine, aspartate and glutamate metabolism",YHR037W
1000118,r_0013,"2,3-diketo-5-methylthio-1-phosphopentane degradation reaction",Cysteine and methionine metabolism,YEL038W and YMR009W
1000119,r_0014,"2,5-diamino-6-ribitylamino-4(3H)-pyrimidinone 5'-phosphate deaminase",Riboflavin metabolism,YOL066C
1000120,r_0015,"2,5-diamino-6-ribosylamino-4(3H)-pyrimidinone 5'-phosphate reductase (NADPH)",Riboflavin metabolism,YBR153W
1000121,r_0016,2-aceto-2-hydroxybutanoate synthase,"Valine, leucine and isoleucine metabolism",(YCL009C and YMR108W) or YMR108W
1000122,r_0017,2-amino-4-hydroxy-6-hydroxymethyldihydropteridine diphosphokinase,Folate biosynthesis,YNL256W
1000123,r_0018,2-aminoadipate transaminase,Lysine metabolism,YER152C or YGL202W or YJL060W
1000124,r_0019,2-dehydropantoate 2-reductase,Pantothenate and coa biosynthesis,YHR063C
1000125,r_0020,2-deoxy-D-arabino-heptulosonate 7-phosphate synthetase,"Phenylalanine, tyrosine and tryptophan biosynthesis",YDR035W or YBR249C
1000126,r_0021,"2-hexaprenyl-6-methoxy-1,4-benzoquinone methyltransferase",Ubiquinone and other terpenoid-quinone biosynthesis,YDR204W and YGR255C and YLR201C and YML110C and YOL096C and YOR125C
1000127,r_0022,2-hexaprenyl-6-methoxyphenol monooxygenase,Ubiquinone and other terpenoid-quinone biosynthesis,YDR204W and YGR255C and YLR201C and YML110C and YOL096C and YOR125C
1000128,r_0023,2-isopropylmalate hydratase,"Valine, leucine and isoleucine metabolism",YGL009C
1000129,r_0024,2-isopropylmalate synthase,"Valine, leucine and isoleucine metabolism",YNL104C or YOR108W
1000130,r_0025,2-isopropylmalate synthase,"Valine, leucine and isoleucine metabolism",YNL104C
1000131,r_0026,2-keto-4-methylthiobutyrate transamination,Cysteine and methionine metabolism,YHR208W or YJR148W or YGL202W or YHR137W
1000132,r_0027,2-methylcitrate dehydratase,Lysine metabolism,YDR234W
1000133,r_0028,2-methylcitrate synthase,Propanoate metabolism,YPR001W
1000134,r_0029,2-oxo-4-methyl-3-carboxypentanoate decarboxylation,"Valine, leucine and isoleucine metabolism",
1000135,r_0030,2-oxo-4-methyl-3-carboxypentanoate decarboxylation,"Valine, leucine and isoleucine metabolism",
1000136,r_0032,"3',5'-bisphosphate nucleotidase",Sulfur metabolism,YOL064C
1000137,r_0033,"3',5'-cyclic-nucleotide phosphodiesterase",Purine metabolism,YGL248W or YOR360C
1000138,r_0034,"3',5'-cyclic-nucleotide phosphodiesterase",Purine metabolism,YOR360C
1000139,r_0035,"3',5'-cyclic-nucleotide phosphodiesterase",Purine metabolism,YOR360C
1000140,r_0036,"3',5'-cyclic-nucleotide phosphodiesterase",Purine metabolism,YOR360C
1000141,r_0037,"3',5'-cyclic-nucleotide phosphodiesterase",Purine metabolism,YOR360C
1000142,r_0038,"3,4-dihydroxy-2-butanone-4-phosphate synthase",Riboflavin metabolism,YDR487C
1000143,r_0039,3-dehydroquinate dehydratase,"Phenylalanine, tyrosine and tryptophan biosynthesis",YDR127W
1000144,r_0040,3-dehydroquinate synthase,"Phenylalanine, tyrosine and tryptophan biosynthesis",YDR127W
1000145,r_0041,3-dehydrosphinganine reductase,Sphingolipid metabolism,YBR265W
1000146,r_0042,3-deoxy-D-arabino-heptulosonate 7-phosphate synthetase,"Phenylalanine, tyrosine and tryptophan biosynthesis",YBR249C or YDR035W
1000147,r_0043,"3-hexaprenyl-4,5-dihydroxybenzoate hydroxylase",Ubiquinone and other terpenoid-quinone biosynthesis,YPL252C or YDR376W
1000148,r_0044,3-hexaprenyl-4-hydroxy-5-methoxybenzoate decarboxylase,Ubiquinone and other terpenoid-quinone biosynthesis,YDR538W and YDR539W
1000149,r_0045,3-hydroxy-L-kynurenine hydrolase,Tryptophan metabolism,YLR231C
1000150,r_0057,3-hydroxyacyl-CoA dehydrogenase (3-oxotetradecanoyl-CoA),Fatty acid degradation,YKR009C
1000151,r_0058,"3-hydroxyanthranilate 3,4-dioxygenase",Tryptophan metabolism,YJR025C
1000152,r_0059,3-isopropylmalate 3-methyltransferase,Complex alcohol metabolism,YER175C
1000153,r_0060,3-isopropylmalate dehydratase,"Valine, leucine and isoleucine metabolism",YGL009C
1000154,r_0061,3-isopropylmalate dehydrogenase,"Valine, leucine and isoleucine metabolism",YCL018W
1000155,r_0062,3-methyl-2-oxobutanoate decarboxylase,Complex alcohol metabolism,YGR087C or YLR044C or YLR134W
1000156,r_0063,3-methyl-2-oxobutanoate hydroxymethyltransferase,Pantothenate and coa biosynthesis,YBR176W
1000157,r_0064,3-methyl-2-oxopentanoate decarboxylase,Complex alcohol metabolism,YDL080C or YGR087C or YLR044C or YLR134W
1000158,r_0065,3-phosphoshikimate 1-carboxyvinyltransferase,"Phenylalanine, tyrosine and tryptophan biosynthesis",YDR127W
1000159,r_0066,4-amino-4-deoxychorismate synthase,Folate biosynthesis,YNR033W
1000160,r_0067,4-aminobenzoate synthase,Folate biosynthesis,YMR289W
1000161,r_0068,4-aminobutyrate transaminase,"Alanine, aspartate and glutamate metabolism",YGR019W
1000162,r_0069,4-hydroxy-L-threonine synthase,Vitamin b6 metabolism,YCR053W
1000163,r_0070,4-hydroxybenzoate formation,Ubiquinone and other terpenoid-quinone biosynthesis,
1000164,r_0072,4-methyl-2-oxopentanoate decarboxylase,Complex alcohol metabolism,YDL080C
1000165,r_0073,4PP-IP5 depyrophosphorylation to IP6,Inositol phosphate metabolism,YLR410W or YOR163W
1000166,r_0074,"4PP-IP5 pyrophosphorylation to 4,5-PP2-IP4",Phosphatidylinositol signaling system,YDR017C
1000167,r_0075,5'-methylthioadenosine phosphorylase,Cysteine and methionine metabolism,YLR017W
1000168,r_0076,5'-nucleotidase (CMP),Nicotinate and nicotinamide metabolism,YER037W or YGL224C
1000169,r_0077,5'-nucleotidase (IMP),Purine metabolism,YOR155C
1000170,r_0078,5'-nucleotidase (UMP),Nicotinate and nicotinamide metabolism,YER037W or YGL224C
1000171,r_0079,5'-phosphoribosylformyl glycinamidine synthetase,Purine metabolism,YGR061C
1000172,r_0080,"5,10-methylenetetrahydrofolate reductase (NADPH)",One carbon pool by folate,(YGL125W and YPL023C) or YGL125W
1000173,r_0081,5-aminolevulinate synthase,Porphyrin and chlorophyll metabolism,YDR232W
1000174,r_0082,"5-diphosphoinositol-1,2,3,4,6-pentakisphosphate diphosphohydrolase",Inositol phosphate metabolism,YOR163W
1000175,r_0083,"5-diphosphoinositol-1,2,3,4,6-pentakisphosphate synthase",Phosphatidylinositol signaling system,YDR017C
1000176,r_0084,5-formethyltetrahydrofolate cyclo-ligase,One carbon pool by folate,YER183C
1000177,r_0085,5-methyltetrahydropteroyltriglutamate-homocysteine S-methyltransferase,Cysteine and methionine metabolism,YER091C
1000178,r_0086,5-methylthio-5-deoxy-D-ribulose 1-phosphate dehydratase,Cysteine and methionine metabolism,YJR024C
1000179,r_0087,5-methylthioribose-1-phosphate isomerase,Cysteine and methionine metabolism,YPR118W
1000180,r_0088,"5PP-IP5 pyrophosphorylation to 4,5-PP2-IP4",Inositol phosphate metabolism,YLR410W
1000181,r_0089,"5PP-IP5 pyrophosphorylation to 5,6-PP2-IP4",Inositol phosphate metabolism,YLR410W
1000182,r_0090,6-phosphofructo-2-kinase,Fructose and mannose metabolism,YIL107C or YOL136C
1000183,r_0091,6-phosphogluconolactonase,Pentose phosphate pathway,YGR248W or YHR163W
1000184,r_0092,6PP-IP5 depyrophosphorylation to IP6,Inositol phosphate metabolism,YLR410W or YOR163W
1000185,r_0093,"6PP-IP5 pyrophosphorylation to 5,6-PP2-IP4",Phosphatidylinositol signaling system,YDR017C
1000186,r_0094,8-amino-7-oxononanoate synthase,Biotin metabolism,
1000187,r_0095,acetaldehyde condensation,Butanoate metabolism,YGR087C or YLR044C or YLR134W
1000188,r_0096,acetohydroxy acid isomeroreductase,"Valine, leucine and isoleucine metabolism",YLR355C
1000189,r_0097,acetolactate synthase,"Valine, leucine and isoleucine metabolism",(YCL009C and YMR108W) or YMR108W
1000190,r_0099,acetyl-CoA ACP transacylase,Fatty acid biosynthesis,YKL192C
1000191,r_0100,acetyl-CoA C-acyltransferase (palmitoyl-CoA),Fatty acid degradation,YIL160C
1000192,r_0101,acetyl-CoA C-acyltransferase (tetracosanoyl-CoA),Fatty acid degradation,YIL160C
1000193,r_0102,acetyl-CoA C-acyltransferase (myristoyl-CoA),Fatty acid degradation,YIL160C
1000194,r_0103,acetyl-CoA C-acetyltransferase,Fatty acid degradation,YPL028W
1000195,r_0104,acetyl-CoA C-acetyltransferase,Fatty acid degradation,YPL028W
1000196,r_0105,acetyl-CoA C-acyltransferase (lauroyl-CoA),Fatty acid degradation,YIL160C
1000197,r_0106,acetyl-CoA C-acyltransferase (octanoyl-CoA),Fatty acid degradation,YIL160C
1000198,r_0107,acetyl-CoA C-acyltransferase (decanoyl-CoA),Fatty acid degradation,YIL160C
1000199,r_0108,acetyl-Coa carboxylase,Fatty acid biosynthesis,YMR207C
1000200,r_0109,"acetyl-CoA carboxylase, reaction",Fatty acid biosynthesis,YDL141W and YNR016C
1000201,r_0111,acetyl-CoA hydrolase,Pyruvate metabolism,YBL015W
1000202,r_0112,acetyl-CoA synthetase,Pyruvate metabolism,YAL054C or YLR153C
1000203,r_0113,acetyl-CoA synthetase,Pyruvate metabolism,YAL054C
1000204,r_0114,acetyl-CoA synthetase nuclear,Pyruvate metabolism,YLR153C
1000205,r_0115,acetylglutamate kinase,Arginine biosynthesis,YER069W
1000206,r_0116,acid phosphatase (secreted),Riboflavin metabolism,YBR093C or YAR071W or YBR092C or YHR215W
1000207,r_0117,aconitase,Propanoate metabolism,YPR002W
1000208,r_0118,acteylornithine transaminase,Arginine biosynthesis,YOL140W
1000209,r_0119,acyl carrier protein synthase,Pantothenate and coa biosynthesis,YPL148C
1000210,r_0120,acyl-CoA oxidase (decanoyl-CoA),Fatty acid degradation,YGL205W
1000211,r_0121,acyl-CoA oxidase (dodecanoyl-CoA),Fatty acid degradation,YGL205W
1000212,r_0122,acyl-CoA oxidase (hexacosanoyl-CoA),Fatty acid degradation,YGL205W
1000213,r_0123,acyl-CoA oxidase (hexadecanoyl-CoA),Fatty acid degradation,YGL205W
1000214,r_0124,acyl-CoA oxidase (octadecanoyl-CoA),Fatty acid degradation,YGL205W
1000215,r_0125,acyl-CoA oxidase (tetradecanoyl-CoA),Fatty acid degradation,YGL205W
1000216,r_0126,"acyl-CoA:sterol acyltransferase (oleoyl-CoA:episterol), ER membrane",Steroid biosynthesis,YCR048W
1000217,r_0127,"acyl-CoA:sterol acyltransferase (oleoyl-CoA:ergosterol), ER membrane",Steroid biosynthesis,YCR048W or YNR019W
1000218,r_0128,"acyl-CoA:sterol acyltransferase (oleoyl-CoA:fecosterol), ER membrane",Steroid biosynthesis,YCR048W
1000219,r_0129,"acyl-CoA:sterol acyltransferase (oleoyl-CoA:lanosterol), ER membrane",Steroid biosynthesis,YCR048W
1000220,r_0130,"acyl-CoA:sterol acyltransferase (oleoyl-CoA:zymosterol), ER membrane",Steroid biosynthesis,YCR048W
1000221,r_0131,"acyl-CoA:sterol acyltransferase (palmitoleoyl-CoA:episterol), ER membrane",Steroid biosynthesis,YCR048W
1000222,r_0132,"acyl-CoA:sterol acyltransferase (palmitoleoyl-CoA:ergosterol), ER membrane",Steroid biosynthesis,YCR048W or YNR019W
1000223,r_0133,"acyl-CoA:sterol acyltransferase (palmitoleoyl-CoA:fecosterol), ER membrane",Steroid biosynthesis,YCR048W
1000224,r_0134,"acyl-CoA:sterol acyltransferase (palmitoleoyl-CoA:lanosterol), ER membrane",Steroid biosynthesis,YCR048W
1000225,r_0135,"acyl-CoA:sterol acyltransferase (palmitoleoyl-CoA:zymosterol), ER membrane",Steroid biosynthesis,YCR048W
1000226,r_0137,"acylation of GPI inositol at 2 position, GPI-anchor assembly, step 3",Glycosylphosphatidylinositol (gpi)-anchor biosynthesis,YJL091C
1000227,r_0138,adenine deaminase,Purine metabolism,YNL141W
1000228,r_0139,adenine phosphoribosyltransferase,Purine metabolism,YDR441C or YML022W
1000229,r_0140,adenosine deaminase,Purine metabolism,YNL141W
1000230,r_0142,adenosine kinase,Purine metabolism,YJR105W
1000231,r_0143,adenosine monophosphate deaminase,Purine metabolism,YML035C
1000232,r_0144,adenosylhomocysteinase,Cysteine and methionine metabolism,YER043C
1000233,r_0145,adenosylmethionine decarboxylase,Arginine and proline metabolism,YOL052C
1000234,r_0146,adenosylmethionine-8-amino-7-oxononanoate transaminase,Biotin metabolism,YNR058W
1000235,r_0147,adenylate cyclase,Purine metabolism,YJL005W
1000236,r_0148,adenylate kinase,Purine metabolism,YDL166C or YDR226W
1000237,r_0149,adenylate kinase,Purine metabolism,YER170W
1000238,r_0150,adenylate kinase (GTP),Purine metabolism,YER170W
1000239,r_0151,adenylosuccinate lyase (AICAR),Purine metabolism,YLR359W
1000240,r_0152,adenylosuccinate lyase,Purine metabolism,YLR359W
1000241,r_0153,adenylosuccinate synthase,Purine metabolism,YNL220W
1000242,r_0154,adenylyl-sulfate kinase,Sulfur metabolism,YKL001C
1000243,r_0155,"ADP-ribose 2,3-cyclic phosphodiesterase",Cyclic nucleotide metabolism,YGR247W
1000244,r_0156,alanine glyoxylate aminotransferase,"Alanine, aspartate and glutamate metabolism",YFL030W
1000245,r_0157,alanyl-tRNA synthetase,tRNA metabolism,YOR335C
1000246,r_0158,alcohol acetyltransferase (2-methylbutanol),Complex alcohol metabolism,YGR177C or YOR377W
1000247,r_0159,alcohol acetyltransferase (ethanol),Complex alcohol metabolism,YGR177C or YOR377W
1000248,r_0160,alcohol acetyltransferase (isoamyl alcohol),Complex alcohol metabolism,YGR177C or YOR377W
1000249,r_0161,alcohol acetyltransferase (isobutyl alcohol),Complex alcohol metabolism,YGR177C or YOR377W
1000250,r_0162,alcohol acetyltransferase (phenylethanol alcohol),Complex alcohol metabolism,YGR177C or YOR377W
1000251,r_0163,alcohol dehydrogenase (ethanol to acetaldehyde),Glycolysis / gluconeogenesis,YMR303C
1000252,r_0164,"alcohol dehydrogenase (glycerol, NADP)",Glycerolipid metabolism,YDR368W or YHR104W
1000253,r_0165,mitochondrial alcohol dehydrogenase,Glycolysis / gluconeogenesis,YGL256W or YMR083W
1000254,r_0166,"aldehyde dehydrogenase (2-methylbutanol, NAD)",Complex alcohol metabolism,YBR145W or YDL168W or YOL086C
1000255,r_0167,"aldehyde dehydrogenase (2-methylbutanol, NAD)",Complex alcohol metabolism,YGL256W or YMR083W
1000256,r_0168,"aldehyde dehydrogenase (2-methylbutanol, NADP)",Complex alcohol metabolism,YCR105W or YDR368W or YMR318C
1000257,r_0169,"aldehyde dehydrogenase (2-phenylethanol, NAD)",Phenylalanine metabolism,YBR145W or YDL168W or YOL086C
1000258,r_0170,"aldehyde dehydrogenase (2-phenylethanol, NAD)",Phenylalanine metabolism,YGL256W or YMR083W
1000259,r_0171,"aldehyde dehydrogenase (2-phenylethanol, NADP)",Phenylalanine metabolism,YCR105W or YMR318C
1000260,r_0172,"aldehyde dehydrogenase (3-aminopropanal, NAD)",Beta-alanine metabolism,YMR170C or YMR169C
1000261,r_0173,"aldehyde dehydrogenase (acetaldehyde, NADP)",Glycolysis / gluconeogenesis,YPL061W
1000262,r_0174,"aldehyde dehydrogenase (acetylaldehyde, NAD)",Glycolysis / gluconeogenesis,YOR374W
1000263,r_0175,"aldehyde dehydrogenase (acetylaldehyde, NADP)",Pyruvate metabolism,YER073W or YOR374W
1000264,r_0176,"aldehyde dehydrogenase (indole-3-acetaldehyde, NAD)",Tryptophan metabolism,YOR374W
1000265,r_0177,"aldehyde dehydrogenase (indole-3-acetaldehyde, NADP)",Tryptophan metabolism,YPL061W
1000266,r_0178,"aldehyde dehydrogenase (indole-3-acetaldehyde, NADP)",Tryptophan metabolism,YER073W or YOR374W
1000267,r_0179,"aldehyde dehydrogenase (isoamyl alcohol, NAD)",Complex alcohol metabolism,YBR145W or YDL168W or YOL086C
1000268,r_0180,"aldehyde dehydrogenase (isoamyl alcohol, NAD)",Complex alcohol metabolism,YGL256W or YMR083W
1000269,r_0181,"aldehyde dehydrogenase (isoamyl alcohol, NADP)",Complex alcohol metabolism,YCR105W or YMR318C
1000270,r_0182,"aldehyde dehydrogenase (isobutyl alcohol, NAD)",Complex alcohol metabolism,YBR145W or YDL168W or YOL086C
1000271,r_0183,"aldehyde dehydrogenase (isobutyl alcohol, NAD)",Complex alcohol metabolism,YGL256W or YMR083W
1000272,r_0184,"aldehyde dehydrogenase (isobutyl alcohol, NADP)",Complex alcohol metabolism,YCR105W or YMR318C
1000273,r_0185,"aldehyde dehydrogenase (phenylacetaldehyde, NAD)",Phenylalanine metabolism,YMR169C or YMR170C
1000274,r_0186,"aldehyde dehydrogenase (tryptophol, NAD)",Tyrosine metabolism,YBR145W or YDL168W or YOL086C
1000275,r_0187,"aldehyde dehydrogenase (tryptophol, NAD)",Tyrosine metabolism,YGL256W or YMR083W
1000276,r_0188,alkaline phosphatase (dihydroneopterin),Folate biosynthesis,YDR481C
1000277,r_0189,allantoate amidinohydrolase,Purine metabolism,YIR029W
1000278,r_0190,"allantoinase, reaction",Purine metabolism,YIR027C
1000279,r_0191,allophanate hydrolase,Arginine biosynthesis,YBR208C
1000280,r_0192,"alpha 1,2-mannosyltransferase",N-glycan biosynthesis,YBR199W or YBR205W or YDR483W or YJL139C or YKR061W or YNL029C or YOR099W or YPL053C
1000281,r_0193,"alpha,alpha-trehalase",Starch and sucrose metabolism,YPR026W or YBR001C
1000282,r_0194,"alpha,alpha-trehalase",Starch and sucrose metabolism,YDR001C
1000283,r_0195,"alpha,alpha-trehalose-phosphate synthase (UDP-forming)",Starch and sucrose metabolism,(YBR126C and YDR074W and YML100W) or (YBR126C and YDR074W and YMR261C)
1000284,r_0198,alpha-glucosidase,Starch and sucrose metabolism,YBR299W or YGR287C or YGR292W or YIL172C or YJL216C or YJL221C
1000285,r_0199,amidase,Arginine and proline metabolism,YDR242W or YMR293C
1000286,r_0200,Aminoacetone:oxygen oxidoreductase(deaminating)(flavin-containing),"Glycine, serine and threonine metabolism",
1000287,r_0201,Aminobutyraldehyde dehydrogenase,Arginine and proline metabolism,YOR374W
1000288,r_0202,anthranilate phosphoribosyltransferase,"Phenylalanine, tyrosine and tryptophan biosynthesis",YDR354W
1000289,r_0203,anthranilate synthase,"Phenylalanine, tyrosine and tryptophan biosynthesis",YER090W and YKL211C
1000290,r_0204,Ap4A hydrolase,Purine metabolism,YDR305C
1000291,r_0205,arabinose reductase,Pentose and glucuronate interconversions,YHR104W
1000292,r_0206,arginase,Arginine biosynthesis,YPL111W
1000293,r_0207,argininosuccinate lyase,Arginine biosynthesis,YHR018C
1000294,r_0208,argininosuccinate synthase,Arginine biosynthesis,YOL058W
1000295,r_0209,arginyl-tRNA synthetase,tRNA metabolism,YDR341C
1000296,r_0210,arginyl-tRNA synthetase,tRNA metabolism,YHR091C
1000297,r_0211,asparagine synthase (glutamine-hydrolysing),"Alanine, aspartate and glutamate metabolism",YGR124W or YPR145W
1000298,r_0212,Asparaginyl-tRNA synthetase,tRNA metabolism,YHR019C
1000299,r_0213,"asparaginyl-tRNA synthetase, miotchondrial",tRNA metabolism,YCR024C
1000300,r_0214,aspartate carbamoyltransferase,Pyrimidine metabolism,YJL130C
1000301,r_0215,aspartate kinase,"Glycine, serine and threonine metabolism",YER052C
1000302,r_0216,aspartate transaminase,"Alanine, aspartate and glutamate metabolism",YLR027C
1000303,r_0217,aspartate transaminase,"Alanine, aspartate and glutamate metabolism",YKL106W
1000304,r_0218,aspartate transaminase,"Alanine, aspartate and glutamate metabolism",YLR027C
1000305,r_0219,aspartate-semialdehyde dehydrogenase,"Glycine, serine and threonine metabolism",YDR158W
1000306,r_0220,Aspartyl-tRNA synthetase,tRNA metabolism,YLL018C
1000307,r_0221,Aspartyl-tRNA synthetase,tRNA metabolism,YPL104W
1000308,r_0222,ATP adenylyltransferase,Purine metabolism,YDR530C
1000309,r_0223,ATP adenylyltransferase,Purine metabolism,YCL050C
1000310,r_0224,ATP adenylyltransferase,Purine metabolism,YCL050C
1000311,r_0225,ATP phosphoribosyltransferase,Histidine metabolism,YER055C
1000312,r_0226,ATP synthase,Oxidative phosphorylation,Q0080 and Q0085 and Q0130 and YBL099W and YBR039W and YDL004W and YDR298C and YDR377W and YJR121W and YKL016C and YLR295C and YML081C-A and YPL078C and YPL271W and YDR322C-A and YPR020W and YOL077W-A
1000313,r_0227,"ATPase, cytosolic","Transport [c, e]",(YCR024C-A and YEL017C-A and YGL008C) or (YCR024C-A and YEL017C-A and YPL036W) or YER005W
1000314,r_0228,"beta-1,4 mannosyltransferase",N-glycan biosynthesis,YBR110W
1000315,r_0229,biotin synthase,Biotin metabolism,YGR286C
1000316,r_0230,biotin-[acetyl-CoA-carboxylase] ligase,Biotin metabolism,YDL141W
1000317,r_0231,C-14 sterol reductase,Steroid biosynthesis,YNL280C
1000318,r_0233,C-22 sterol desaturase (NADP),Steroid biosynthesis,YMR015C
1000319,r_0234,C-3 sterol dehydrogenase,Steroid biosynthesis,YGL001C
1000320,r_0235,C-3 sterol dehydrogenase (4-methylzymosterol),Steroid biosynthesis,YGL001C
1000321,r_0236,C-3 sterol keto reductase (4-methylzymosterol),Steroid biosynthesis,YLR100W
1000322,r_0237,C-3 sterol keto reductase (zymosterol),Steroid biosynthesis,YLR100W
1000323,r_0238,C-4 methyl sterol oxidase,Steroid biosynthesis,YGR060W
1000324,r_0239,C-4 methyl sterol oxidase,Steroid biosynthesis,YGR060W
1000325,r_0240,C-4 methyl sterol oxidase,Steroid biosynthesis,YGR060W
1000326,r_0241,"C-4 sterol methyl oxidase (4,4-dimethylzymosterol)",Steroid biosynthesis,YGR060W
1000327,r_0242,C-5 sterol desaturase,Steroid biosynthesis,YLR056W
1000328,r_0243,C-8 sterol isomerase,Steroid biosynthesis,YMR202W
1000329,r_0244,C-s24 sterol reductase,Steroid biosynthesis,YGL012W
1000330,r_0249,CAAX farnesyltransferase,Terpenoid backbone biosynthesis,YDL090C and YKL019W
1000331,r_0250,carbamoyl-phosphate synthase (glutamine-hydrolysing),Pyrimidine metabolism,YJL130C or (YJR109C and YOR303W)
1000332,r_0252,carnitine O-acetyltransferase,Carnitine metabolism,YAR035W or YER024W
1000333,r_0253,carnitine O-acetyltransferase,Carnitine metabolism,YML042W
1000334,r_0254,carnitine O-acetyltransferase,Carnitine metabolism,YML042W
1000335,r_0255,catalase,Glyoxylate and dicarboxylate metabolism,YGR088W
1000336,r_0256,catalase,Glyoxylate and dicarboxylate metabolism,YDR256C
1000337,r_0259,ceramide-1 hydroxylase (24C),Sphingolipid metabolism,YDR297W
1000338,r_0260,ceramide-1 hydroxylase (24C),Sphingolipid metabolism,YMR272C
1000339,r_0261,ceramide-1 hydroxylase (26C),Sphingolipid metabolism,YDR297W
1000340,r_0262,ceramide-1 hydroxylase (26C),Sphingolipid metabolism,YMR272C
1000341,r_0263,ceramide-1 synthase (24C),Sphingolipid metabolism,YKL008C and YHL003C and YMR298W
1000342,r_0264,ceramide-1 synthase (26C),Sphingolipid metabolism,YKL008C and YHL003C and YMR298W
1000343,r_0265,ceramide-2 synthase (24C),Sphingolipid metabolism,YKL008C and YHL003C and YMR298W
1000344,r_0266,ceramide-2 synthase (26C),Sphingolipid metabolism,YKL008C and YHL003C and YMR298W
1000345,r_0267,ceramide-3 synthase (24C),Sphingolipid metabolism,YMR272C
1000346,r_0268,ceramide-3 synthase (26C),Sphingolipid metabolism,YMR272C
1000347,r_0269,ceramide-4 synthase (24C),Sphingolipid metabolism,YMR272C
1000348,r_0270,ceramide-4 synthase (26C),Sphingolipid metabolism,YMR272C
1000349,r_0271,chitin deacetylase,Amino sugar and nucleotide sugar metabolism,YLR307W or YLR308W
1000350,r_0272,chitin synthase,Amino sugar and nucleotide sugar metabolism,YBR023C or YBR038W or YNL192W
1000351,r_0273,choline kinase,Glycerophospholipid metabolism,YLR133W
1000352,r_0274,choline phosphate cytididyltransferase,Glycerophospholipid metabolism,YGR202C
1000353,r_0278,chorismate mutase,"Phenylalanine, tyrosine and tryptophan biosynthesis",YPR060C
1000354,r_0279,chorismate synthase,"Phenylalanine, tyrosine and tryptophan biosynthesis",YGL148W
1000355,r_0280,cis-aconitate(3-) to isocitrate,Citrate cycle (TCA cycle),YLR304C
1000356,r_0281,cis-prenyltransferase step 01,Terpenoid backbone biosynthesis,YBR002C or YMR101C
1000357,r_0282,cis-prenyltransferase step 02,Terpenoid backbone biosynthesis,YBR002C or YMR101C
1000358,r_0283,cis-prenyltransferase step 03,Terpenoid backbone biosynthesis,YBR002C or YMR101C
1000359,r_0284,cis-prenyltransferase step 04,Terpenoid backbone biosynthesis,YBR002C or YMR101C
1000360,r_0285,cis-prenyltransferase step 05,Terpenoid backbone biosynthesis,YBR002C or YMR101C
1000361,r_0286,cis-prenyltransferase step 06,Terpenoid backbone biosynthesis,YBR002C or YMR101C
1000362,r_0287,cis-prenyltransferase step 07,Terpenoid backbone biosynthesis,YBR002C or YMR101C
1000363,r_0288,cis-prenyltransferase step 08,Terpenoid backbone biosynthesis,YBR002C or YMR101C
1000364,r_0289,cis-prenyltransferase step 09,Terpenoid backbone biosynthesis,YBR002C or YMR101C
1000365,r_0290,cis-prenyltransferase step 10,Terpenoid backbone biosynthesis,YBR002C or YMR101C
1000366,r_0291,cis-prenyltransferase step 11,Terpenoid backbone biosynthesis,YBR002C or YMR101C
1000367,r_0292,cis-prenyltransferase step 12,Terpenoid backbone biosynthesis,YBR002C or YMR101C
1000368,r_0293,cis-prenyltransferase step 13,Terpenoid backbone biosynthesis,YBR002C or YMR101C
1000369,r_0294,cis-prenyltransferase step 14,Terpenoid backbone biosynthesis,YBR002C or YMR101C
1000370,r_0295,cis-prenyltransferase step 15,Terpenoid backbone biosynthesis,YBR002C or YMR101C
1000371,r_0296,cis-prenyltransferase step 16,Terpenoid backbone biosynthesis,YBR002C or YMR101C
1000372,r_0297,cis-prenyltransferase step 17,Terpenoid backbone biosynthesis,YBR002C or YMR101C
1000373,r_0298,cis-prenyltransferase step 18,Terpenoid backbone biosynthesis,YBR002C or YMR101C
1000374,r_0299,cis-prenyltransferase step 19,Terpenoid backbone biosynthesis,YBR002C or YMR101C
1000375,r_0300,citrate synthase,Citrate cycle (TCA cycle),YNR001C or YPR001W
1000376,r_0301,"citrate synthase, peroxisomal",Citrate cycle (TCA cycle),YCR005C
1000377,r_0302,citrate to cis-aconitate(3-),Citrate cycle (TCA cycle),YLR304C
1000378,r_0303,"citrate to cis-aconitate(3-), cytoplasmic",Citrate cycle (TCA cycle),YLR304C
1000379,r_0304,coproporphyrinogen oxidase (O2 required),Porphyrin and chlorophyll metabolism,YDR044W
1000380,r_0306,CTP synthase (glutamine),Pyrimidine metabolism,YBL039C or YJR103W
1000381,r_0307,CTP synthase (NH3),Pyrimidine metabolism,YBL039C or YJR103W
1000382,r_0308,cystathionine b-lyase,Cysteine and methionine metabolism,YFR055W or YGL184C
1000383,r_0309,cystathionine beta-synthase,"Glycine, serine and threonine metabolism",YGR155W
1000384,r_0310,cystathionine g-lyase,Cysteine and methionine metabolism,YAL012W
1000385,r_0311,cystathionine gamma-synthase,Cysteine and methionine metabolism,YJR130C
1000386,r_0312,cysteine synthase,Cysteine and methionine metabolism,YLR303W
1000387,r_0313,cysteinyl-tRNA synthetase,tRNA metabolism,YNL247W
1000388,r_0314,cytidine deaminase,Pyrimidine metabolism,YLR245C
1000389,r_0315,cytidine kinase (GTP),Pyrimidine metabolism,YNR012W
1000390,r_0317,cytochrome P450 lanosterol 14-alpha-demethylase (NADP),Steroid biosynthesis,YHR007C and YHR042W
1000391,r_0318,cytosine deaminase,Pyrimidine metabolism,YPR062W
1000392,r_0319,"D-arabinono-1,4-lactone oxidase",Alternate carbon metabolism,YML086C
1000393,r_0320,D-arabinose 1-dehydrogenase (NAD),Alternate carbon metabolism,YMR041C
1000394,r_0321,D-arabinose 1-dehydrogenase (NADP),Alternate carbon metabolism,YBR149W
1000395,r_0322,D-fructose 1-phosphate D-glyceraldehyde-3-phosphate-lyase,Glycolysis / gluconeogenesis,YKL060C
1000396,r_0323,D-sorbitol dehydrogenase (D-fructose producing),Fructose and mannose metabolism,YDL246C or YJR159W
1000397,r_0326,dCMP deaminase,Pyrimidine metabolism,YHR144C
1000398,r_0327,dCTP deaminase,Pyrimidine metabolism,YHR144C
1000399,r_0328,deoxyadenosine deaminase,Purine metabolism,YNL141W
1000400,r_0329,deoxycytidine deaminase,Pyrimidine metabolism,YLR245C
1000401,r_0330,deoxyguanylate kinase (dGMP:ATP),Purine metabolism,YDR454C
1000402,r_0331,"deoxyhypusine synthase, cytosolic/mitochondrial",Arginine and proline metabolism,YHR068W
1000403,r_0332,deoxyribokinase,Pentose phosphate pathway,YCR036W
1000404,r_0334,dephospho-CoA kinase,Pantothenate and coa biosynthesis,YDR196C
1000405,r_0335,dethiobiotin synthase,Biotin metabolism,YNR057C
1000406,r_0340,dihydroceramidase,Sphingolipid metabolism,YPL087W
1000407,r_0341,dihydroceramidase,Sphingolipid metabolism,YPL087W
1000408,r_0342,dihydroceramidase,Sphingolipid metabolism,YPL087W
1000409,r_0343,dihydroceramidase,Sphingolipid metabolism,YPL087W
1000410,r_0344,dihydrofolate reductase,Folate biosynthesis,YOR236W
1000411,r_0345,dihydrofolate reductase,Folate biosynthesis,YOR236W
1000412,r_0346,dihydrofolate synthase,Folate biosynthesis,YMR113W
1000413,r_0347,dihydroneopterin aldolase,Folate biosynthesis,YNL256W
1000414,r_0348,dihydroneopterin monophosphate dephosphorylase,Folate biosynthesis,YDL100C
1000415,r_0349,dihydroorotase,Pyrimidine metabolism,YLR420W
1000416,r_0350,dihydropteroate synthase,Folate biosynthesis,YNL256W
1000417,r_0351,dihydropteroate synthase,Folate biosynthesis,YNL256W
1000418,r_0352,"dihydroxy-acid dehydratase (2,3-dihydroxy-3-methylbutanoate)","Valine, leucine and isoleucine metabolism",YJR016C
1000419,r_0353,"dihydroxy-acid dehydratase (2,3-dihydroxy-3-methylpentanoate)","Valine, leucine and isoleucine metabolism",YJR016C
1000420,r_0354,dihydroxyacetone kinase,Glycerolipid metabolism,YFL053W or YML070W
1000421,r_0355,dimethylallyltranstransferase,Terpenoid backbone biosynthesis,YJL167W
1000422,r_0356,diphosphoglyceromutase,Glycolysis / gluconeogenesis,YKL152C
1000423,r_0357,"diphosphoinositol-1,3,4,6-tetrakisphosphate diphosphohydrolase",Inositol phosphate metabolism,YOR163W
1000424,r_0358,"diphosphoinositol-1,3,4,6-tetrakisphosphate synthase",Phosphatidylinositol signaling system,YDR017C
1000425,r_0359,diphthine synthase,Cysteine and methionine metabolism,YLR172C
1000426,r_0360,dolichol kinase,N-glycan biosynthesis,YMR013C
1000427,r_0361,dolichyl-phosphate D-mannosyltransferase,N-glycan biosynthesis,YPR183W
1000428,r_0362,dolichyl-phosphate-mannose--protein mannosyltransferase,N-glycan biosynthesis,(YAL023C and YDL095W) or YDL093W or YJR143C or YOR321W
1000429,r_0363,dTMP kinase,Pyrimidine metabolism,YJR057W
1000430,r_0364,dUTP diphosphatase,Pyrimidine metabolism,YJR069C or YBR252W
1000431,r_0365,endopolygalacturonase,Pentose and glucuronate interconversions,YJR153W
1000432,r_0366,enolase,Glycolysis / gluconeogenesis,YPL281C or YGR254W or YHR174W or YMR323W or YOR393W
1000433,r_0368,ethanolamine kinase,Glycerophospholipid metabolism,YDR147W or YLR133W
1000434,r_0369,ethyl acetate-hydrolyzing esterase,Complex alcohol metabolism,YOR126C
1000435,r_0370,"exo-1,3-beta-glucan glucohydrase",Starch and sucrose metabolism,YDR261C or YGR282C or YLR300W or YNR067C or YOR190W
1000436,r_0373,farnesyltranstransferase,Terpenoid backbone biosynthesis,YPL069C
1000437,r_0399,fatty-acid--CoA ligase (decanoate),Fatty acid biosynthesis,YER015W
1000438,r_0400,fatty-acid--CoA ligase (dodecanoate),Fatty acid biosynthesis,YER015W
1000439,r_0402,fatty-acid--CoA ligase (hexadecanoate),Fatty acid biosynthesis,YER015W
1000440,r_0410,fatty-acid--CoA ligase (octanoate),Fatty acid biosynthesis,YER015W
1000441,r_0412,fatty-acid--CoA ligase (tetradecanoate),Fatty acid biosynthesis,YER015W
1000442,r_0436,ferrochelatase,Porphyrin and chlorophyll metabolism,YOR176W
1000443,r_0437,ferrocytochrome-c:hydrogen-peroxide oxidoreductase,Oxidative phosphorylation,(YEL039C and YKR066C) or (YJR048W and YKR066C)
1000444,r_0438,ferrocytochrome-c:oxygen oxidoreductase,Oxidative phosphorylation,(Q0045 and Q0250 and Q0275 and YDL067C and YEL039C and YGL187C and YGL191W and YHR051W and YIL111W and YLR038C and YLR395C and YMR256C) or (Q0045 and Q0250 and Q0275 and YDL067C and YEL039C and YGL187C and YGL191W and YHR051W and YLR038C and YLR395C and YMR256C and YNL052W) or (Q0045 and Q0250 and Q0275 and YDL067C and YGL187C and YGL191W and YHR051W and YIL111W and YJR048W and YLR038C and YLR395C and YMR256C) or (Q0045 and Q0250 and Q0275 and YDL067C and YGL187C and YGL191W and YHR051W and YJR048W and YLR038C and YLR395C and YMR256C and YNL052W) or (Q0045 and Q0250 and Q0275 and YDL067C and YHR116W and YDR231C and YGR062C and YJL003W and YPL132W and YLL018C-A)
1000445,r_0439,ubiquinol:ferricytochrome c reductase,Oxidative phosphorylation,(Q0105 and YBL045C and YDR529C and YEL024W and YEL039C and YFR033C and YGR183C and YHR001W-A and YJL166W and YOR065W and YPR191W) or (Q0105 and YBL045C and YDR529C and YEL024W and YFR033C and YGR183C and YHR001W-A and YJL166W and YJR048W and YOR065W and YPR191W)
1000446,r_0440,FMN adenylyltransferase,Riboflavin metabolism,YDL045C
1000447,r_0441,FMN reductase,Riboflavin metabolism,YLR011W
1000448,r_0442,FMN reductase,Riboflavin metabolism,YLR011W
1000449,r_0443,formaldehyde dehydrogenase,Tyrosine metabolism,YDL168W
1000450,r_0445,formate dehydrogenase,Glyoxylate and dicarboxylate metabolism,YOR388C
1000451,r_0446,formate-tetrahydrofolate ligase,One carbon pool by folate,YGR204W
1000452,r_0447,formate-tetrahydrofolate ligase,One carbon pool by folate,YBR084W
1000453,r_0448,"fructose-2,6-bisphosphate 2-phosphatase",Fructose and mannose metabolism,YLR345W or YJL155C
1000454,r_0449,fructose-bisphosphatase,Glycolysis / gluconeogenesis,YLR377C
1000455,r_0450,fructose-bisphosphate aldolase,Glycolysis / gluconeogenesis,YKL060C
1000456,r_0451,fumarase,Citrate cycle (TCA cycle),YPL262W
1000457,r_0452,"fumarase, cytoplasmic",Citrate cycle (TCA cycle),YPL262W
1000458,r_0453,dihydoorotic acid dehydrogenase,Pyrimidine metabolism,YKL216W
1000459,r_0454,fumarate reductase,Citrate cycle (TCA cycle),YEL047C
1000460,r_0455,soluble fumarate reductase,Cellular response to anaerobic conditions,YEL047C
1000461,r_0457,g-glutamyltransferase,Glutathione metabolism,YLR299W
1000462,r_0458,galactokinase,Galactose metabolism,YBR020W
1000463,r_0459,galactose-1-phosphate uridylyltransferase,Galactose metabolism,YBR018C
1000464,r_0460,gamma-glutamylcysteine synthetase,Glutathione metabolism,YJL101C
1000465,r_0461,geranylgeranyltranstransferase,Ubiquinone and other terpenoid-quinone biosynthesis,
1000466,r_0462,geranyltranstransferase,Terpenoid backbone biosynthesis,YJL167W
1000467,r_0463,"glucan 1,4-alpha-glucosidase",Starch and sucrose metabolism,YPR184W
1000468,r_0464,"glucan 1,4-alpha-glucosidase, vacuole",Starch and sucrose metabolism,YIL099W
1000469,r_0465,glucosamine-6-phosphate deaminase,Amino sugar and nucleotide sugar metabolism,
1000470,r_0466,glucose 6-phosphate dehydrogenase,Pentose phosphate pathway,YNL241C
1000471,r_0467,glucose-6-phosphate isomerase,Glycolysis / gluconeogenesis,YBR196C
1000472,r_0468,glutamate 5-kinase,Arginine and proline metabolism,YDR300C
1000473,r_0469,glutamate decarboxylase,"Alanine, aspartate and glutamate metabolism",YMR250W
1000474,r_0470,glutamate dehydrogenase (NAD),"Alanine, aspartate and glutamate metabolism",YDL215C
1000475,r_0471,glutamate dehydrogenase (NADP),"Alanine, aspartate and glutamate metabolism",YAL062W or YOR375C
1000476,r_0472,glutamate synthase (NADH2),"Alanine, aspartate and glutamate metabolism",YDL171C
1000477,r_0473,glutamate-5-semialdehyde dehydrogenase,Arginine and proline metabolism,YOR323C
1000478,r_0475,glutaminase,"Alanine, aspartate and glutamate metabolism",YFL060C or YNL334C
1000479,r_0476,glutamine synthetase,"Alanine, aspartate and glutamate metabolism",YPR035W
1000480,r_0477,glutamine-fructose-6-phosphate transaminase,"Alanine, aspartate and glutamate metabolism",YKL104C
1000481,r_0478,glutaminyl-tRNA synthetase,tRNA metabolism,YOR168W
1000482,r_0479,glutamyl-tRNA synthetase,tRNA metabolism,YGL245W
1000483,r_0480,glutamyl-tRNA synthetase,tRNA metabolism,YOL033W
1000484,r_0481,glutathione oxidoreductase,Glutathione metabolism,(YCL035C and YPL091W) or (YDR098C and YPL091W) or (YDR513W and YPL091W) or (YER174C and YPL091W)
1000485,r_0482,glutathione oxidoreductase,Glutathione metabolism,YPL059W and YPL091W
1000486,r_0483,glutathione peridoxase,Glutathione metabolism,YNL229C or YBR244W or YCL035C or YDR513W or YIR037W or YKL026C
1000487,r_0484,"glutathione peroxidase, mitochondria",Glutathione metabolism,YPL059W
1000488,r_0485,glutathione synthetase,Glutathione metabolism,YOL049W
1000489,r_0486,glyceraldehyde-3-phosphate dehydrogenase,Glycolysis / gluconeogenesis,YGR192C or YJL052W or YJR009C
1000490,r_0487,glycerol dehydrogenase (NADP-dependent),Glycerolipid metabolism,YOR120W
1000491,r_0488,glycerol kinase,Glycerolipid metabolism,YHL032C
1000492,r_0489,glycerol-3-phosphatase,Glycerolipid metabolism,YER062C or YIL053W
1000493,r_0490,glycerol-3-phosphate dehydrogenase (fad),Glycerophospholipid metabolism,YIL155C
1000494,r_0491,glycerol-3-phosphate dehydrogenase (NAD),Glycerophospholipid metabolism,YDL022W or YOL059W
1000495,r_0492,glycerol-3-phosphate dehydrogenase (NAD),Glycerophospholipid metabolism,YOL059W
1000496,r_0497,glycerophosphodiester phosphodiesterase (glycerophosphocholine),Glycerophospholipid metabolism,YPL110C
1000497,r_0499,glycinamide ribotide transformylase,Purine metabolism,YDR408C
1000498,r_0500,glycine C-acetyltransferase,"Glycine, serine and threonine metabolism",
1000499,r_0501,glycine cleavage system,"Glycine, serine and threonine metabolism",YAL044C and YDR019C and YFL018C and YMR189W
1000500,r_0502,glycine hydroxymethyltransferase,"Glycine, serine and threonine metabolism",YLR058C
1000501,r_0503,glycine hydroxymethyltransferase,"Glycine, serine and threonine metabolism",YBR263W
1000502,r_0504,glycine-cleavage complex (lipoamide),"Glycine, serine and threonine metabolism",YAL044C and YDR019C and YFL018C and YMR189W
1000503,r_0505,glycine-cleavage complex (lipoamide),"Glycine, serine and threonine metabolism",(YAL044C and YDR019C and YFL018C and YMR189W) or (YDR148C and YFL018C and YIL125W)
1000504,r_0506,glycine-cleavage complex (lipoylprotein),"Glycine, serine and threonine metabolism",YAL044C and YDR019C and YFL018C and YMR189W
1000505,r_0507,glycine-cleavage complex (lipoylprotein),"Glycine, serine and threonine metabolism",YAL044C and YDR019C and YFL018C and YMR189W
1000506,r_0508,glycine-cleavage complex (lipoylprotein),"Glycine, serine and threonine metabolism",YAL044C and YDR019C and YFL018C and YMR189W
1000507,r_0509,glycine-cleavage system (lipoamide),"Glycine, serine and threonine metabolism",YAL044C and YDR019C and YFL018C and YMR189W
1000508,r_0510,glycogen (starch) synthase,Starch and sucrose metabolism,(YFR015C and YJL137C) or (YFR015C and YKR058W) or (YJL137C and YLR258W) or (YKR058W and YLR258W)
1000509,r_0511,glycogen phosphorylase,Starch and sucrose metabolism,YPR160W
1000510,r_0512,glycyl-tRNA synthetase,tRNA metabolism,YBR121C or YPR081C
1000511,r_0514,GMP synthase,Purine metabolism,YMR217W
1000512,r_0518,"GPI-anchor assembly, step 2",Glycosylphosphatidylinositol (gpi)-anchor biosynthesis,YMR281W
1000513,r_0519,"GPI-anchor assembly, step 5",Glycosylphosphatidylinositol (gpi)-anchor biosynthesis,YCL052C and YJR013W
1000514,r_0520,"GPI-anchor assembly, step 6",Glycosylphosphatidylinositol (gpi)-anchor biosynthesis,YKL165C
1000515,r_0521,"GPI-anchor assembly, step 7",Glycosylphosphatidylinositol (gpi)-anchor biosynthesis,YBR004C
1000516,r_0522,"GPI-anchor assembly, step 8",Glycosylphosphatidylinositol (gpi)-anchor biosynthesis,YGL142C
1000517,r_0523,"GPI-anchor assembly, step 9",Glycosylphosphatidylinositol (gpi)-anchor biosynthesis,YDR302W or YLL031C
1000518,r_0524,GTP cyclohydrolase I,Folate biosynthesis,YGR267C
1000519,r_0525,GTP cyclohydrolase II,Riboflavin metabolism,YBL033C
1000520,r_0526,guanine deaminase,Purine metabolism,YDL238C
1000521,r_0527,guanine phosphoribosyltransferase,Purine metabolism,YDR399W
1000522,r_0528,guanylate kinase,Purine metabolism,YDR454C
1000523,r_0529,guanylate kinase (GMP:dATP),Purine metabolism,YDR454C
1000524,r_0530,heme O monooxygenase,Porphyrin and chlorophyll metabolism,YER141W or (YDR376W and YPL252C)
1000525,r_0531,Heme O synthase,Porphyrin and chlorophyll metabolism,YPL172C
1000526,r_0532,hexaprenyldihydroxybenzoate methyltransferase,Ubiquinone and other terpenoid-quinone biosynthesis,YDR204W and YGR255C and YLR201C and YML110C and YOL096C and YOR125C
1000527,r_0533,hexokinase (D-fructose:ATP),Glycolysis / gluconeogenesis,YLR446W or YFR053C or YGL253W
1000528,r_0534,hexokinase (D-glucose:ATP),Glycolysis / gluconeogenesis,YLR446W or YCL040W or YFR053C or YGL253W or YDR516C
1000529,r_0535,hexokinase (D-mannose:ATP),Glycolysis / gluconeogenesis,YLR446W or YFR053C or YGL253W
1000530,r_0536,histidinol dehydrogenase,Histidine metabolism,YCL030C
1000531,r_0537,histidinol-phosphatase,Histidine metabolism,YFR025C
1000532,r_0538,histidinol-phosphate transaminase,Histidine metabolism,YIL116W
1000533,r_0539,histidyl-tRNA synthetase,tRNA metabolism,YPR033C
1000534,r_0540,histidyl-tRNA synthetase,tRNA metabolism,YPR033C
1000535,r_0541,hnRNP arginine N-methyltransferase,Histidine metabolism,YBR034C
1000536,r_0542,homoacontinate hydratase,Lysine metabolism,YJL200C or YDR234W
1000537,r_0543,homocitrate synthase,Pyruvate metabolism,YDL131W or YDL182W
1000538,r_0544,homocysteine S-methyltransferase,Cysteine and methionine metabolism,YLL062C or YPL273W
1000539,r_0545,homoisocitrate dehydrogenase,Lysine metabolism,YIL094C
1000540,r_0546,homoserine dehydrogenase (NADH),"Glycine, serine and threonine metabolism",YJR139C
1000541,r_0547,homoserine dehydrogenase (NADP),"Glycine, serine and threonine metabolism",YJR139C
1000542,r_0548,homoserine kinase,"Glycine, serine and threonine metabolism",YHR025W
1000543,r_0549,homoserine O-trans-acetylase,Cysteine and methionine metabolism,YNL277W
1000544,r_0550,hydrogen peroxide reductase (thioredoxin),Glutathione metabolism,(YDR453C and YGR209C) or (YDR453C and YLR043C)
1000545,r_0551,hydrogen peroxide reductase (thioredoxin),Glutathione metabolism,YBL064C and YCR083W
1000546,r_0552,hydrogen peroxide reductase (thioredoxin),Glutathione metabolism,(YGR209C and YLR109W) or (YLR043C and YLR109W)
1000547,r_0553,hydroxyacylglutathione hydrolase,Pyruvate metabolism,YDR272W
1000548,r_0554,hydroxyacylglutathione hydrolase,Pyruvate metabolism,YOR040W
1000549,r_0555,hydroxybenzoate octaprenyltransferase,Ubiquinone and other terpenoid-quinone biosynthesis,YNR041C
1000550,r_0556,hydroxyethylthiazole kinase,Thiamine metabolism,YPL214C
1000551,r_0557,hydroxymethylbilane synthase,Porphyrin and chlorophyll metabolism,YDL205C
1000552,r_0558,hydroxymethylglutaryl CoA reductase,Terpenoid backbone biosynthesis,YLR450W or YML075C
1000553,r_0560,hydroxymethylglutaryl CoA synthase,Terpenoid backbone biosynthesis,YML126C
1000554,r_0561,hydroxymethylpyrimidine kinase (ATP),Thiamine metabolism,YOL055C or YPL258C or YPR121W
1000555,r_0562,hypoxanthine phosphoribosyltransferase (Hypoxanthine),Purine metabolism,YDR399W
1000556,r_0563,Imidazole-glycerol-3-phosphate synthase,Histidine metabolism,YBR248C
1000557,r_0564,imidazoleglycerol-phosphate dehydratase,Histidine metabolism,YOR202W
1000558,r_0565,IMP dehydrogenase,Purine metabolism,YHR216W or YLR432W or YML056C
1000559,r_0566,indole-3-glycerol-phosphate synthase,"Phenylalanine, tyrosine and tryptophan biosynthesis",YKL211C
1000560,r_0567,indole-3-pyruvate decarboxylase,Tryptophan metabolism,YGR087C or YLR044C or YLR134W
1000561,r_0568,inorganic diphosphatase,Oxidative phosphorylation,YBR011C
1000562,r_0569,inorganic diphosphatase,Oxidative phosphorylation,YMR267W
1000563,r_0570,inosine monophosphate cyclohydrolase,Purine metabolism,YLR028C or YMR120C
1000564,r_0571,"inositol-1,3,4,5,6-pentakisphosphate 2-kinase",Inositol phosphate metabolism,YDR315C
1000565,r_0572,"inositol-1,3,4,5-triphosphate 6-kinase, nucleus",Inositol phosphate metabolism,YDR173C
1000566,r_0573,"inositol-1,4,5,6- tetrakisphosphate 3-kinase, nucleus",Inositol phosphate metabolism,YDR173C
1000567,r_0574,"inositol-1,4,5-triphosphate 6-kinase, nucleus",Inositol phosphate metabolism,YDR173C
1000568,r_0575,"inositol-1,4,5-trisphosphate 3-kinase, nucleus",Inositol phosphate metabolism,YDR173C
1000569,r_0596,IPS phospholipase C,Sphingolipid metabolism,YER019W
1000570,r_0597,IPS phospholipase C,Sphingolipid metabolism,YER019W
1000571,r_0598,IPS phospholipase C,Sphingolipid metabolism,YER019W
1000572,r_0599,IPS phospholipase C,Sphingolipid metabolism,YER019W
1000573,r_0600,IPS phospholipase C,Sphingolipid metabolism,YER019W
1000574,r_0601,IPS phospholipase C,Sphingolipid metabolism,YER019W
1000575,r_0602,IPS phospholipase C,Sphingolipid metabolism,YER019W
1000576,r_0603,IPS phospholipase C,Sphingolipid metabolism,YER019W
1000577,r_0604,IPS phospholipase C,Sphingolipid metabolism,YER019W
1000578,r_0605,IPS phospholipase C,Sphingolipid metabolism,YER019W
1000579,r_0606,IPS phospholipase C,Sphingolipid metabolism,YER019W
1000580,r_0607,IPS phospholipase C,Sphingolipid metabolism,YER019W
1000581,r_0608,IPS phospholipase C,Sphingolipid metabolism,YER019W
1000582,r_0609,IPS phospholipase C,Sphingolipid metabolism,YER019W
1000583,r_0610,IPS phospholipase C,Sphingolipid metabolism,YER019W
1000584,r_0611,IPS phospholipase C,Sphingolipid metabolism,YER019W
1000585,r_0612,IPS phospholipase C,Sphingolipid metabolism,YER019W
1000586,r_0613,IPS phospholipase C,Sphingolipid metabolism,YER019W
1000587,r_0614,IPS phospholipase C,Sphingolipid metabolism,YER019W
1000588,r_0615,IPS phospholipase C,Sphingolipid metabolism,YER019W
1000589,r_0616,IPS phospholipase C,Sphingolipid metabolism,YER019W
1000590,r_0617,IPS phospholipase C,Sphingolipid metabolism,YER019W
1000591,r_0618,IPS phospholipase C,Sphingolipid metabolism,YER019W
1000592,r_0619,IPS phospholipase C,Sphingolipid metabolism,YER019W
1000593,r_0620,IPS phospholipase C,Sphingolipid metabolism,YER019W
1000594,r_0621,IPS phospholipase C,Sphingolipid metabolism,YER019W
1000595,r_0622,IPS phospholipase C,Sphingolipid metabolism,YER019W
1000596,r_0623,IPS phospholipase C,Sphingolipid metabolism,YER019W
1000597,r_0624,IPS phospholipase C,Sphingolipid metabolism,YER019W
1000598,r_0625,IPS phospholipase C,Sphingolipid metabolism,YER019W
1000599,r_0626,IPS phospholipase C,Sphingolipid metabolism,YER019W
1000600,r_0627,IPS phospholipase C,Sphingolipid metabolism,YER019W
1000601,r_0628,IPS phospholipase C,Sphingolipid metabolism,YER019W
1000602,r_0629,IPS phospholipase C,Sphingolipid metabolism,YER019W
1000603,r_0630,IPS phospholipase C,Sphingolipid metabolism,YER019W
1000604,r_0631,IPS phospholipase C,Sphingolipid metabolism,YER019W
1000605,r_0632,IPS phospholipase C,Sphingolipid metabolism,YER019W
1000606,r_0633,IPS phospholipase C,Sphingolipid metabolism,YER019W
1000607,r_0634,IPS phospholipase C,Sphingolipid metabolism,YER019W
1000608,r_0635,IPS phospholipase C,Sphingolipid metabolism,YER019W
1000609,r_0636,IPS phospholipase C,Sphingolipid metabolism,YER019W
1000610,r_0637,IPS phospholipase C,Sphingolipid metabolism,YER019W
1000611,r_0638,IPS phospholipase C,Sphingolipid metabolism,YER019W
1000612,r_0639,IPS phospholipase C,Sphingolipid metabolism,YER019W
1000613,r_0640,IPS phospholipase C,Sphingolipid metabolism,YER019W
1000614,r_0641,IPS phospholipase C,Sphingolipid metabolism,YER019W
1000615,r_0642,IPS phospholipase C,Sphingolipid metabolism,YER019W
1000616,r_0643,IPS phospholipase C,Sphingolipid metabolism,YER019W
1000617,r_0644,IPS phospholipase C,Sphingolipid metabolism,YER019W
1000618,r_0645,IPS phospholipase C,Sphingolipid metabolism,YER019W
1000619,r_0646,IPS phospholipase C,Sphingolipid metabolism,YER019W
1000620,r_0647,IPS phospholipase C,Sphingolipid metabolism,YER019W
1000621,r_0648,IPS phospholipase C,Sphingolipid metabolism,YER019W
1000622,r_0649,IPS phospholipase C,Sphingolipid metabolism,YER019W
1000623,r_0650,IPS phospholipase C,Sphingolipid metabolism,YER019W
1000624,r_0651,IPS phospholipase C,Sphingolipid metabolism,YER019W
1000625,r_0652,IPS phospholipase C,Sphingolipid metabolism,YER019W
1000626,r_0653,IPS phospholipase C,Sphingolipid metabolism,YER019W
1000627,r_0654,IPS phospholipase C,Sphingolipid metabolism,YER019W
1000628,r_0655,IPS phospholipase C,Sphingolipid metabolism,YER019W
1000629,r_0656,isoamyl acetate-hydrolyzing esterase,Complex alcohol metabolism,YOR126C
1000630,r_0657,isobutyl acetate-hydrolyzing esterase,Complex alcohol metabolism,YOR126C
1000631,r_0658,isocitrate dehydrogenase (NAD+),Citrate cycle (TCA cycle),YNL037C and YOR136W
1000632,r_0659,isocitrate dehydrogenase (NADP),Citrate cycle (TCA cycle),YLR174W
1000633,r_0661,"isocitrate dehydrogenase (NADP+), peroxisomal",Citrate cycle (TCA cycle),YNL009W
1000634,r_0662,isocitrate lyase,Glyoxylate and dicarboxylate metabolism,YER065C
1000635,r_0663,isoleucine transaminase,"Valine, leucine and isoleucine metabolism",YJR148W
1000636,r_0664,isoleucine transaminase,"Valine, leucine and isoleucine metabolism",YHR208W
1000637,r_0665,isoleucyl-tRNA synthetase,tRNA metabolism,YBL076C
1000638,r_0666,isoleucyl-tRNA synthetase,tRNA metabolism,YPL040C
1000639,r_0667,isopentenyl-diphosphate D-isomerase,Terpenoid backbone biosynthesis,YPL117C
1000640,r_0668,itaconate-CoA ligase (ADP-forming),C5-branched dibasic acid metabolism,YGR244C and YOR142W
1000641,r_0669,ketol-acid reductoisomerase (2-aceto-2-hydroxybutanoate),"Valine, leucine and isoleucine metabolism",YLR355C
1000642,r_0670,kynureninase,Tryptophan metabolism,YLR231C
1000643,r_0671,kynurenine 3-monooxygenase,Tryptophan metabolism,YBL098W
1000644,r_0672,L-1-pyrroline-3-hydroxy-5-carboxylate dehydrogenase,Arginine and proline metabolism,YHR037W
1000645,r_0673,L-4-hydroxyglutamate semialdehyde dehydrogenase,Arginine and proline metabolism,YHR037W
1000646,r_0674,L-alanine transaminase,"Alanine, aspartate and glutamate metabolism",YLR089C
1000647,r_0675,L-allo-threonine aldolase,"Glycine, serine and threonine metabolism",YEL046C
1000648,r_0676,L-allo-threonine dehydrogenase,"Glycine, serine and threonine metabolism",YMR226C
1000649,r_0678,L-aminoadipate-semialdehyde dehydrogenase (NADPH),Lysine metabolism,YBR115C and YGL154C
1000650,r_0679,L-asparaginase,"Alanine, aspartate and glutamate metabolism",YDR321W
1000651,r_0680,L-asparaginase,"Alanine, aspartate and glutamate metabolism",YLR155C or YLR157C or YLR158C or YLR160C
1000652,r_0681,L-erythro-4-hydroxyglutamate:2-oxoglutarate aminotransferase,Arginine and proline metabolism,YLR027C
1000653,r_0682,L-erythro-4-hydroxyglutamate:2-oxoglutarate aminotransferase,Arginine and proline metabolism,YKL106W
1000654,r_0683,L-erythro-4-hydroxyglutamate:2-oxoglutarate aminotransferase,Arginine and proline metabolism,YLR027C
1000655,r_0687,L-hydroxyproline reductase (NADP),Arginine and proline metabolism,YER023W
1000656,r_0688,L-lactaldehyde:NADP+ 1-oxidoreductase,Pyruvate metabolism,YHR104W or YOL151W
1000657,r_0689,L-serine deaminase,"Glycine, serine and threonine metabolism",YCL064C
1000658,r_0690,L-serine dehydrogenase,"Glycine, serine and threonine metabolism",YMR226C
1000659,r_0691,L-sorbitol dehydrogenase (L-sorbose-producing),Fructose and mannose metabolism,YJR159W
1000660,r_0692,L-threonine deaminase,"Glycine, serine and threonine metabolism",YCL064C
1000661,r_0693,L-threonine deaminase,"Glycine, serine and threonine metabolism",YER086W
1000662,r_0694,"L-tryptophan:oxygen 2,3-oxidoreductase (decyclizing)",Tryptophan metabolism,YJR078W
1000663,r_0695,L-tyrosine N-formyltransferase,Tryptophan metabolism,YDR403W
1000664,r_0696,lactaldehyde dehydrogenase,Pyruvate metabolism,YOL151W
1000665,r_0697,lactoylglutathione lyase,Pyruvate metabolism,YML004C
1000666,r_0698,lanosterol synthase,Steroid biosynthesis,YHR072W
1000667,r_0699,leucine transaminase,"Valine, leucine and isoleucine metabolism",YJR148W
1000668,r_0700,leucine transaminase,"Valine, leucine and isoleucine metabolism",YHR208W
1000669,r_0701,leucyl-tRNA synthetase,tRNA metabolism,YPL160W
1000670,r_0702,leucyl-tRNA synthetase,tRNA metabolism,YLR382C
1000671,r_0703,leukotriene A4 hydrolase,Arachidonic acid metabolism,YNL045W
1000672,r_0704,leukotriene A4 hydrolase,Arachidonic acid metabolism,YNL045W
1000673,r_0705,leukotriene A4 hydrolase,Arachidonic acid metabolism,YNL045W
1000674,r_0706,leukotriene A4 hydrolase,Arachidonic acid metabolism,YNL045W
1000675,r_0707,leukotriene A4 hydrolase,Arachidonic acid metabolism,YNL045W
1000676,r_0708,leukotriene A4 hydrolase,Arachidonic acid metabolism,YNL045W
1000677,r_0711,lysyl-tRNA synthetase,tRNA metabolism,YDR037W
1000678,r_0712,lysyl-tRNA synthetase,tRNA metabolism,YNL073W
1000679,r_0713,malate dehydrogenase,Citrate cycle (TCA cycle),YKL085W
1000680,r_0714,"malate dehydrogenase, cytoplasmic",Citrate cycle (TCA cycle),YOL126C
1000681,r_0715,"malate dehydrogenase, peroxisomal",Citrate cycle (TCA cycle),YDL078C
1000682,r_0716,malate synthase,Pyruvate metabolism,YIR031C or YNL117W
1000683,r_0717,malate synthase,Pyruvate metabolism,YNL117W
1000684,r_0718,malic enzyme (NAD),Pyruvate metabolism,YKL029C
1000685,r_0719,malic enzyme (NADP),Pyruvate metabolism,YKL029C
1000686,r_0721,malonyl-CoA-ACP transacylase,Fatty acid biosynthesis,YKL192C and YOR221C
1000687,r_0722,mannose-1-phosphate guanylyltransferase,Fructose and mannose metabolism,YDL055C
1000688,r_0723,mannose-6-phosphate isomerase,Fructose and mannose metabolism,YER003C
1000689,r_0724,methenyltetrahydrifikate cyclohydrolase,One carbon pool by folate,YBR084W
1000690,r_0725,methenyltetrahydrofolate cyclohydrolase,One carbon pool by folate,YGR204W
1000691,r_0726,methionine adenosyltransferase,Cysteine and methionine metabolism,YDR502C or YLR180W
1000692,r_0727,methionine synthase,Cysteine and methionine metabolism,YER091C
1000693,r_0728,methionyl-tRNA formyltransferase,tRNA metabolism,YBL013W
1000694,r_0729,methionyl-tRNA synthetase,tRNA metabolism,YGR264C
1000695,r_0730,methionyl-tRNA synthetase,tRNA metabolism,YGR171C
1000696,r_0731,methylenetetrahydrofolate dehydrogenase (NAD),One carbon pool by folate,YKR080W
1000697,r_0732,methylenetetrahydrofolate dehydrogenase (NADP),One carbon pool by folate,YGR204W
1000698,r_0733,methylenetetrahydrofolate dehydrogenase (NADP),One carbon pool by folate,YBR084W
1000699,r_0734,methylisocitrate lyase,Propanoate metabolism,YPR006C
1000700,r_0735,mevalonate kinase (atp),Terpenoid backbone biosynthesis,YMR208W
1000701,r_0736,mevalonate kinase (ctp),Terpenoid backbone biosynthesis,YMR208W
1000702,r_0737,mevalonate kinase (gtp),Terpenoid backbone biosynthesis,YMR208W
1000703,r_0738,mevalonate kinase (UTP),Terpenoid backbone biosynthesis,YMR208W
1000704,r_0739,mevalonate pyrophoshate decarboxylase,Terpenoid backbone biosynthesis,YNR043W
1000705,r_0747,MIPC synthase,Sphingoglycolipid metabolism,(YBR036C and YBR161W) or (YBR036C and YPL057C)
1000706,r_0748,MIPC synthase,Sphingoglycolipid metabolism,(YBR036C and YBR161W) or (YBR036C and YPL057C)
1000707,r_0749,MIPC synthase,Sphingoglycolipid metabolism,(YBR036C and YBR161W) or (YBR036C and YPL057C)
1000708,r_0750,MIPC synthase,Sphingoglycolipid metabolism,(YBR036C and YBR161W) or (YBR036C and YPL057C)
1000709,r_0751,MIPC synthase,Sphingoglycolipid metabolism,(YBR036C and YBR161W) or (YBR036C and YPL057C)
1000710,r_0752,MIPC synthase,Sphingoglycolipid metabolism,(YBR036C and YBR161W) or (YBR036C and YPL057C)
1000711,r_0753,MIPC synthase,Sphingoglycolipid metabolism,(YBR036C and YBR161W) or (YBR036C and YPL057C)
1000712,r_0754,MIPC synthase,Sphingoglycolipid metabolism,(YBR036C and YBR161W) or (YBR036C and YPL057C)
1000713,r_0755,MIPC synthase,Sphingoglycolipid metabolism,(YBR036C and YBR161W) or (YBR036C and YPL057C)
1000714,r_0756,MIPC synthase,Sphingoglycolipid metabolism,(YBR036C and YBR161W) or (YBR036C and YPL057C)
1000715,r_0757,myo-inositol 1-phosphatase,Inositol phosphate metabolism,YDR287W or YHR046C
1000716,r_0758,myo-inositol-1-phosphate synthase,Inositol phosphate metabolism,YJL153C
1000717,r_0759,N-acetyl-g-glutamyl-phosphate reductase,Arginine biosynthesis,YER069W
1000718,r_0760,N-acetylglucosamine-6-phosphate synthase,Amino sugar and nucleotide sugar metabolism,YFL017C
1000719,r_0761,N-acteylglutamate synthase,Arginine biosynthesis,YJL071W or YMR062C
1000720,r_0762,N-formyl-L-kynurenine amidohydrolase,Tryptophan metabolism,YDR428C
1000721,r_0763,N-formyltyrosine oxidase,Tryptophan metabolism,YDR402C and YDR403W
1000722,r_0764,NAD diphosphatase,Nicotinate and nicotinamide metabolism,YGL067W
1000723,r_0765,NAD kinase,Nicotinate and nicotinamide metabolism,YEL041W or YJR049C
1000724,r_0766,NAD kinase,Nicotinate and nicotinamide metabolism,YEL041W or YJR049C or YPL188W
1000725,r_0767,NAD nucleosidase nuclear,Nicotinate and nicotinamide metabolism,YDL042C or YDR191W or YOL068C or YOR025W or YPL015C
1000726,r_0768,NAD synthase,Nicotinate and nicotinamide metabolism,YHR074W
1000727,r_0769,NAD synthase,Nicotinate and nicotinamide metabolism,YHR074W
1000728,r_0770,"NADH dehydrogenase, cytosolic/mitochondrial",Oxidative phosphorylation,YDL085W or YMR145C
1000729,r_0771,NADH kinase,Nicotinate and nicotinamide metabolism,YEL041W or YJR049C
1000730,r_0772,NADH kinase mitochondrial,Nicotinate and nicotinamide metabolism,YEL041W or YJR049C or YPL188W
1000731,r_0773,NADH:ubiquinone oxidoreductase,Oxidative phosphorylation,YML120C
1000732,r_0774,NAPRtase,Nicotinate and nicotinamide metabolism,YOR209C
1000733,r_0775,NAPRtase,Nicotinate and nicotinamide metabolism,YOR209C
1000734,r_0781,nicotinamidase,Nicotinate and nicotinamide metabolism,YGL037C
1000735,r_0782,nicotinamide N-methyltransferase,Nicotinate and nicotinamide metabolism,YLR285W
1000736,r_0783,nicotinamide-nucleotide adenylyltransferase,Nicotinate and nicotinamide metabolism,YCL047C or YLR328W
1000737,r_0784,nicotinamide-nucleotide adenylyltransferase,Nicotinate and nicotinamide metabolism,YGR010W or YLR328W
1000738,r_0785,nicotinate-nucleotide adenylyltransferase,Nicotinate and nicotinamide metabolism,YGR010W or YLR328W
1000739,r_0786,nicotinate-nucleotide diphosphorylase (carboxylating),Nicotinate and nicotinamide metabolism,YFR047C
1000740,r_0787,nicotinate-nucleotide diphosphorylase (carboxylating),Nicotinate and nicotinamide metabolism,YFR047C
1000741,r_0788,nucleoside diphosphatase,Purine metabolism,YER005W
1000742,r_0789,nucleoside diphosphatase,Purine metabolism,YER005W
1000743,r_0790,nucleoside diphosphatase,Pyrimidine metabolism,YER005W
1000744,r_0791,nucleoside diphosphatase,Pyrimidine metabolism,YEL042W
1000745,r_0792,nucleoside diphosphatase,Pyrimidine metabolism,YER005W
1000746,r_0793,nucleoside diphosphatase,Purine metabolism,YER005W
1000747,r_0795,nucleoside diphosphate kinase,Pyrimidine metabolism,YKL067W
1000748,r_0796,nucleoside diphosphate kinase,Purine metabolism,YKL067W
1000749,r_0797,nucleoside diphosphate kinase,Pyrimidine metabolism,YKL067W
1000750,r_0798,nucleoside diphosphate kinase,Purine metabolism,YKL067W
1000751,r_0799,nucleoside diphosphate kinase,Pyrimidine metabolism,YKL067W
1000752,r_0800,nucleoside diphosphate kinase,Purine metabolism,YKL067W
1000753,r_0801,nucleoside diphosphate kinase,Purine metabolism,YKL067W
1000754,r_0802,nucleoside diphosphate kinase,Purine metabolism,YKL067W
1000755,r_0803,nucleoside diphosphate kinase,Pyrimidine metabolism,YKL067W
1000756,r_0804,nucleoside triphosphatase,Purine metabolism,YAL035W or YLL001W or YER005W
1000757,r_0805,nucleoside triphosphatase,Pyrimidine metabolism,YER005W
1000758,r_0806,nucleoside triphosphatase,Pyrimidine metabolism,YER005W
1000759,r_0807,nucleoside triphosphatase,Purine metabolism,YER005W
1000760,r_0810,"nucleoside-diphosphatase (GDP), Golgi",Purine metabolism,YEL042W
1000761,r_0811,nucleoside-diphosphate kinase (ATP:UDP),Pyrimidine metabolism,YKL067W
1000762,r_0812,O-acetylhomoserine (thiol)-lyase,Cysteine and methionine metabolism,YLR303W
1000763,r_0813,O-acetylhomoserine (thiol)-lyase,Cysteine and methionine metabolism,YLR303W
1000764,r_0815,O-succinylhomoserine lyase (L-cysteine),Cysteine and methionine metabolism,YLL058W or YML082W or YAL012W
1000765,r_0816,ornithine carbamoyltransferase,Arginine biosynthesis,YJL088W
1000766,r_0817,ornithine decarboxylase,Arginine and proline metabolism,YKL184W
1000767,r_0818,ornithine transacetylase,Arginine biosynthesis,YMR062C
1000768,r_0819,ornithine transaminase,Arginine and proline metabolism,YLR438W
1000769,r_0820,orotate phosphoribosyltransferase,Pyrimidine metabolism,YML106W or YMR271C
1000770,r_0821,orotidine-5'-phosphate decarboxylase,Pyrimidine metabolism,YEL021W
1000771,r_0831,oxoglutarate dehydrogenase (dihydrolipoamide S-succinyltransferase),Citrate cycle (TCA cycle),(YDR148C and YFL018C and YIL125W and YFR049W) or (YDR148C and YFL018C and YIL125W)
1000772,r_0832,oxoglutarate dehydrogenase (lipoamide),Citrate cycle (TCA cycle),(YDR148C and YFL018C and YIL125W and YFR049W) or (YDR148C and YFL018C and YIL125W)
1000773,r_0841,pantetheine-phosphate adenylyltransferase,Pantothenate and coa biosynthesis,YGR277C
1000774,r_0842,pantothenate kinase,Pantothenate and coa biosynthesis,YDR531W
1000775,r_0843,pantothenate synthase,Pantothenate and coa biosynthesis,YIL145C
1000776,r_0844,peroxisomal acyl-CoA thioesterase,Biosynthesis of unsaturated fatty acids,YJR019C
1000777,r_0845,peroxisomal acyl-CoA thioesterase,Biosynthesis of unsaturated fatty acids,YJR019C
1000778,r_0847,peroxisomal acyl-CoA thioesterase,Biosynthesis of unsaturated fatty acids,YJR019C
1000779,r_0848,peroxisomal acyl-CoA thioesterase,Biosynthesis of unsaturated fatty acids,YJR019C
1000780,r_0849,peroxisomal acyl-CoA thioesterase,Biosynthesis of unsaturated fatty acids,YJR019C
1000781,r_0850,peroxisomal acyl-CoA thioesterase,Biosynthesis of unsaturated fatty acids,YJR019C
1000782,r_0851,phenylalanine transaminase,"Phenylalanine, tyrosine and tryptophan biosynthesis",YGL202W
1000783,r_0852,phenylalanyl-tRNA synthetase,tRNA metabolism,YFL022C and YLR060W
1000784,r_0853,phenylalanyl-tRNA synthetase,tRNA metabolism,YPR047W
1000785,r_0854,phenylpyruvate decarboxylase,Phenylalanine metabolism,YDR380W
1000786,r_0855,phopshoribosylaminoimidazole synthetase,Purine metabolism,YGL234W
1000787,r_0882,phosphoacetylglucosamine mutase,Amino sugar and nucleotide sugar metabolism,YEL058W
1000788,r_0883,phosphoadenylyl-sulfate reductase (thioredoxin),Sulfur metabolism,(YGR209C and YPR167C) or (YLR043C and YPR167C)
1000789,r_0884,phosphoenolpyruvate carboxykinase,Glycolysis / gluconeogenesis,YKR097W
1000790,r_0885,phosphoethanolamine cytidyltransferase,Glycerophospholipid metabolism,YGR007W
1000791,r_0886,phosphofructokinase,Glycolysis / gluconeogenesis,YGR240C and YMR205C
1000792,r_0887,phosphofructokinase (s7p),Glycolysis / gluconeogenesis,YGR240C and YMR205C
1000793,r_0888,phosphoglucomutase,Pentose phosphate pathway,YMR105C or YKL127W
1000794,r_0889,phosphogluconate dehydrogenase,Pentose phosphate pathway,YGR256W or YHR183W
1000795,r_0890,phosphoglucosamine mutase,Amino sugar and nucleotide sugar metabolism,YEL058W
1000796,r_0891,phosphoglycerate dehydrogenase,"Glycine, serine and threonine metabolism",YER081W or YIL074C
1000797,r_0892,phosphoglycerate kinase,Glycolysis / gluconeogenesis,YCR012W
1000798,r_0893,phosphoglycerate mutase,Glycolysis / gluconeogenesis,YOR283W or YKL152C
1000799,r_0902,phosphomannomutase,Fructose and mannose metabolism,YFL045C
1000800,r_0903,phosphomethylpyrimidine kinase,Thiamine metabolism,YOL055C or YPL258C or YPR121W
1000801,r_0904,phosphomevalonate kinase,Terpenoid backbone biosynthesis,YMR220W
1000802,r_0905,phosphopantothenate-cysteine ligase,Pantothenate and coa biosynthesis,YIL083C
1000803,r_0906,phosphopantothenoylcysteine decarboxylase,Pantothenate and coa biosynthesis,YKL088W and YKR072C and YOR054C
1000804,r_0907,phosphopentomutase,Pentose phosphate pathway,YKL127W or YMR105C or YMR278W
1000805,r_0908,phosphoribosyl amino imidazolesuccinocarbozamide synthetase,Purine metabolism,YAR015W
1000806,r_0909,phosphoribosyl-AMP cyclohydrolase,Histidine metabolism,YCL030C
1000807,r_0910,phosphoribosyl-ATP pyrophosphatase,Histidine metabolism,YCL030C
1000808,r_0911,phosphoribosylaminoimidazole-carboxylase,Purine metabolism,YOR128C
1000809,r_0912,phosphoribosylaminoimidazolecarboxamide formyltransferase,Purine metabolism,YLR028C or YMR120C
1000810,r_0913,phosphoribosylanthranilate isomerase,"Phenylalanine, tyrosine and tryptophan biosynthesis",YDR007W
1000811,r_0914,phosphoribosylglycinamidine synthetase,Purine metabolism,YGL234W
1000812,r_0915,phosphoribosylpyrophosphate amidotransferase,Purine metabolism,YMR300C
1000813,r_0916,phosphoribosylpyrophosphate synthetase,Pentose phosphate pathway,(YKL181W and YER099C) or (YKL181W and YHL011C) or (YKL181W and YBL068W) or (YER099C and YOL061W) or (YBL068W and YOL061W)
1000814,r_0917,phosphoserine phosphatase (L-serine),"Glycine, serine and threonine metabolism",YGR208W
1000815,r_0918,phosphoserine transaminase,"Glycine, serine and threonine metabolism",YOR184W
1000816,r_0919,phytoceramidase,Sphingolipid metabolism,YBR183W
1000817,r_0920,phytoceramidase,Tryptophan metabolism,YDR402C
1000818,r_0921,Phytosphingosine phosphate lyase,Sphingolipid metabolism,YDR294C
1000819,r_0922,phytosphingosine synthesis,Sphingolipid metabolism,YDR297W
1000820,r_0929,polyamine oxidase,Arginine and proline metabolism,YMR020W
1000821,r_0935,porphobilinogen synthase,Porphyrin and chlorophyll metabolism,YGL040C
1000822,r_0936,poylamine oxidase,Arginine and proline metabolism,YMR020W
1000823,r_0937,poylamine oxidase,Arginine and proline metabolism,YMR020W
1000824,r_0938,prephenate dehydratase,"Phenylalanine, tyrosine and tryptophan biosynthesis",YNL316C
1000825,r_0939,prephenate dehydrogenase (NADP),"Phenylalanine, tyrosine and tryptophan biosynthesis",YBR166C
1000826,r_0940,proline oxidase (NAD),Arginine and proline metabolism,YLR142W
1000827,r_0941,prolyl-tRNA synthetase,tRNA metabolism,YHR020W
1000828,r_0942,protoporphyrinogen oxidase,Porphyrin and chlorophyll metabolism,YER014W
1000829,r_0943,purine-nucleoside phosphorylase,Nicotinate and nicotinamide metabolism,YLR209C
1000830,r_0949,guanosine phosphorylase,Purine metabolism,YLR209C
1000831,r_0950,guanosine phosphorylase,Purine metabolism,YLR209C
1000832,r_0951,inosine phosphorylase,Purine metabolism,YLR209C
1000833,r_0953,pyridoxal oxidase,Vitamin b6 metabolism,YBR035C
1000834,r_0954,pyridoxamine 5'-phosphate oxidase,Vitamin b6 metabolism,YBR035C
1000835,r_0955,pyridoxine 5'-phosphate oxidase,Vitamin b6 metabolism,YBR035C
1000836,r_0956,pyridoxine oxidase,Vitamin b6 metabolism,YBR035C
1000837,r_0957,pyrroline-5-carboxylate reductase,Arginine and proline metabolism,YER023W
1000838,r_0958,pyruvate carboxylase,Pyruvate metabolism,YBR218C or YGL062W
1000839,r_0959,pyruvate decarboxylase,Glycolysis / gluconeogenesis,YGR087C or YLR044C or YLR134W
1000840,r_0960,pyruvate decarboxylase (acetoin-forming),Glycolysis / gluconeogenesis,YGR087C or YLR044C or YLR134W
1000841,r_0961,pyruvate dehydrogenase,Glycolysis / gluconeogenesis,YBR221C and YER178W and YFL018C and YGR193C and YNL071W
1000842,r_0962,pyruvate kinase,Glycolysis / gluconeogenesis,YAL038W or YOR347C
1000843,r_0963,quinone oxidoreductase,Ubiquinone and other terpenoid-quinone biosynthesis,YDR204W and YGR255C and YLR201C and YML110C and YOL096C and YOR125C
1000844,r_0964,reduced glutathione via ABC system,"Transport [c, v]",YDR135C
1000845,r_0965,riboflavin kinase,Riboflavin metabolism,YDR236C
1000846,r_0966,riboflavin kinase,Riboflavin metabolism,YDR236C
1000847,r_0967,riboflavin synthase,Riboflavin metabolism,YOL143C
1000848,r_0968,riboflavin synthase,Riboflavin metabolism,YBR256C
1000849,r_0969,ribokinase,Pentose phosphate pathway,YCR036W
1000850,r_0970,ribonucleoside-triphosphate reductase (ATP),Purine metabolism,YGR209C
1000851,r_0971,ribonucleoside-triphosphate reductase (CTP),Pyrimidine metabolism,YGR209C
1000852,r_0972,ribonucleoside-triphosphate reductase (GTP),Purine metabolism,YGR209C
1000853,r_0973,ribonucleoside-triphosphate reductase (UTP),Pyrimidine metabolism,YGR209C
1000854,r_0974,ribonucleotide reductase,Purine metabolism,YER070W or YGR180C or YIL066C or YJL026W
1000855,r_0975,ribonucleotide reductase,Purine metabolism,YER070W or YGR180C or YIL066C or YJL026W
1000856,r_0976,ribonucleotide reductase,Pyrimidine metabolism,YER070W or YGR180C or YIL066C or YJL026W
1000857,r_0977,ribonucleotide reductase,Pyrimidine metabolism,YER070W or YGR180C or YIL066C or YJL026W
1000858,r_0978,ribonucleotide reductase,Purine metabolism,YER070W or YGR180C or YIL066C or YJL026W
1000859,r_0979,ribonucleotide reductase,Purine metabolism,YER070W or YGR180C or YIL066C or YJL026W
1000860,r_0982,ribose-5-phosphate isomerase,Pentose phosphate pathway,YOR095C
1000861,r_0983,ribosylnicotinamide kinase,Nicotinate and nicotinamide metabolism,YNL129W
1000862,r_0984,ribulose 5-phosphate 3-epimerase,Pentose phosphate pathway,YJL121C
1000863,r_0985,"S-adenosyl-L-methionine:3-hexaprenyl-4,5-dihydroxylate O-methyltransferase",Ubiquinone and other terpenoid-quinone biosynthesis,YDR204W and YGR255C and YLR201C and YML110C and YOL096C and YOR125C
1000864,r_0986,S-adenosyl-methionine delta-24-sterol-c-methyltransferase,Steroid biosynthesis,YML008C
1000865,r_0987,S-formylglutathione hydralase,Alternate carbon metabolism,YJL068C
1000866,r_0988,"saccharopine dehydrogenase (NAD, L-lysine forming)",Lysine metabolism,YIR034C
1000867,r_0989,"saccharopine dehydrogenase (NADP, L-glutamate forming)",Lysine metabolism,YNR050C
1000868,r_0990,"sedoheptulose 1,7-bisphosphate D-glyceraldehyde-3-phosphate-lyase",Glycolysis / gluconeogenesis,YKL060C
1000869,r_0992,serine O-acetyltransferase,Cysteine and methionine metabolism,YHR013C and YDL040C and YOR253W
1000870,r_0993,serine palmitotransferase,Sphingolipid metabolism,YMR296C and YKL212W and YDR062W and YGR038W and YLR350W and YBR058C-A
1000871,r_0995,seryl-tRNA synthetase,tRNA metabolism,YDR023W or YHR011W
1000872,r_0996,shikimate dehydrogenase,"Phenylalanine, tyrosine and tryptophan biosynthesis",YDR127W
1000873,r_0997,shikimate kinase,"Phenylalanine, tyrosine and tryptophan biosynthesis",YDR127W
1000874,r_0998,sirohydrochlorin dehydrogenase,Porphyrin and chlorophyll metabolism,YBR213W
1000875,r_0999,sirohydrochlorin ferrochetalase,Porphyrin and chlorophyll metabolism,YBR213W
1000876,r_1000,fumarate reductase (FMN),Cellular response to anaerobic conditions,YEL047C
1000877,r_1001,spermidine synthase,Arginine and proline metabolism,YPR069C
1000878,r_1002,spermine synthase,Arginine and proline metabolism,YLR146C
1000879,r_1003,sphinganine phosphate lyase,Sphingolipid metabolism,YDR294C
1000880,r_1004,sphingoid base-phosphate phosphatase (phytosphingosine 1-phosphate),Sphingolipid metabolism,YJL134W or YKR053C
1000881,r_1005,sphingoid base-phosphate phosphatase (sphinganine 1-phosphatase),Sphingolipid metabolism,YJL134W or YKR053C
1000882,r_1006,sphingolipid long chain base kinase (phytosphingosine),Sphingolipid metabolism,YLR260W or YOR171C
1000883,r_1007,sphingolipid long chain base kinase (sphinganine),Sphingolipid metabolism,YLR260W or YOR171C
1000884,r_1008,spontaneous cis-aconitate(3-) to trans-aconitate,C5-branched dibasic acid metabolism,
1000885,r_1009,spontaneous cis-aconitate(3-) to trans-aconitate,C5-branched dibasic acid metabolism,
1000886,r_1010,squalene epoxidase (NAD),Steroid biosynthesis,YGR175C
1000887,r_1011,squalene epoxidase (NADP),Steroid biosynthesis,YGR175C
1000888,r_1012,squalene synthase,Steroid biosynthesis,YHR190W
1000889,r_1021,succinate dehydrogenase (ubiquinone-6),Citrate cycle (TCA cycle),(YDR178W and YJL045W and YKL141W and YLL041C) or (YDR178W and YKL141W and YKL148C and YLL041C) or (YLR164W and YJL045W and YKL141W and YLL041C)
1000890,r_1022,succinate-CoA ligase (ADP-forming),Citrate cycle (TCA cycle),YGR244C and YOR142W
1000891,r_1023,succinate-semialdehyde dehydrogenase (NADP),"Alanine, aspartate and glutamate metabolism",YBR006W
1000892,r_1024,sucrose hydrolyzing enzyme,Starch and sucrose metabolism,YIL162W
1000893,r_1025,sulfate adenylyltransferase,Sulfur metabolism,YJR010W
1000894,r_1026,sulfate adenylyltransferase (ADP),Sulfur metabolism,YCL050C
1000895,r_1027,sulfite reductase (NADPH2),Sulfur metabolism,YFR030W and YJR137C
1000896,r_1028,taurcholate via ABC system,"Transport [c, v]",YLL048C
1000897,r_1029,taurine dioxygenase,Sulfur metabolism,YLL057C
1000898,r_1030,tetrahydrofolate aminomethyltransferase,One carbon pool by folate,YAL044C and YDR019C and YFL018C and YMR189W
1000899,r_1031,tetrahydrofolate:L-glutamate gamma-ligase (ADP-forming),Folate biosynthesis,YKL132C or YOR241W
1000900,r_1032,thiamin diphosphatase,Thiamine metabolism,YBR092C
1000901,r_1033,thiamin phosphatase,Thiamine metabolism,YBR092C
1000902,r_1034,thiamine diphosphokinase,Thiamine metabolism,YOR143C
1000903,r_1035,thiamine-diphosphate kinase,Thiamine metabolism,YOR143C
1000904,r_1036,thiamine-phosphate diphosphorylase,Thiamine metabolism,YPL214C
1000905,r_1037,thioredoxin,Glutathione metabolism,(YGR209C and YIL010W) or (YIL010W and YLR043C)
1000906,r_1038,thioredoxin reductase (NADPH),Glutathione metabolism,(YDR353W and YGR209C) or (YDR353W and YLR043C) or YDR353W
1000907,r_1039,thioredoxin reductase (NADPH),Glutathione metabolism,(YCR083W and YHR106W) or (YCR083W and YPL091W)
1000908,r_1040,threonine aldolase,"Glycine, serine and threonine metabolism",YEL046C
1000909,r_1041,threonine synthase,"Glycine, serine and threonine metabolism",YCR053W
1000910,r_1042,threonyl-tRNA synthetase,tRNA metabolism,YIL078W
1000911,r_1043,threonyl-tRNA synthetase,tRNA metabolism,YKL194C
1000912,r_1045,thymidylate synthase,Pyrimidine metabolism,YOR074C
1000913,r_1046,trans-aconitate 3-methyltransferase,C5-branched dibasic acid metabolism,YER175C
1000914,r_1047,trans-pentaprenyltranstransferase,Terpenoid backbone biosynthesis,YBR003W
1000915,r_1048,transaldolase,Pentose phosphate pathway,YGR043C or YLR354C
1000916,r_1049,transketolase 1,Pentose phosphate pathway,YBR117C or YPR074C
1000917,r_1050,transketolase 2,Pentose phosphate pathway,YBR117C or YPR074C
1000918,r_1051,trehalose-phosphatase,Starch and sucrose metabolism,(YBR126C and YDR074W and YML100W) or (YBR126C and YDR074W and YMR261C)
1000919,r_1054,triose-phosphate isomerase,Glycolysis / gluconeogenesis,YDR050C
1000920,r_1055,tryptophan synthase (indoleglycerol phosphate),"Phenylalanine, tyrosine and tryptophan biosynthesis",YGL026C
1000921,r_1056,tryptophan transaminase,"Phenylalanine, tyrosine and tryptophan biosynthesis",YGL202W
1000922,r_1057,tryptophanyl-tRNA synthetase,tRNA metabolism,YOL097C
1000923,r_1058,tryptophanyl-tRNA synthetase,tRNA metabolism,YDR268W
1000924,r_1063,tyrosine transaminase,Tyrosine metabolism,YGL202W
1000925,r_1065,tyrosine transaminase,Tyrosine metabolism,YLR027C
1000926,r_1066,tyrosyl-tRNA synthetase,tRNA metabolism,YGR185C
1000927,r_1067,tyrosyl-tRNA synthetase,tRNA metabolism,YPL097W
1000928,r_1068,UDP-glucose:ergosterol glucosyltransferase,Steroid biosynthesis,YLR189C
1000929,r_1069,UDP-N-acetylglucosamine diphosphorylase,Amino sugar and nucleotide sugar metabolism,YDL103C
1000930,r_1070,UDPglucose 4-epimerase,Galactose metabolism,YBR019C
1000931,r_1071,UDPglucose--hexose-1-phosphate uridylyltransferase,Galactose metabolism,YBR018C
1000932,r_1072,UMP kinase,Pyrimidine metabolism,YKL024C
1000933,r_1073,UMP kinase,Pyrimidine metabolism,YKL024C
1000934,r_1074,uracil phosphoribosyltransferase,Pyrimidine metabolism,YHR128W
1000935,r_1075,urea carboxylase,Arginine biosynthesis,YBR208C
1000936,r_1076,ureidoglycolate hydrolase,Purine metabolism,YIR032C
1000937,r_1077,uridine kinase (ATP:uridine),Pyrimidine metabolism,YDR020C or YNR012W
1000938,r_1078,uridine kinase (GTP:uridine),Pyrimidine metabolism,YDR020C or YNR012W
1000939,r_1079,uridylate kinase (dUMP),Pyrimidine metabolism,YKL024C
1000940,r_1080,uridylate kinase (dUMP),Pyrimidine metabolism,YKL024C
1000941,r_1081,uroporphyrinogen decarboxylase (uroporphyrinogen III),Porphyrin and chlorophyll metabolism,YDR047W
1000942,r_1082,uroporphyrinogen methyltransferase,Porphyrin and chlorophyll metabolism,YKR069W
1000943,r_1083,uroporphyrinogen-III synthase,Porphyrin and chlorophyll metabolism,YOR278W
1000944,r_1084,UTP-glucose-1-phosphate uridylyltransferase,Galactose metabolism,YHL012W or YKL035W
1000945,r_1085,"V-ATPase, Golgi",Oxidative phosphorylation,(YPR170W-B and YBR127C and YDL185W and YOR332W and YHR026W and YEL027W and YKL080W and YLR447C and YEL051W and YPL234C and YMR054W and YGR020C and YPR036W and YHR039C-A and YGR106C and YCL005W-A) or (YBR127C and YDL185W and YOR332W and YHR026W and YEL027W and YKL080W and YLR447C and YEL051W and YPL234C and YMR054W and YGR020C and YPR036W and YHR039C-A and YGR106C and YCL005W-A)
1000946,r_1086,"V-ATPase, vacuole",Oxidative phosphorylation,(YBR127C and YDL185W and YEL027W and YEL051W and YGR020C and YHR026W and YHR039C-A and YKL080W and YLR447C and YOR270C and YOR332W and YPL234C and YPR036W and YPR170W-B and YGR106C and YCL005W-A) or (YBR127C and YDL185W and YEL027W and YEL051W and YGR020C and YHR026W and YHR039C-A and YKL080W and YLR447C and YOR270C and YOR332W and YPL234C and YPR036W and YGR106C and YCL005W-A)
1000947,r_1087,valine transaminase,"Valine, leucine and isoleucine metabolism",YJR148W
1000948,r_1088,"valine transaminase, mitochondiral","Valine, leucine and isoleucine metabolism",YHR208W
1000949,r_1089,valyl-tRNA synthetase,tRNA metabolism,YGR094W
1000950,r_1090,valyl-tRNA synthetase,tRNA metabolism,YGR094W
1000951,r_1091,xanthine phosphoribosyltransferase,Purine metabolism,YJR133W
1000952,r_1092,xylitol dehydrogenase (D-xyulose-forming),Pentose and glucuronate interconversions,YLR070C
1000953,r_1093,xylose reductase,Pentose and glucuronate interconversions,YHR104W
1000954,r_1094,xylulokinase,Pentose and glucuronate interconversions,YGR194C
1000955,r_1095,yUMP synthetase,Pyrimidine metabolism,YFL001W or YGL063W or YNL292W or YPL212C
1000956,r_1096,(R)-mevalonate transport,"Transport [c, e]",YNL065W or YKL217W
1000957,r_1097,"(R,R)-butanediol transport","Transport [c, e]",
1000958,r_1098,2-methylbutyl transport,"Transport [c, e]",
1000959,r_1099,2-oxoadipate and 2-oxoglutarate transport,"Transport [c, m]",YOR222W or YPL134C
1000960,r_1100,"3-hexaprenyl-4,5-dihydroxybenzoate transport","Transport [c, m]",
1000961,r_1101,4-aminobutyrate transport,"Transport [c, e]",YDL210W or YOR348C
1000962,r_1102,5-aminolevulinate transport,"Transport [c, e]",YDL210W
1000963,r_1103,5-formyltetrahydrofolic acid transport,"Transport [c, e]",
1000964,r_1104,8-Amino-7-oxononanoate transport,"Transport [c, e]",YNR056C
1000965,r_1106,acetate transport,"Transport [c, e]",YCR010C
1000966,r_1107,acetic ester transport,"Transport [c, e]",
1000967,r_1108,adenine transport,"Transport [c, e]",YER056C or YER060W or YER060W-A
1000968,r_1109,adenosine transport,"Transport [c, e]",YAL022C
1000969,r_1110,ADP/ATP transporter,"Transport [c, m]",YBL030C or YBR085W or YMR056C
1000970,r_1111,ADP/ATP transporter,"Transport [c, p]",YPR128C
1000971,r_1112,"AKG transporter, mitochonrial","Transport [c, m]",YMR241W
1000972,r_1113,allantoate uniport,"Transport [c, e]",YJR152W
1000973,r_1114,allantoin uniport,"Transport [c, e]",YIR028W
1000974,r_1115,ammonia transport,"Transport [c, e]",YDR384C or YGR121C or YNL142W or YPR138C
1000975,r_1116,AMP/ATP transporter,"Transport [c, p]",YPR128C
1000976,r_1118,aspartate-glutamate transporter,"Transport [c, m]",YPR021C
1000977,r_1119,biotin uptake,"Transport [c, e]",YGR065C
1000978,r_1120,carnithine-acetylcarnithine carrier,"Transport [c, m]",YOR100C
1000979,r_1121,ceramide-2' (sphinganine:n-C24:0OH) transport,"Transport [er, g]",
1000980,r_1122,ceramide-2' (sphinganine:n-C26:0OH) transport,"Transport [er, g]",
1000981,r_1123,ceramide-3 (Phytosphingosine:n-C24:0OH) transport,"Transport [er, g]",
1000982,r_1124,ceramide-3 (Phytosphingosine:n-C26:0OH) transport,"Transport [er, g]",
1000983,r_1125,choline transport,"Transport [c, e]",YGL077C
1000984,r_1126,citrate transport,"Transport [c, m]",YBR291C
1000985,r_1127,citrate transport,"Transport [c, m]",YBR291C
1000986,r_1128,citrate transport,"Transport [c, m]",YBR291C
1000987,r_1129,coenzyme A transport,"Transport [c, m]",YHR002W
1000988,r_1130,CTP transport,"Transport [c, m]",YBR192W
1000989,r_1131,CTP/CMP antiport,"Transport [c, m]",YBR192W
1000990,r_1132,cytidine transport,"Transport [c, e]",YAL022C
1000991,r_1133,cytosine transport,"Transport [c, e]",YER056C or YER060W or YER060W-A or YGL186C
1000992,r_1134,D-fructose transport,"Transport [c, e]",YDL245C or YDR342C or YDR343C or YDR345C or YEL069C or YFL011W or YHR092C or YHR094C or YHR096C or YJL214W or YJL219W or YJR158W or YMR011W or YNR072W or YOL156W
1000993,r_1135,D-galactose transport,"Transport [c, e]",YFL011W or YJL219W or YLR081W or YNL318C or YOL156W
1000994,r_1136,D-lactate transport,"Transport [c, e]",YKL217W
1000995,r_1137,D-lactate transport,"Transport [c, m]",
1000996,r_1138,D-lactate/pyruvate antiport,"Transport [c, m]",
1000997,r_1139,D-mannose transport,"Transport [c, e]",YDL245C or YDR342C or YHR094C or YDR343C or YDR345C or YEL069C or YFL011W or YHR096C or YJL214W or YJL219W or YJR158W or YNR072W or YOL156W
1000998,r_1146,episterol transport,"Transport [c, e]",YIL013C or YOR011W
1000999,r_1147,ergosterol transport,"Transport [c, e]",YIL013C or YOR011W
1001000,r_1148,ergosterol transport,"Transport [c, ce]",YIL013C or YOR011W
1001001,r_1149,ethanolamine transport,"Transport [c, e]",YGL077C
1001002,r_1151,fadH2 transport,"Transport [c, m]",YIL134W
1001003,r_1161,fecosterol transport,"Transport [c, e]",YIL013C or YOR011W
1001004,r_1162,fecosterol transport,"Transport [c, ce]",YIL013C or YOR011W
1001005,r_1164,folic acid transport,"Transport [c, e]",
1001006,r_1165,GDP-mannose antiport,"Transport [c, g]",YGL225W
1001007,r_1166,glucose transport,"Transport [c, e]",YDL245C or YDL247W or YDR342C or YDR343C or YDR345C or YDR536W or YEL069C or YFL011W or YHR092C or YHR094C or YHR096C or YJL214W or YJL219W or YJR158W or YJR160C or YLR081W or YMR011W or YNR072W or YOL156W or YDR387C
1001008,r_1167,glutathione transport,"Transport [c, e]",YJL212C
1001009,r_1168,glutathione transport,"Transport [c, v]",YDR135C or YLL015W
1001010,r_1169,glycero-3-phospho-1-inositol transport,"Transport [c, e]",YCR098C
1001011,r_1170,glycero-3-phosphocholine transport,"Transport [c, e]",YCR098C
1001012,r_1171,glycerol transport,"Transport [c, e]",YDR536W or YGL084C or YPL189W
1001013,r_1172,glycerol transport via channel,"Transport [c, e]",YFL054C or YLL043W
1001014,r_1173,glycine transport,"Transport [c, e]",YCL025C or YKR039W or YOL020W or YOR348C or YPL265W
1001015,r_1174,glycogen vacuolar 'transport' via autophagy,"Transport [c, v]",
1001016,r_1175,GTP/GDP translocase,"Transport [c, m]",YDL198C
1001017,r_1176,guanine transport,"Transport [c, e]",YER056C or YER060W or YER060W-A
1001018,r_1177,inositol transport,"Transport [c, e]",YDR497C or YOL103W
1001019,r_1178,iron (II) transport,"Transport [c, e]",YMR319C or YMR058W
1001020,r_1179,iron (II) transport,"Transport [c, m]",YJL133W or YKR052C
1001021,r_1180,isoamyl acetate transport,"Transport [c, e]",
1001022,r_1181,isobutyl acetate transport,"Transport [c, e]",
1001023,r_1182,isopentenyl diphosphate transport,"Transport [c, m]",
1001024,r_1183,L-alanine transport,"Transport [c, e]",YCL025C or YKR039W or YOR348C or YPL265W
1001025,r_1184,L-arganine transport,"Transport [c, e]",YEL063C or YKR039W or YNL270C
1001026,r_1185,L-arganine transport,"Transport [c, v]",YOL092W or YBR293W
1001027,r_1186,L-asparagine transport,"Transport [c, e]",YCL025C or YDR508C or YKR039W or YPL265W
1001028,r_1187,L-asparagine transport,"Transport [c, v]",YJR001W
1001029,r_1188,L-aspartate transport,"Transport [c, v]",YKL146W or YNL101W
1001030,r_1189,L-aspartate transport,"Transport [c, v]",YER119C
1001031,r_1190,L-aspartate transport,"Transport [c, e]",YFL055W or YKR039W or YPL265W
1001032,r_1191,L-carnitine transport,"Transport [c, e]",YBR132C
1001033,r_1192,L-cystine transport,"Transport [c, e]",YBR068C or YBR069C or YCL025C or YDR046C or YDR508C or YKR039W or YOL020W
1001034,r_1193,L-cystine transport,"Transport [c, v]",YCR075C
1001035,r_1194,L-glutamate transport,"Transport [c, m]",YPR021C
1001036,r_1195,L-glutamate transport,"Transport [c, v]",YER119C
1001037,r_1196,L-glutamate transport,"Transport [c, e]",YCL025C or YFL055W or YKR039W or YPL265W
1001038,r_1197,L-glutamine transport,"Transport [c, v]",YJR001W
1001039,r_1198,L-glutamine transport,"Transport [c, v]",YKL146W or YNL101W
1001040,r_1199,L-glutamine transport,"Transport [c, e]",YCL025C or YDR508C or YKR039W or YPL265W
1001041,r_1200,"L-histidine transport, vacuolar","Transport [c, v]",YOL092W or YBR293W or YCL069W or YMR088C
1001042,r_1201,L-histidine transport,"Transport [c, e]",YBR069C or YGR191W or YKR039W
1001043,r_1202,L-isoleucine transport,"Transport [c, v]",YCL038C
1001044,r_1203,L-isoleucine transport,"Transport [c, v]",YJR001W
1001045,r_1204,L-isoleucine transport,"Transport [c, v]",YKL146W or YNL101W
1001046,r_1205,L-isoleucine transport,"Transport [c, e]",YBR068C or YBR069C or YCL025C or YDR046C or YKR039W
1001047,r_1206,L-lactate transport,"Transport [c, m]",YKL217W
1001048,r_1207,L-lactate transport,"Transport [c, e]",YKL217W
1001049,r_1208,"L-leucine transport, vacuoluar","Transport [c, v]",YCL038C
1001050,r_1209,"L-leucine transport, vacuoluar","Transport [c, v]",YJR001W
1001051,r_1210,"L-leucine transport, vacuoluar","Transport [c, v]",YKL146W or YNL101W
1001052,r_1211,L-leucine transport,"Transport [c, e]",YBR068C or YBR069C or YCL025C or YDR046C or YDR508C or YKR039W
1001053,r_1212,L-lysine transport,"Transport [c, v]",YOL092W or YBR293W or YCL069W or YMR088C
1001054,r_1213,L-lysine transport,"Transport [c, e]",YKR039W or YNL268W
1001055,r_1214,L-methionine transport,"Transport [c, e]",YBR068C or YCL025C or YDR046C or YDR508C or YGR055W or YHL036W or YKR039W
1001056,r_1215,L-phenylalanine transport,"Transport [c, e]",YBR068C or YCL025C or YDR046C or YKR039W or YOL020W
1001057,r_1216,L-proline transport,"Transport [c, e]",YKR039W or YOR348C
1001058,r_1217,L-serine transport,"Transport [c, e]",YCL025C or YDR508C or YFL055W or YKR039W or YPL265W or YDR105C
1001059,r_1218,L-threonine transport,"Transport [c, e]",YCL025C or YDR508C or YKR039W
1001060,r_1219,L-tryptophan transport,"Transport [c, e]",YBR068C or YBR069C or YDR046C or YKR039W or YOL020W
1001061,r_1220,L-tyrosine transport,"Transport [c, v]",YCL038C
1001062,r_1221,L-tyrosine transport,"Transport [c, v]",YBR293W or YJR001W
1001063,r_1222,L-tyrosine transport,"Transport [c, v]",YKL146W or YNL101W
1001064,r_1223,L-tyrosine transport,"Transport [c, e]",YBR068C or YBR069C or YCL025C or YDR046C or YKR039W or YOL020W
1001065,r_1224,L-valine transport,"Transport [c, e]",YBR068C or YBR069C or YCL025C or YDR046C or YKR039W
1001066,r_1225,lanosterol transport,"Transport [c, e]",YIL013C or YOR011W
1001067,r_1226,malate transport,"Transport [c, m]",YLR348C
1001068,r_1227,maltose transport,"Transport [c, e]",YBR298C or YDL247W or YGR289C or YJR160C
1001069,r_1228,"N,N'-diformyldityrosine transport","Transport [c, e]",YBR180W
1001070,r_1229,NAD transport,"Transport [c, m]",YEL006W or YIL006W
1001071,r_1230,NAD transport,"Transport [c, m]",YIL006W
1001072,r_1231,NAD transport,"Transport [c, m]",YIL006W
1001073,r_1232,NAD transport,"Transport [c, m]",YIL006W
1001074,r_1235,nicotinate transport,"Transport [c, e]",YGR260W
1001075,r_1236,octadecanoate (n-C18:0) transport,"Transport [c, p]",YKL188C and YPL147W
1001076,r_1237,ornithine transport,"Transport [c, m]",YOR130C
1001077,r_1238,orntithine transport,"Transport [c, e]",YKR039W
1001078,r_1239,oxaloacetate transport,"Transport [c, m]",YKL120W
1001079,r_1241,pantothenate transport,"Transport [c, e]",YCR028C
1001080,r_1242,pentaprenyl diphosphate transport,"Transport [c, m]",
1001081,r_1243,phenethyl acetate transport,"Transport [c, e]",
1001082,r_1244,phosphate transport,"Transport [c, e]",YBR296C or YCR037C or YJL198W or YML123C or YNR013C
1001083,r_1245,phosphate transport,"Transport [c, m]",YER053C or YJR077C
1001084,r_1249,potassium transport,"Transport [c, e]",YDR456W or YJL129C
1001085,r_1250,putrescine excretion,"Transport [c, e]",YKL174C
1001086,r_1251,putrescine transport,"Transport [c, e]",YLL028W or YOR273C
1001087,r_1252,putrescine transport,"Transport [c, v]",YLL028W or YOR273C
1001088,r_1253,pyridoxine symport,"Transport [c, e]",YGL186C
1001089,r_1254,pyruvate transport,"Transport [c, e]",YKL217W
1001090,r_1255,S-adenosyl-L-methionine transport,"Transport [c, e]",YPL274W
1001091,r_1256,S-adenosyl-L-methionine transport,"Transport [c, m]",YNL003C
1001092,r_1257,S-methylmethionine permease,"Transport [c, e]",YLL061W
1001093,r_1258,sodium proton antiporter,"Transport [c, e]",YDR456W or YLR138W
1001094,r_1259,spermidine excretion,"Transport [c, e]",YKL174C
1001095,r_1260,spermidine transport,"Transport [c, e]",YBR132C or YHL016C or YKR039W or YLL028W or YOR273C or YPL274W
1001096,r_1261,spermidine transport,"Transport [c, v]",YLL028W or YOR273C
1001097,r_1262,spermine transport,"Transport [c, e]",YGR138C or YLL028W or YOR273C or YPR156C
1001098,r_1263,spermine transport,"Transport [c, v]",YGR138C or YLL028W or YOR273C or YPR156C
1001099,r_1264,succinate transport,"Transport [c, m]",YLR348C
1001100,r_1265,succinate-fumarate transport,"Transport [c, m]",YJR095W
1001101,r_1266,sulfate uniport,"Transport [c, e]",YBR294W or YLR092W
1001102,r_1267,sulfite transport,"Transport [c, e]",YPL092W
1001103,r_1268,taurine transport,"Transport [c, e]",
1001104,r_1269,thiamine diphosphate transport,"Transport [c, m]",YGR096W
1001105,r_1270,thiamine transport,"Transport [c, e]",YLR237W or YOR071C or YOR192C
1001106,r_1271,UDPgalactose transport,"Transport [c, g]",YPL244C
1001107,r_1272,uracil transport,"Transport [c, e]",YBR021W
1001108,r_1273,urea transport,"Transport [c, e]",YHL016C
1001109,r_1274,uridine transport,"Transport [c, e]",YBL042C
1001110,r_1275,UTP transport,"Transport [c, m]",YBR192W
1001111,r_1276,UTP/UMP antiport,"Transport [c, m]",YBR192W
1001112,r_1277,water diffusion,"Transport [c, e]",YLL052C or YPR192W
1001113,r_1278,zymosterol transport,"Transport [e, ce]",YIL013C or YOR011W
1001114,r_1449,inositol-P-ceramide B' (C24) [Golgi] SLIME rxn,SLIME reaction,
1001115,r_1450,inositol-P-ceramide B' (C26) [Golgi] SLIME rxn,SLIME reaction,
1001116,r_1451,inositol-P-ceramide C (C24) [Golgi] SLIME rxn,SLIME reaction,
1001117,r_1452,inositol-P-ceramide C (C26) [Golgi] SLIME rxn,SLIME reaction,
1001118,r_1453,inositol-P-ceramide A (C24) [Golgi] SLIME rxn,SLIME reaction,
1001119,r_1454,inositol-P-ceramide A (C26) [Golgi] SLIME rxn,SLIME reaction,
1001120,r_1455,inositol-P-ceramide B (C24) [Golgi] SLIME rxn,SLIME reaction,
1001121,r_1456,inositol-P-ceramide B (C26) [Golgi] SLIME rxn,SLIME reaction,
1001122,r_1457,inositol-P-ceramide D (C24) [Golgi] SLIME rxn,SLIME reaction,
1001123,r_1458,inositol-P-ceramide D (C26) [Golgi] SLIME rxn,SLIME reaction,
1001124,r_1479,inositol phosphomannosylinositol phosphoceramide A (C24) [Golgi] SLIME rxn,SLIME reaction,
1001125,r_1480,inositol phosphomannosylinositol phosphoceramide A (C26) [Golgi] SLIME rxn,SLIME reaction,
1001126,r_1481,inositol phosphomannosylinositol phosphoceramide B' (C24) [Golgi] SLIME rxn,SLIME reaction,
1001127,r_1482,inositol phosphomannosylinositol phosphoceramide B' (C26) [Golgi] SLIME rxn,SLIME reaction,
1001128,r_1483,inositol phosphomannosylinositol phosphoceramide B (C24) [Golgi] SLIME rxn,SLIME reaction,
1001129,r_1484,inositol phosphomannosylinositol phosphoceramide B (C26) [Golgi] SLIME rxn,SLIME reaction,
1001130,r_1485,inositol phosphomannosylinositol phosphoceramide C (C24) [Golgi] SLIME rxn,SLIME reaction,
1001131,r_1486,inositol phosphomannosylinositol phosphoceramide C (C26) [Golgi] SLIME rxn,SLIME reaction,
1001132,r_1487,inositol phosphomannosylinositol phosphoceramide D (C24) [Golgi] SLIME rxn,SLIME reaction,
1001133,r_1488,inositol phosphomannosylinositol phosphoceramide D (C26) [Golgi] SLIME rxn,SLIME reaction,
1001134,r_1509,mannosylinositol phosphorylceramide B' (C24) [Golgi] SLIME rxn,SLIME reaction,
1001135,r_1510,mannosylinositol phosphorylceramide B' (C26) [Golgi] SLIME rxn,SLIME reaction,
1001136,r_1511,mannosylinositol phosphorylceramide C (C24) [Golgi] SLIME rxn,SLIME reaction,
1001137,r_1512,mannosylinositol phosphorylceramide C (C26) [Golgi] SLIME rxn,SLIME reaction,
1001138,r_1513,mannosylinositol phosphorylceramide A (C24) [Golgi] SLIME rxn,SLIME reaction,
1001139,r_1514,mannosylinositol phosphorylceramide A (C26) [Golgi] SLIME rxn,SLIME reaction,
1001140,r_1515,mannosylinositol phosphorylceramide B (C24) [Golgi] SLIME rxn,SLIME reaction,
1001141,r_1516,mannosylinositol phosphorylceramide B (C26) [Golgi] SLIME rxn,SLIME reaction,
1001142,r_1517,mannosylinositol phosphorylceramide D (C24) [Golgi] SLIME rxn,SLIME reaction,
1001143,r_1518,mannosylinositol phosphorylceramide D (C26) [Golgi] SLIME rxn,SLIME reaction,
1001144,r_1543,(1->3)-beta-D-glucan transport,"Transport [c, ce]",
1001145,r_1560,"1D-myo-inositol 1,3,4,5,6-pentakisphosphate diffusion","Transport [c, n]",
1001146,r_1562,1D-myo-inositol 1-phosphate transport,"Transport [c, er]",
1001147,r_1567,2-dehydro-3-deoxy-D-arabino-heptonate7-phohsphate transport,"Transport [c, m]",
1001148,r_1568,2-dehydropantoate transport,"Transport [c, m]",
1001149,r_1573,2-isopropylmalate transport,"Transport [c, e]",
1001150,r_1574,2-isopropylmalate transport,"Transport [c, m]",YKL120W
1001151,r_1575,2-methyl-1-butanol transport,"Transport [c, e]",
1001152,r_1576,2-methyl-1-butanol transport,"Transport [c, m]",
1001153,r_1578,2-methylbutanal transport,"Transport [c, e]",
1001154,r_1579,2-methylbutanal transport,"Transport [c, m]",
1001155,r_1582,2-methylpropanal transport,"Transport [c, e]",
1001156,r_1583,2-methylpropanal transport,"Transport [c, m]",
1001157,r_1585,2-oxobutanoate transporter,"Transport [c, m]",YNL065W or YKL217W
1001158,r_1587,2-oxoglutarate transport,"Transport [c, n]",
1001159,r_1588,2-oxoglutarate transport,"Transport [c, e]",
1001160,r_1590,2-phenylethanol transport,"Transport [c, e]",
1001161,r_1591,2-phenylethanol transport,"Transport [c, m]",
1001162,r_1595,3-carboxy-4-methyl-2-oxopentanoate transport,"Transport [c, m]",
1001163,r_1596,3-methyl-2-oxopentanoate transport,"Transport [c, m]",
1001164,r_1597,3-methyl-oxopentanoate trasport,"Transport [c, e]",
1001165,r_1599,3-methylbutanal transport,"Transport [c, e]",
1001166,r_1600,3-methylbutanal transport,"Transport [c, m]",
1001167,r_1601,3-octaprenyl-4-hydroxybenzoate transport,"Transport [c, m]",
1001168,r_1603,4-amino-5-hydroxymethyl-2-methylpyrimidine synthetase,Thiamine metabolism,YFL058W
1001169,r_1605,4-aminobenzoate transport,"Transport [c, e]",
1001170,r_1606,4-aminobenzoate transport,"Transport [c, m]",
1001171,r_1607,4-aminobutanal transport,"Transport [c, m]",
1001172,r_1608,4-aminobutyrate transport,"Transport [c, m]",
1001173,r_1609,4-hydroxy-2-oxoglutarate transport,"Transport [c, m]",
1001174,r_1610,4-hydroxy-2-oxoglutarate transport,"Transport [c, p]",
1001175,r_1611,4-hydroxybenzoate transport,"Transport [c, m]",
1001176,r_1613,5'-nucleotidase (AMP),Purine metabolism,
1001177,r_1614,5'-nucleotidase (dAMP),Purine metabolism,YGL101W or YBR242W
1001178,r_1615,5'-nucleotidase (dCMP),Pyrimidine metabolism,YGL101W or YBR242W
1001179,r_1616,5'-nucleotidase (dGMP),Purine metabolism,YGL101W or YBR242W
1001180,r_1617,5'-nucleotidase (dTMP),Pyrimidine metabolism,YGL101W or YBR242W
1001181,r_1618,5'-nucleotidase (dUMP),Pyrimidine metabolism,
1001182,r_1619,5'-nucleotidase (GMP),Purine metabolism,YER037W
1001183,r_1620,5'-nucleotidase (XMP),Purine metabolism,
1001184,r_1622,5-aminolevulinate transport,"Transport [c, m]",
1001185,r_1623,5-formethyltetrahydrofolate cyclo-ligase,One carbon pool by folate,YER183C
1001186,r_1624,5-formyltetrahydrofolate:10-formyltetrahydrofolate isomerase,One carbon pool by folate,YER183C
1001187,r_1628,"7,8-diaminononanoate transport","Transport [c, e]",
1001188,r_1632,acetaldehyde transport,"Transport [c, m]",
1001189,r_1633,acetaldehyde transport,"Transport [c, e]",
1001190,r_1635,acetate transport,"Transport [c, n]",
1001191,r_1637,acetyl-CoA transport,"Transport [c, n]",
1001192,r_1638,acetylcarnitine transport,"Transport [c, p]",
1001193,r_1640,adenine transport,"Transport [c, m]",
1001194,r_1642,"adenosine 3',5'-bisphosphate transport","Transport [c, m]",YPR011C
1001195,r_1644,ADP transport,"Transport [c, n]",
1001196,r_1645,ADP transport,"Transport [c, er]",
1001197,r_1647,"AKG transporter, peroxisome","Transport [c, p]",
1001198,r_1652,alpha-ketoglutarate/malate transporter,"Transport [c, e]",
1001199,r_1656,AMP transport,"Transport [c, n]",
1001200,r_1657,arginine transport,"Transport [c, m]",YBR147W
1001201,r_1658,asparagine transport,"Transport [c, m]",YDR508C
1001202,r_1659,aspartate-glutamate transporter,"Transport [c, p]",
1001203,r_1660,ATP diffusion,"Transport [c, n]",
1001204,r_1661,ATP transport,"Transport [c, er]",
1001205,r_1664,bicarbonate formation,Nitrogen metabolism,
1001206,r_1665,bicarbonate formation,Nitrogen metabolism,
1001207,r_1667,bicarbonate formation,Nitrogen metabolism,YNL036W
1001208,r_1668,bicarbonate formation,Nitrogen metabolism,
1001209,r_1669,bicarbonate transport,"Transport [c, n]",
1001210,r_1673,carnitine transport,"Transport [c, p]",
1001211,r_1674,carnitine-acetylcarnitine carrier,"Transport [c, p]",
1001212,r_1675,CDP transport,"Transport [c, n]",
1001213,r_1676,ceramide transport,"Transport [er, g]",
1001214,r_1677,ceramide transport,"Transport [er, g]",
1001215,r_1678,ceramide transport,"Transport [er, g]",
1001216,r_1679,ceramide transport,"Transport [er, g]",
1001217,r_1680,ceramide transport,"Transport [er, g]",
1001218,r_1681,ceramide transport,"Transport [er, g]",
1001219,r_1682,"cholestenol delta-isomerase, lumped reaction",Steroid biosynthesis,
1001220,r_1684,choline transport,"Transport [c, ce]",YGL077C or YOR161C
1001221,r_1685,chorismate pyruvate lyase,Ubiquinone and other terpenoid-quinone biosynthesis,
1001222,r_1686,citrate transport,"Transport [c, e]",
1001223,r_1688,citrate/isocitrate antiport,"Transport [c, p]",
1001224,r_1689,citrate/malate antiport,"Transport [c, p]",
1001225,r_1690,CMP nucleosidase,Pyrimidine metabolism,
1001226,r_1691,CO2 transport,"Transport [c, er]",
1001227,r_1694,CO2 transport,"Transport [c, n]",
1001228,r_1695,CO2 transport,"Transport [c, p]",
1001229,r_1696,CO2 transport,"Transport [c, m]",
1001230,r_1697,CO2 transport,"Transport [c, e]",
1001231,r_1698,coenzyme A transport,"Transport [c, er]",
1001232,r_1699,coenzyme A transport,"Transport [c, n]",
1001233,r_1700,coenzyme A transport,"Transport [c, p]",
1001234,r_1703,cytidylate kinase (CMP),Pyrimidine metabolism,YKL024C
1001235,r_1704,cytidylate kinase (dCMP),Pyrimidine metabolism,YKL024C
1001236,r_1707,D-arabinose transport,"Transport [c, e]",YDR342C or YHR092C
1001237,r_1708,D-erythrose 4-phosphate transport,"Transport [c, m]",
1001238,r_1713,D-glucosamine 6-phosphate uniport,"Transport [c, e]",
1001239,r_1717,D-sorbitol transport,"Transport [c, e]",YDL245C or YEL069C or YJR158W or YNR072W
1001240,r_1719,D-xylose transport,"Transport [c, e]",YHR092C
1001241,r_1720,dADP transport,"Transport [c, n]",
1001242,r_1721,dCDP transport,"Transport [c, n]",
1001243,r_1722,ATP deamination,Purine metabolism,
1001244,r_1723,dATP deamination,Purine metabolism,
1001245,r_1724,ADP deamination,Purine metabolism,
1001246,r_1725,dADP deamination,Purine metabolism,
1001247,r_1726,deamino-NAD+ diffusion,"Transport [c, n]",
1001248,r_1728,deoxyadenosine transport,"Transport [c, e]",
1001249,r_1729,deoxyadenylate kinase,Purine metabolism,YDL166C
1001250,r_1731,deoxycytidine transport,"Transport [c, e]",
1001251,r_1732,deoxyguanosine transport,"Transport [c, e]",
1001252,r_1733,deoxyinosine transport,"Transport [c, e]",
1001253,r_1734,deoxyuridine kinase (ATP:deoxyuridine),Pyrimidine metabolism,
1001254,r_1735,deoxyuridine transport,"Transport [c, e]",YBL042C
1001255,r_1736,dephospho-CoA kinase,Pantothenate and coa biosynthesis,YDR196C
1001256,r_1737,dGDP transport,"Transport [c, n]",
1001257,r_1738,dhnpt transport,"Transport [c, m]",
1001258,r_1739,diamine transaminase,Arginine and proline metabolism,YDR071C
1001259,r_1743,dihydrofolate transport,"Transport [c, m]",
1001260,r_1744,dihydroneopterin triphosphate pyrophosphatase,Folate biosynthesis,
1001261,r_1745,dihydropteroate transport,"Transport [c, m]",
1001262,r_1746,dihydroxyacetone phosphate transport,"Transport [c, m]",
1001263,r_1747,diphosphate transport,"Transport [c, p]",
1001264,r_1748,dolichol phosphate transport,"Transport [c, er]",
1001265,r_1750,dTTP uniport,"Transport [c, e]",
1001266,r_1751,dUDP diffusion,"Transport [c, n]",
1001267,r_1752,dUMP transport,"Transport [c, n]",
1001268,r_1754,"ergosta-5,6,22,24,(28)-tetraen-3beta-ol transport","Transport [c, er]",
1001269,r_1758,ergosterol transport,"Transport [c, er]",
1001270,r_1759,ergosterol transport,"Transport [c, lp]",
1001271,r_1762,ethanol transport,"Transport [c, e]",
1001272,r_1763,"ethanol transport, mitochondrial","Transport [c, m]",
1001273,r_1766,farnesyl diphosphate transport,"Transport [c, m]",
1001274,r_1770,fatty acid transport,"Transport [c, p]",YBR041W
1001275,r_1771,fatty acid transport,"Transport [c, p]",YKL188C and YPL147W
1001276,r_1772,fatty acid transport,"Transport [c, p]",YKL188C and YPL147W
1001277,r_1774,fatty acid transport,"Transport [c, p]",YKL188C and YPL147W
1001278,r_1775,fatty acid transport,"Transport [c, p]",YBR041W
1001279,r_1776,fatty acid transport,"Transport [c, p]",
1001280,r_1777,myristate (n-C14:0) transport,"Transport [c, e]",
1001281,r_1790,FMN adenylyltransferase,Riboflavin metabolism,YDL045C
1001282,r_1794,formate transport,"Transport [c, m]",
1001283,r_1795,formate transport,"Transport [c, e]",YNL065W
1001284,r_1796,formate transport,"Transport [c, e]",
1001285,r_1797,fructose-1-phosphate kinase,Fructose and mannose metabolism,
1001286,r_1801,GDP transport,"Transport [c, g]",
1001287,r_1802,GDP transport,"Transport [c, n]",
1001288,r_1803,GDP-alpha-D-mannose transport,"Transport [c, g]",YGL225W
1001289,r_1805,"glucose transport, vacuolar","Transport [c, v]",YBR241C
1001290,r_1809,glycerol-3-phosphate shuttle,"Transport [c, m]",
1001291,r_1811,glycine transport,"Transport [c, m]",YPR058W
1001292,r_1812,glycoaldehyde transport,"Transport [c, m]",
1001293,r_1813,glycoaldehyde transport,"Transport [c, e]",
1001294,r_1816,glyoxylate transport,"Transport [c, e]",YNL065W
1001295,r_1817,glyoxylate transport,"Transport [c, p]",
1001296,r_1819,guanine transport,"Transport [c, m]",
1001297,r_1821,guanosine kinase,Purine metabolism,
1001298,r_1822,guanosine transport,"Transport [c, m]",
1001299,r_1823,guanosine transport,"Transport [c, e]",
1001300,r_1824,H+ diffusion,"Transport [c, e]",
1001301,r_1825,H+ diffusion,"Transport [c, er]",
1001302,r_1826,H+ diffusion,"Transport [c, g]",
1001303,r_1827,H+ diffusion,"Transport [c, lp]",
1001304,r_1829,H+ diffusion,"Transport [c, n]",
1001305,r_1830,H+ diffusion,"Transport [c, p]",
1001306,r_1831,H+ diffusion,"Transport [c, v]",
1001307,r_1833,hexacosanoyl-CoA transport,"Transport [c, er]",
1001308,r_1835,hexadecanoate (n-C16:0) transport,"Transport [c, e]",YBR041W
1001309,r_1836,hexadecenoate (n-C16:1) transport,"Transport [c, e]",YBR041W
1001310,r_1837,"L-histidine transport, mitochondrial","Transport [c, m]",YBR147W
1001311,r_1838,homocitrate synthase,Pyruvate metabolism,YDL131W or YDL182W
1001312,r_1839,hydrogen peroxide transport,"Transport [c, n]",
1001313,r_1840,hydroxymethylglutaryl-CoA transport,"Transport [c, m]",
1001314,r_1842,hypoxanthine transport,"Transport [c, e]",
1001315,r_1844,indole-3-acetaldehyde transport,"Transport [c, m]",
1001316,r_1845,indole-3-acetaldehyde transport,"Transport [c, e]",
1001317,r_1846,indole-3-acetate transport,"Transport [c, m]",
1001318,r_1848,inosine transport,"Transport [c, e]",
1001319,r_1849,inositol hexakisphosphate transport,"Transport [c, n]",
1001320,r_1850,insosine kinase,Purine metabolism,
1001321,r_1851,IPC transport,"Transport [er, g]",
1001322,r_1852,IPC transport,"Transport [er, g]",
1001323,r_1853,IPC transport,"Transport [er, g]",
1001324,r_1854,IPC transport,"Transport [er, g]",
1001325,r_1855,IPC transport,"Transport [er, g]",
1001326,r_1856,IPC transport,"Transport [er, g]",
1001327,r_1857,IPC transport,"Transport [er, g]",
1001328,r_1858,IPC transport,"Transport [er, g]",
1001329,r_1859,IPC transport,"Transport [er, g]",
1001330,r_1860,IPC transport,"Transport [er, g]",
1001331,r_1863,isoamyl alcohol transport,"Transport [c, e]",
1001332,r_1864,isoamyl alcohol transport,"Transport [c, m]",
1001333,r_1868,isobutyl alcohol transport,"Transport [c, e]",
1001334,r_1869,isobutyl alcohol transport,"Transport [c, m]",
1001335,r_1871,L-1-pyrroline-3-hydroxy-5-carboxylate spontaneous conversion to L-4-hydroxyglutamate semialdehyde,Arginine and proline metabolism,
1001336,r_1872,L-2-amino-3-oxobutanoate decarboxylation (spontaneous),"Glycine, serine and threonine metabolism",
1001337,r_1874,L-alanine transport,"Transport [c, m]",
1001338,r_1876,L-arabinitol transport,"Transport [c, e]",
1001339,r_1877,L-arabinoase transport,"Transport [c, e]",YDR342C or YHR092C
1001340,r_1882,L-carnitine transport,"Transport [c, m]",YOR100C
1001341,r_1884,L-erythro-4-hydroxyglutamate transport,"Transport [c, m]",
1001342,r_1885,L-erythro-4-hydroxyglutamate transport,"Transport [c, p]",
1001343,r_1887,L-glutamate 5-semialdehyde dehydratase,Arginine and proline metabolism,
1001344,r_1890,L-glutamate transport,"Transport [c, n]",
1001345,r_1892,L-glutamine transport,"Transport [c, n]",
1001346,r_1895,L-homoserine transport,"Transport [c, e]",
1001347,r_1898,L-isoleucine transport,"Transport [c, m]",
1001348,r_1901,L-malate transport,"Transport [c, e]",
1001349,r_1905,L-proline transport,"Transport [c, m]",
1001350,r_1907,L-serine transport,"Transport [c, er]",YKR039W
1001351,r_1908,L-sorbitol transport,"Transport [c, e]",YDL245C or YEL069C or YJR158W or YNR072W
1001352,r_1910,L-sorbose transport,"Transport [c, e]",YDL245C or YDR342C or YDR343C or YDR345C or YEL069C or YFL011W or YHR092C or YHR096C or YJL214W or YJL219W or YJR158W or YNR072W or YOL156W
1001353,r_1919,lysine transport,"Transport [c, m]",YBR147W
1001354,r_1920,M(IP)2C transport,"Transport [er, g]",
1001355,r_1921,M(IP)2C transport,"Transport [er, g]",
1001356,r_1922,M(IP)2C transport,"Transport [er, g]",
1001357,r_1923,M(IP)2C transport,"Transport [er, g]",
1001358,r_1924,M(IP)2C transport,"Transport [er, g]",
1001359,r_1925,M(IP)2C transport,"Transport [er, g]",
1001360,r_1926,M(IP)2C transport,"Transport [er, g]",
1001361,r_1927,M(IP)2C transport,"Transport [er, g]",
1001362,r_1928,M(IP)2C transport,"Transport [er, g]",
1001363,r_1929,M(IP)2C transport,"Transport [er, g]",
1001364,r_1930,malate/oxaloacetate shuttle,"Transport [c, p]",
1001365,r_1932,mannan transport,"Transport [c, er]",
1001366,r_1935,methionine transport,"Transport [c, m]",YDR508C
1001367,r_1936,methylglyoxal synthase,Propanoate metabolism,
1001368,r_1937,MIPC transport,"Transport [er, g]",
1001369,r_1938,MIPC transport,"Transport [er, g]",
1001370,r_1939,MIPC transport,"Transport [er, g]",
1001371,r_1940,MIPC transport,"Transport [er, g]",
1001372,r_1941,MIPC transport,"Transport [er, g]",
1001373,r_1942,MIPC transport,"Transport [er, g]",
1001374,r_1943,MIPC transport,"Transport [er, g]",
1001375,r_1944,MIPC transport,"Transport [er, g]",
1001376,r_1945,MIPC transport,"Transport [er, g]",
1001377,r_1946,MIPC transport,"Transport [er, g]",
1001378,r_1963,NADP(+) transport,"Transport [c, er]",
1001379,r_1964,NADPH transport,"Transport [c, er]",
1001380,r_1965,NH3 transport,"Transport [c, m]",
1001381,r_1966,nicotinamide diffusion,"Transport [c, n]",
1001382,r_1970,NMN transport,"Transport [c, n]",
1001383,r_1971,NMN transport,"Transport [c, p]",
1001384,r_1972,NMN transport,"Transport [c, e]",
1001385,r_1974,nucleoside-diphosphatase (dGDP),Purine metabolism,
1001386,r_1975,nucleoside-triphosphatase (dGTP),Purine metabolism,
1001387,r_1976,O-acetylcarnintine transport into mitochondria,"Transport [c, m]",YOR100C
1001388,r_1977,O2 transport,"Transport [c, er]",
1001389,r_1978,O2 transport,"Transport [c, m]",
1001390,r_1979,O2 transport,"Transport [c, e]",
1001391,r_1980,O2 transport,"Transport [c, p]",
1001392,r_1981,octadecanoate (n-C18:0) transport,"Transport [c, e]",YBR041W
1001393,r_1988,oxaloacetate transport,"Transport [c, e]",
1001394,r_1990,oxidized glutathione uniport,"Transport [c, e]",YJL212C
1001395,r_1991,oxidized thioredoxin transport,"Transport [c, p]",
1001396,r_1995,palmitoyl-CoA transport,"Transport [c, er]",
1001397,r_1996,panthetheine 4'-phosphate transport,"Transport [c, m]",
1001398,r_1997,panthetheine-phosphate adenylyltransferase,Pantothenate and coa biosynthesis,
1001399,r_1998,PAP uniport,"Transport [c, e]",
1001400,r_2002,phenylacetaldehyde transport,"Transport [c, e]",
1001401,r_2003,phenylacetaldehyde transport,"Transport [c, m]",
1001402,r_2004,phenylalanine transport,"Transport [c, m]",
1001403,r_2008,phosphate transport,"Transport [c, v]",YNR013C
1001404,r_2022,protoporphyrinogen IX transport,"Transport [c, m]",
1001405,r_2023,PRPP transport,"Transport [c, m]",
1001406,r_2025,pyridoxal kinase,Vitamin b6 metabolism,YNR027W
1001407,r_2026,pyridoxamine kinase,Vitamin b6 metabolism,YNR027W
1001408,r_2027,pyridoxamine phosphatase,Vitamin b6 metabolism,
1001409,r_2029,pyridoxine kinase,Vitamin b6 metabolism,YEL029C
1001410,r_2030,pyrimidine phosphatase,Riboflavin metabolism,
1001411,r_2031,pyrimidine-nucleoside phosphorylase (uracil),Pyrimidine metabolism,
1001412,r_2032,pyrophosphate transport,"Transport [c, m]",
1001413,r_2034,pyruvate transport,"Transport [c, m]",(YGL080W and YGR243W) or (YGL080W and YHR162W)
1001414,r_2036,quinolinate transport,"Transport [c, m]",
1001415,r_2037,reduced thioredoxin transport,"Transport [c, p]",
1001416,r_2039,riboflavin transport,"Transport [c, m]",
1001417,r_2040,riboflavin transport,"Transport [c, e]",YOR306C
1001418,r_2041,ribose transporter,"Transport [c, e]",YDR342C or YHR092C
1001419,r_2042,S-adenosyl-L-homocysteine transport,"Transport [c, m]",
1001420,r_2045,serine transport,"Transport [c, m]",YDR508C
1001421,r_2050,spermidine acetyltransferase,Arginine and proline metabolism,
1001422,r_2053,squalene transport,"Transport [c, er]",
1001423,r_2054,"squalene-2,3-epoxide transport","Transport [c, er]",
1001424,r_2057,succinate transport,"Transport [c, e]",
1001425,r_2063,tetracosanoyl-CoA transport,"Transport [c, er]",
1001426,r_2064,thiamin phosphatase,Thiamine metabolism,YDL024C
1001427,r_2065,thiaminase,Thiamine metabolism,
1001428,r_2069,thiamine-phosphate kinase,Thiamine metabolism,
1001429,r_2072,threonine transport,"Transport [c, m]",YDR508C
1001430,r_2074,thymidine kinase (ATP:thymidine),Pyrimidine metabolism,
1001431,r_2075,thymidine transport,"Transport [c, e]",
1001432,r_2079,trehalose transporter,"Transport [c, e]",YGR289C
1001433,r_2080,trehalose vacuolar transport,"Transport [c, v]",
1001434,r_2082,tryptophan transport,"Transport [c, m]",
1001435,r_2084,tryptophol transport,"Transport [c, e]",
1001436,r_2085,tryptophol transport,"Transport [c, m]",
1001437,r_2086,tyrosine transport,"Transport [c, m]",
1001438,r_2087,tyrosine transport,"Transport [c, p]",
1001439,r_2089,UMP transport,"Transport [c, n]",
1001440,r_2093,valine transport,"Transport [c, m]",
1001441,r_2094,water diffusion,"Transport [c, er]",YLL052C or YPR192W
1001442,r_2095,water diffusion,"Transport [c, g]",
1001443,r_2096,water diffusion,"Transport [c, m]",
1001444,r_2097,water diffusion,"Transport [c, n]",
1001445,r_2098,water diffusion,"Transport [c, p]",
1001446,r_2099,water diffusion,"Transport [c, v]",
1001447,r_2101,xanthine transport,"Transport [c, e]",
1001448,r_2103,xanthosine transport,"Transport [c, e]",
1001449,r_2105,xylitol transport,"Transport [c, e]",YDL245C or YLL043W
1001450,r_2107,zymosterol transport,"Transport [c, ce]",YIL013C or YOR011W
1001451,r_2108,lipid pseudoreaction - merge,Growth,
1001452,r_2112,kynurenine aminotransferase,Tryptophan metabolism,YJL060W
1001453,r_2113,spontaneous kynurenic acid to quinaldic acid,Tryptophan metabolism,
1001454,r_2114,spontaneous 2-amino-3-carboxymuconate-6-semialdehyde to quinolinate,Tryptophan metabolism,
1001455,r_2115,"alcohol dehydrogenase, (acetaldehyde to ethanol)",Glycolysis / gluconeogenesis,YBR145W or YOL086C
1001456,r_2116,acetaldehyde dehydrogenase,Glycolysis / gluconeogenesis,YMR110C or YMR170C or YER073W or YOR374W
1001457,r_2117,phenylalanine transaminase,"Phenylalanine, tyrosine and tryptophan biosynthesis",YHR137W
1001458,r_2118,tryptophan transaminase,"Phenylalanine, tyrosine and tryptophan biosynthesis",YHR137W
1001459,r_2119,tyrosine transaminase,"Phenylalanine, tyrosine and tryptophan biosynthesis",YHR137W
1001460,r_2125,coenzyme A: cytoplasm to LP,"Transport [c, lp]",
1001461,r_2126,sedoheptulose bisphosphatase,Glycolysis / gluconeogenesis,YKR043C
1001462,r_2129,proton leak,"Transport [c, m]",
1001463,r_2131,isocitrate dehydrogenase,Citrate cycle (TCA cycle),YDL066W
1001464,r_2132,oxoglutarate/malate exchange,"Transport [c, m]",YOR222W or YPL134C
1001465,r_2136,14-demethyllanosterol transport,"Transport [c, e]",
1001466,r_2139,"ergosta-5,7,22,24(28)-tetraen-3beta-ol transport","Transport [c, e]",
1001467,r_2140,fatty-acyl-CoA synthase (n-C16:0CoA),Fatty acid biosynthesis,YKL182W and YPL231W
1001468,r_2141,fatty-acyl-CoA synthase (n-C18:0CoA),Fatty acid biosynthesis,YKL182W and YPL231W
1001469,r_2142,B-ketoacyl-ACP synthase (acetoacetyl-ACP),Fatty acid biosynthesis,YER061C and YKL192C
1001470,r_2143,B-ketoacyl-ACP synthase (3-oxo-hexanoyl-ACP),Fatty acid biosynthesis,YER061C and YKL192C
1001471,r_2144,B-ketoacyl-ACP synthase (3-oxo-octanoyl-ACP),Fatty acid biosynthesis,YER061C and YKL192C
1001472,r_2145,3-oxoacyl-ACP reductase (3-hydroxybutanoyl-ACP),Fatty acid biosynthesis,YKL055C
1001473,r_2146,3-oxoacyl-ACP reductase (3-hydroxyhexanoyl-ACP),Fatty acid biosynthesis,YKL055C
1001474,r_2147,3-oxoacyl-ACP reductase (3-hydroxyoctanoyl-ACP),Fatty acid biosynthesis,YKL055C
1001475,r_2148,3-hydroxyacyl-thioester dehydratase (trans-but-2-enoyl-ACP),Fatty acid biosynthesis,YHR067W
1001476,r_2149,3-hydroxyacyl-thioester dehydratase (trans-hex-2-enoyl-ACP),Fatty acid biosynthesis,YHR067W
1001477,r_2150,3-hydroxyacyl-thioester dehydratase (trans-oct-2-enoyl-ACP),Fatty acid biosynthesis,YHR067W
1001478,r_2151,enoyl-ACP reductase (butanoyl-ACP),Biosynthesis of unsaturated fatty acids,YBR026C
1001479,r_2152,enoyl-ACP reductase (hexanoyl-ACP),Biosynthesis of unsaturated fatty acids,YBR026C
1001480,r_2153,enoyl-ACP reductase (octanoyl-ACP),Biosynthesis of unsaturated fatty acids,YBR026C
1001481,r_2154,elongase I (3-oxotetradecanoyl-CoA),Biosynthesis of unsaturated fatty acids,YJL196C
1001482,r_2155,elongase I (3-oxopalmitoyl-CoA),Biosynthesis of unsaturated fatty acids,YJL196C
1001483,r_2156,elongase II (3-oxooctadecanoyl-CoA),Biosynthesis of unsaturated fatty acids,YCR034W
1001484,r_2157,elongase II or III (3-oxoicosanoyl-CoA),Biosynthesis of unsaturated fatty acids,YCR034W or YLR372W
1001485,r_2158,elongase II or III (3-oxodocosanoyl-CoA),Biosynthesis of unsaturated fatty acids,YCR034W or YLR372W
1001486,r_2159,elongase II or III (3-oxotetracosanoyl-CoA),Biosynthesis of unsaturated fatty acids,YCR034W or YLR372W
1001487,r_2160,elongase III (3-oxohexacosanoyl-CoA),Biosynthesis of unsaturated fatty acids,YLR372W
1001488,r_2161,B-ketoacyl-CoA reductase ((S)-3-hydroxytetradecanoyl-CoA),Biosynthesis of unsaturated fatty acids,YBR159W
1001489,r_2162,B-ketoacyl-CoA reductase ((S)-3-hydroxypalmitoyl-CoA),Biosynthesis of unsaturated fatty acids,YBR159W
1001490,r_2163,B-ketoacyl-CoA reductase (3-hydroxyoctadecanoyl-CoA),Biosynthesis of unsaturated fatty acids,YBR159W
1001491,r_2164,B-ketoacyl-CoA reductase (3-hydroxyicosanoyl-CoA),Biosynthesis of unsaturated fatty acids,YBR159W
1001492,r_2165,B-ketoacyl-CoA reductase (3-hydroxydocosanoyl-CoA),Biosynthesis of unsaturated fatty acids,YBR159W
1001493,r_2166,B-ketoacyl-CoA reductase (3-hydroxytetracosanoyl-CoA),Biosynthesis of unsaturated fatty acids,YBR159W
1001494,r_2167,B-ketoacyl-CoA reductase ((S)-3-hydroxyhexacosanoyl-CoA),Biosynthesis of unsaturated fatty acids,YBR159W
1001495,r_2168,B-hydroxyacyl-CoA dehydratase (trans-tetradec-2-enoyl-CoA),Biosynthesis of unsaturated fatty acids,YJL097W
1001496,r_2169,B-hydroxyacyl-CoA dehydratase (trans-hexadec-2-enoyl-CoA),Biosynthesis of unsaturated fatty acids,YJL097W
1001497,r_2170,B-hydroxyacyl-CoA dehydratase (trans-octadec-2-enoyl-CoA),Biosynthesis of unsaturated fatty acids,YJL097W
1001498,r_2171,B-hydroxyacyl-CoA dehydratase (trans-icos-2-enoyl-CoA),Biosynthesis of unsaturated fatty acids,YJL097W
1001499,r_2172,B-hydroxyacyl-CoA dehydratase (trans-docos-2-enoyl-CoA),Biosynthesis of unsaturated fatty acids,YJL097W
1001500,r_2173,B-hydroxyacyl-CoA dehydratase (trans-tetracos-2-enoyl-CoA),Biosynthesis of unsaturated fatty acids,YJL097W
1001501,r_2174,B-hydroxyacyl-CoA dehydratase (trans-hexacos-2-enoyl-CoA),Biosynthesis of unsaturated fatty acids,YJL097W
1001502,r_2175,trans-2-enoyl-CoA reductase (n-C14:0CoA),Biosynthesis of unsaturated fatty acids,YDL015C
1001503,r_2176,trans-2-enoyl-CoA reductase (n-C16:0CoA),Biosynthesis of unsaturated fatty acids,YDL015C
1001504,r_2177,trans-2-enoyl-CoA reductase (n-C18:0CoA),Biosynthesis of unsaturated fatty acids,YDL015C
1001505,r_2178,trans-2-enoyl-CoA reductase (n-C20:0CoA),Biosynthesis of unsaturated fatty acids,YDL015C
1001506,r_2179,trans-2-enoyl-CoA reductase (n-C22:0CoA),Biosynthesis of unsaturated fatty acids,YDL015C
1001507,r_2180,trans-2-enoyl-CoA reductase (n-C24:0CoA),Biosynthesis of unsaturated fatty acids,YDL015C
1001508,r_2181,trans-2-enoyl-CoA reductase (n-C26:0CoA),Biosynthesis of unsaturated fatty acids,YDL015C
1001509,r_2182,"palmitoyl-CoA desaturase (n-C16:0CoA -> n-C16:1CoA), ER membrane",Biosynthesis of unsaturated fatty acids,YGL055W
1001510,r_2183,"stearoyl-CoA desaturase (n-C18:0CoA -> n-C18:1CoA), ER membrane",Biosynthesis of unsaturated fatty acids,YGL055W
1001511,r_2184,octanoate (n-C8:0) transport,"Transport [c, e]",
1001512,r_2185,decanoate (n-C10:0) transport,"Transport [c, e]",
1001513,r_2186,laurate (n-C12:0) transport,"Transport [c, e]",YBR041W
1001514,r_2190,butyrate (n-C4:0) transport,"Transport [c, e]",YNL065W
1001515,r_2191,hexanoate (n-C6:0) transport,"Transport [c, e]",YNL065W
1001516,r_2192,octadecenoate (n-C18:1) transport,"Transport [c, e]",YBR041W
1001517,r_2194,"fatty-acid--CoA ligase (dodecanoate), ER membrane",Fatty acid biosynthesis,YOR317W
1001518,r_2195,"fatty-acid--CoA ligase (tetradecanoate), ER membrane",Fatty acid biosynthesis,YMR246W or YOR317W
1001519,r_2196,"fatty-acid--CoA ligase (hexadecanoate), ER membrane",Fatty acid biosynthesis,YMR246W or YOR317W
1001520,r_2197,"fatty-acid--CoA ligase (hexadecenoate), ER membrane",Fatty acid biosynthesis,YMR246W or YOR317W
1001521,r_2198,"fatty-acid--CoA ligase (octadecanoate), ER membrane",Fatty acid biosynthesis,YMR246W or YOR317W
1001522,r_2199,"fatty-acid--CoA ligase (octadecenoate), ER membrane",Fatty acid biosynthesis,YMR246W or YOR317W
1001523,r_2200,"fatty-acid--CoA ligase (dodecanoate), lipid particle",Fatty acid biosynthesis,YOR317W
1001524,r_2201,"fatty-acid--CoA ligase (tetradecanoate), lipid particle",Fatty acid biosynthesis,YMR246W or YOR317W
1001525,r_2202,"fatty-acid--CoA ligase (hexadecanoate), lipid particle",Fatty acid biosynthesis,YMR246W or YOR317W
1001526,r_2203,"fatty-acid--CoA ligase (hexadecenoate), lipid particle",Fatty acid biosynthesis,YMR246W or YOR317W
1001527,r_2204,"fatty-acid--CoA ligase (octadecanoate), lipid particle",Fatty acid biosynthesis,YMR246W or YOR317W
1001528,r_2205,"fatty-acid--CoA ligase (octadecenoate), lipid particle",Fatty acid biosynthesis,YMR246W or YOR317W
1001529,r_2206,"fatty-acid--CoA ligase (hexadecenoate), peroxisome",Fatty acid biosynthesis,YER015W
1001530,r_2207,"fatty-acid--CoA ligase (octadecanoate), peroxisome",Fatty acid biosynthesis,YER015W
1001531,r_2208,"fatty-acid--CoA ligase (octadecenoate), peroxisome",Fatty acid biosynthesis,YER015W
1001532,r_2209,"fatty-acid--CoA ligase (arachidate), cell envelope",Fatty acid biosynthesis,YIL009W
1001533,r_2210,"fatty-acid--CoA ligase (behenate), cell envelope",Fatty acid biosynthesis,YIL009W
1001534,r_2211,"fatty-acid--CoA ligase (lignoceric acid), cell envelope",Fatty acid biosynthesis,YIL009W
1001535,r_2212,"fatty-acid--CoA ligase (cerotic acid), cell envelope",Fatty acid biosynthesis,YIL009W
1001536,r_2213,"fatty-acid--CoA ligase (behenate), ER membrane",Fatty acid biosynthesis,YBR041W
1001537,r_2214,"fatty-acid--CoA ligase (lignoceric acid), ER membrane",Fatty acid biosynthesis,YBR041W
1001538,r_2215,"fatty-acid--CoA ligase (cerotic acid), ER membrane",Fatty acid biosynthesis,YBR041W
1001539,r_2216,"fatty-acid--CoA ligase (behenate), lipid particle",Fatty acid biosynthesis,YBR041W
1001540,r_2217,"fatty-acid--CoA ligase (lignoceric acid), lipid particle",Fatty acid biosynthesis,YBR041W
1001541,r_2218,"fatty-acid--CoA ligase (cerotic acid), lipid particle",Fatty acid biosynthesis,YBR041W
1001542,r_2219,fatty acyl-CoA transport via ABC system (C12:0),"Transport [c, p]",YKL188C and YPL147W
1001543,r_2220,fatty acyl-CoA transport via ABC system (C14:0),"Transport [c, p]",YKL188C and YPL147W
1001544,r_2221,fatty acyl-CoA transport via ABC system (C16:0),"Transport [c, p]",YKL188C and YPL147W
1001545,r_2222,fatty acyl-CoA transport via ABC system (C16:1),"Transport [c, p]",YKL188C and YPL147W
1001546,r_2223,fatty acyl-CoA transport via ABC system (C18:0),"Transport [c, p]",YKL188C and YPL147W
1001547,r_2224,fatty acyl-CoA transport via ABC system (C18:1),"Transport [c, p]",YKL188C and YPL147W
1001548,r_2225,fatty acyl-CoA transport via ABC system (C20:0),"Transport [c, p]",YKL188C and YPL147W
1001549,r_2226,fatty acyl-CoA transport via ABC system (C22:0),"Transport [c, p]",YKL188C and YPL147W
1001550,r_2227,fatty acyl-CoA transport via ABC system (C24:0),"Transport [c, p]",YKL188C and YPL147W
1001551,r_2228,fatty acyl-CoA transport via ABC system (C26:0),"Transport [c, p]",YKL188C and YPL147W
1001552,r_2229,"butyrate (n-C4:0) transport, cytoplasm-peroxisome","Transport [c, p]",
1001553,r_2230,"hexanoate (n-C6:0) transport, cytoplasm-peroxisome","Transport [c, p]",
1001554,r_2231,"octadecenoate (n-C18:1) transport, cytoplasm-peroxisome","Transport [c, p]",YKL188C and YPL147W
1001555,r_2232,peroxisomal acyl-CoA thioesterase (4:0),Biosynthesis of unsaturated fatty acids,YJR019C
1001556,r_2233,peroxisomal acyl-CoA thioesterase (6:0),Biosynthesis of unsaturated fatty acids,YJR019C
1001557,r_2234,peroxisomal acyl-CoA thioesterase (16:1),Biosynthesis of unsaturated fatty acids,YJR019C
1001558,r_2235,peroxisomal acyl-CoA thioesterase (18:1),Biosynthesis of unsaturated fatty acids,YJR019C
1001559,r_2236,acyl-CoA oxidase (butanoyl-CoA),Fatty acid degradation,YGL205W
1001560,r_2237,acyl-CoA oxidase (hexanoyl-CoA),Fatty acid degradation,YGL205W
1001561,r_2238,acyl-CoA oxidase (octanoyl-CoA),Fatty acid degradation,YGL205W
1001562,r_2239,acyl-CoA oxidase (icosanoyl-CoA),Fatty acid degradation,YGL205W
1001563,r_2240,acyl-CoA oxidase (docosanoyl-CoA),Fatty acid degradation,YGL205W
1001564,r_2241,acyl-CoA oxidase (tetracosanoyl-CoA),Fatty acid degradation,YGL205W
1001565,r_2242,acyl-CoA oxidase (palmitoleoyl-CoA),Fatty acid degradation,YGL205W
1001566,r_2243,acyl-CoA oxidase (cis-tetradec-7-enoyl-CoA),Fatty acid degradation,YGL205W
1001567,r_2244,acyl-CoA oxidase (cis-dodec-5-enoyl-CoA),Fatty acid degradation,YGL205W
1001568,r_2245,acyl-CoA oxidase (oleoyl-CoA),Fatty acid degradation,YGL205W
1001569,r_2246,acyl-CoA oxidase (cis-hexadec-7-enoyl-CoA),Fatty acid degradation,YGL205W
1001570,r_2247,acyl-CoA oxidase (cis-tetradec-5-enoyl-CoA),Fatty acid degradation,YGL205W
1001571,r_2248,2-enoyl-CoA hydratase (3-hydroxydecanoyl-CoA),Fatty acid degradation,YKR009C
1001572,r_2249,2-enoyl-CoA hydratase (3-hydroxydodecanoyl-CoA),Fatty acid degradation,YKR009C
1001573,r_2250,2-enoyl-CoA hydratase (3-hydroxytetradecanoyl-CoA),Fatty acid degradation,YKR009C
1001574,r_2251,2-enoyl-CoA hydratase (3-hydroxyhexadecanoyl-CoA),Fatty acid degradation,YKR009C
1001575,r_2252,2-enoyl-CoA hydratase (3-hydroxyoctadecanoyl-CoA),Fatty acid degradation,YKR009C
1001576,r_2253,2-enoyl-CoA hydratase (3-hydroxyhexacosanoyl-CoA),Fatty acid degradation,YKR009C
1001577,r_2254,2-enoyl-CoA hydratase (3-hydroxybutanoyl-CoA),Fatty acid degradation,YKR009C
1001578,r_2255,2-enoyl-CoA hydratase (3-hydroxyhexanoyl-CoA),Fatty acid degradation,YKR009C
1001579,r_2256,2-enoyl-CoA hydratase (3-hydroxyoctanoyl-CoA),Fatty acid degradation,YKR009C
1001580,r_2257,2-enoyl-CoA hydratase (3-hydroxyicosanoyl-CoA),Fatty acid degradation,YKR009C
1001581,r_2258,2-enoyl-CoA hydratase (3-hydroxydocosanoyl-CoA),Fatty acid degradation,YKR009C
1001582,r_2259,2-enoyl-CoA hydratase (3-hydroxytetracosanoyl-CoA),Fatty acid degradation,YKR009C
1001583,r_2260,2-enoyl-CoA hydratase (3-hydroxy-cis-hexadec-9-enoyl-CoA),Fatty acid degradation,YKR009C
1001584,r_2261,2-enoyl-CoA hydratase (3-hydroxy-cis-tetradec-7-enoyl-CoA),Fatty acid degradation,YKR009C
1001585,r_2262,2-enoyl-CoA hydratase (3-hydroxy-cis-dodec-5-enoyl-CoA),Fatty acid degradation,YKR009C
1001586,r_2263,2-enoyl-CoA hydratase (3-hydroxy-cis-octadec-9-enoyl-CoA),Fatty acid degradation,YKR009C
1001587,r_2264,2-enoyl-CoA hydratase (3-hydroxy-cis-hexadec-7-enoyl-CoA),Fatty acid degradation,YKR009C
1001588,r_2265,2-enoyl-CoA hydratase (3-hydroxy-cis-tetradec-5-enoyl-CoA),Fatty acid degradation,YKR009C
1001589,r_2266,3-hydroxyacyl-CoA dehydrogenase (3-oxodecanoyl-CoA),Fatty acid degradation,YKR009C
1001590,r_2267,3-hydroxyacyl-CoA dehydrogenase (3-oxododecanoyl-CoA),Fatty acid degradation,YKR009C
1001591,r_2268,3-hydroxyacyl-CoA dehydrogenase (3-oxohexadecanoyl-CoA),Fatty acid degradation,YKR009C
1001592,r_2269,3-hydroxyacyl-CoA dehydrogenase (3-oxooctadecanoyl-CoA),Fatty acid degradation,YKR009C
1001593,r_2270,3-hydroxyacyl-CoA dehydrogenase (3-oxohexacosanoyl-CoA),Fatty acid degradation,YKR009C
1001594,r_2271,3-hydroxyacyl-CoA dehydrogenase (3-oxobutanoyl-CoA),Fatty acid degradation,YKR009C
1001595,r_2272,3-hydroxyacyl-CoA dehydrogenase (3-oxohexanoyl-CoA),Fatty acid degradation,YKR009C
1001596,r_2273,3-hydroxyacyl-CoA dehydrogenase (3-oxooctanoyl-CoA),Fatty acid degradation,YKR009C
1001597,r_2274,3-hydroxyacyl-CoA dehydrogenase (3-oxoicosanoyl-CoA),Fatty acid degradation,YKR009C
1001598,r_2275,3-hydroxyacyl-CoA dehydrogenase (3-oxodocosanoyl-CoA),Fatty acid degradation,YKR009C
1001599,r_2276,3-hydroxyacyl-CoA dehydrogenase (3-oxotetracosanoyl-CoA),Fatty acid degradation,YKR009C
1001600,r_2277,3-hydroxyacyl-CoA dehydrogenase (3-oxo-cis-hexadec-9-enoyl-CoA),Fatty acid degradation,YKR009C
1001601,r_2278,3-hydroxyacyl-CoA dehydrogenase (3-oxo-cis-tetradec-7-enoyl-CoA),Fatty acid degradation,YKR009C
1001602,r_2279,3-hydroxyacyl-CoA dehydrogenase (3-oxo-cis-dodec-5-enoyl-CoA),Fatty acid degradation,YKR009C
1001603,r_2280,3-hydroxyacyl-CoA dehydrogenase (3-oxo-cis-octadec-9-enoyl-CoA),Fatty acid degradation,YKR009C
1001604,r_2281,3-hydroxyacyl-CoA dehydrogenase (3-oxo-cis-hexadec-7-enoyl-CoA),Fatty acid degradation,YKR009C
1001605,r_2282,3-hydroxyacyl-CoA dehydrogenase (3-oxo-cis-tetradec-5-enoyl-CoA),Fatty acid degradation,YKR009C
1001606,r_2283,acetyl-CoA C-acyltransferase (acetyl-CoA),Fatty acid degradation,YIL160C
1001607,r_2284,acetyl-CoA C-acyltransferase (butanoyl-CoA),Fatty acid degradation,YIL160C
1001608,r_2285,acetyl-CoA C-acyltransferase (hexanoyl-CoA),Fatty acid degradation,YIL160C
1001609,r_2286,acetyl-CoA C-acyltransferase (stearoyl-CoA),Fatty acid degradation,YIL160C
1001610,r_2287,acetyl-CoA C-acyltransferase (icosanoyl-CoA),Fatty acid degradation,YIL160C
1001611,r_2288,acetyl-CoA C-acyltransferase (docosanoyl-CoA),Fatty acid degradation,YIL160C
1001612,r_2289,acetyl-CoA C-acyltransferase (cis-tetradec-7-enoyl-CoA),Fatty acid degradation,YIL160C
1001613,r_2290,acetyl-CoA C-acyltransferase (cis-dodec-5-enoyl-CoA),Fatty acid degradation,YIL160C
1001614,r_2291,acetyl-CoA C-acyltransferase (cis-dec-3-enoyl-CoA),Fatty acid degradation,YIL160C
1001615,r_2292,acetyl-CoA C-acyltransferase (cis-hexadec-7-enoyl-CoA),Fatty acid degradation,YIL160C
1001616,r_2293,acetyl-CoA C-acyltransferase (cis-tetradec-5-enoyl-CoA),Fatty acid degradation,YIL160C
1001617,r_2294,acetyl-CoA C-acyltransferase (cis-dodec-3-enoyl-CoA),Fatty acid degradation,YIL160C
1001618,r_2295,"delta3,delta2-enoyl-CoA isomerase (cis-dec-3-enoyl-CoA)",Fatty acid degradation,YLR284C
1001619,r_2296,"delta3,delta2-enoyl-CoA isomerase (trans-2,cis-5-dodecadienoyl-CoA)",Fatty acid degradation,YLR284C
1001620,r_2297,"delta3,delta2-enoyl-CoA isomerase (trans-dodec-3-enoyl-CoA)",Fatty acid degradation,YLR284C
1001621,r_2298,"delta3,delta2-enoyl-CoA isomerase (cis-dodec-3-enoyl-CoA)",Fatty acid degradation,YLR284C
1001622,r_2299,"delta3,delta2-enoyl-CoA isomerase (trans-2,cis-5-tetradecadienoyl-CoA)",Fatty acid degradation,YLR284C
1001623,r_2300,"delta3,delta2-enoyl-CoA isomerase (trans-tetradec-3-enoyl-CoA)",Fatty acid degradation,YLR284C
1001624,r_2301,"delta(3,5)-delta(2,4)-dienoyl-CoA isomerase (trans-3,cis-5-dodecadienoyl-CoA)",Fatty acid degradation,YOR180C
1001625,r_2302,"delta(3,5)-delta(2,4)-dienoyl-CoA isomerase (trans-3,cis-5-tetradecadienoyl-CoA)",Fatty acid degradation,YOR180C
1001626,r_2303,"2,4-dienoyl-CoA reductase (trans-2,trans-4-dodecadienoyl-CoA)",Ascospore biosynthesis,YNL202W
1001627,r_2304,"2,4-dienoyl-CoA reductase (trans-2,trans-4-tetradecadienoyl-CoA)",Ascospore biosynthesis,YNL202W
1001628,r_2305,cis-aconitate(3-) to isocitrate,Citrate cycle (TCA cycle),YLR304C
1001629,r_2308,"glycerol-3-phosphate acyltransferase (16:0), ER membrane",Glycerolipid metabolism,YBL011W or YKR067W
1001630,r_2309,"glycerol-3-phosphate acyltransferase (16:1), ER membrane",Glycerolipid metabolism,YBL011W or YKR067W
1001631,r_2310,"glycerol-3-phosphate acyltransferase (18:0), ER membrane",Glycerolipid metabolism,YKR067W
1001632,r_2311,"glycerol-3-phosphate acyltransferase (18:1), ER membrane",Glycerolipid metabolism,YKR067W
1001633,r_2312,"dihydroxyacetone phosphate acyltransferase (16:0), ER membrane",Glycerolipid metabolism,YBL011W or YKR067W
1001634,r_2313,"dihydroxyacetone phosphate acyltransferase (16:1), ER membrane",Glycerolipid metabolism,YBL011W or YKR067W
1001635,r_2314,"dihydroxyacetone phosphate acyltransferase (18:0), ER membrane",Glycerolipid metabolism,YKR067W
1001636,r_2315,"dihydroxyacetone phosphate acyltransferase (18:1), ER membrane",Glycerolipid metabolism,YKR067W
1001637,r_2316,"glycerol-3-phosphate acyltransferase (16:0), lipid particle",Glycerolipid metabolism,YKR067W
1001638,r_2317,"glycerol-3-phosphate acyltransferase (16:1), lipid particle",Glycerolipid metabolism,YKR067W
1001639,r_2318,"glycerol-3-phosphate acyltransferase (18:0), lipid particle",Glycerolipid metabolism,YKR067W
1001640,r_2319,"glycerol-3-phosphate acyltransferase (18:1), lipid particle",Glycerolipid metabolism,YKR067W
1001641,r_2320,"dihydroxyacetone phosphate acyltransferase (16:0), lipid particle",Glycerolipid metabolism,YKR067W
1001642,r_2321,"dihydroxyacetone phosphate acyltransferase (16:1), lipid particle",Glycerolipid metabolism,YKR067W
1001643,r_2322,"dihydroxyacetone phosphate acyltransferase (18:0), lipid particle",Glycerolipid metabolism,YKR067W
1001644,r_2323,"dihydroxyacetone phosphate acyltransferase (18:1), lipid particle",Glycerolipid metabolism,YKR067W
1001645,r_2324,"acyl dhap reductase (16:0), ER membrane",Glycerophospholipid metabolism,YIL124W
1001646,r_2325,"acyl dhap reductase (16:1), ER membrane",Glycerophospholipid metabolism,YIL124W
1001647,r_2326,"acyl dhap reductase (18:0), ER membrane",Glycerophospholipid metabolism,YIL124W
1001648,r_2327,"acyl dhap reductase (18:1), ER membrane",Glycerophospholipid metabolism,YIL124W
1001649,r_2328,"acyl dhap reductase (16:0), lipid particle",Glycerophospholipid metabolism,YIL124W
1001650,r_2329,"acyl dhap reductase (16:1), lipid particle",Glycerophospholipid metabolism,YIL124W
1001651,r_2330,"acyl dhap reductase (18:0), lipid particle",Glycerophospholipid metabolism,YIL124W
1001652,r_2331,"acyl dhap reductase (18:1), lipid particle",Glycerophospholipid metabolism,YIL124W
1001653,r_2332,"1-acyl-sn-glycerol-3-phosphate acyltransferase (1-16:0, 2-16:1), ER membrane",Glycerolipid metabolism,YOR175C
1001654,r_2333,"1-acyl-sn-glycerol-3-phosphate acyltransferase (1-16:0, 2-18:1), ER membrane",Glycerolipid metabolism,YDL052C or YOR175C
1001655,r_2334,"1-acyl-sn-glycerol-3-phosphate acyltransferase (1-16:1, 2-16:1), ER membrane",Glycerolipid metabolism,YOR175C
1001656,r_2335,"1-acyl-sn-glycerol-3-phosphate acyltransferase (1-16:1, 2-18:1), ER membrane",Glycerolipid metabolism,YDL052C or YOR175C
1001657,r_2336,"1-acyl-sn-glycerol-3-phosphate acyltransferase (1-18:0, 2-16:1), ER membrane",Glycerolipid metabolism,YOR175C
1001658,r_2337,"1-acyl-sn-glycerol-3-phosphate acyltransferase (1-18:0, 2-18:1), ER membrane",Glycerolipid metabolism,YDL052C or YOR175C
1001659,r_2338,"1-acyl-sn-glycerol-3-phosphate acyltransferase (1-18:1, 2-16:1), ER membrane",Glycerolipid metabolism,YOR175C
1001660,r_2339,"1-acyl-sn-glycerol-3-phosphate acyltransferase (1-18:1, 2-18:1), ER membrane",Glycerolipid metabolism,YDL052C or YOR175C
1001661,r_2340,"1-acyl-sn-glycerol-3-phosphate acyltransferase (1-16:0, 2-18:1), lipid particle",Glycerolipid metabolism,YDL052C or YKR089C or YOR081C
1001662,r_2341,"1-acyl-sn-glycerol-3-phosphate acyltransferase (1-16:1, 2-18:1), lipid particle",Glycerolipid metabolism,YDL052C or YKR089C or YOR081C
1001663,r_2342,"1-acyl-sn-glycerol-3-phosphate acyltransferase (1-18:0, 2-18:1), lipid particle",Glycerolipid metabolism,YDL052C or YKR089C or YOR081C
1001664,r_2343,"1-acyl-sn-glycerol-3-phosphate acyltransferase (1-18:1, 2-18:1), lipid particle",Glycerolipid metabolism,YDL052C or YKR089C or YOR081C
1001665,r_2344,"PA phosphatase (1-16:0, 2-16:1), ER membrane",Glycerolipid metabolism,YMR165C
1001666,r_2345,"PA phosphatase (1-16:0, 2-18:1), ER membrane",Glycerolipid metabolism,YMR165C
1001667,r_2346,"PA phosphatase (1-16:1, 2-16:1), ER membrane",Glycerolipid metabolism,YMR165C
1001668,r_2347,"PA phosphatase (1-16:1, 2-18:1), ER membrane",Glycerolipid metabolism,YMR165C
1001669,r_2348,"PA phosphatase (1-18:0, 2-16:1), ER membrane",Glycerolipid metabolism,YMR165C
1001670,r_2349,"PA phosphatase (1-18:0, 2-18:1), ER membrane",Glycerolipid metabolism,YMR165C
1001671,r_2350,"PA phosphatase (1-18:1, 2-16:1), ER membrane",Glycerolipid metabolism,YMR165C
1001672,r_2351,"PA phosphatase (1-18:1, 2-18:1), ER membrane",Glycerolipid metabolism,YMR165C
1001673,r_2352,"PA phosphatase (1-16:0, 2-16:1), vacuolar membrane",Glycerolipid metabolism,YDR284C
1001674,r_2353,"PA phosphatase (1-16:0, 2-18:1), vacuolar membrane",Glycerolipid metabolism,YDR284C
1001675,r_2354,"PA phosphatase (1-16:1, 2-16:1), vacuolar membrane",Glycerolipid metabolism,YDR284C
1001676,r_2355,"PA phosphatase (1-16:1, 2-18:1), vacuolar membrane",Glycerolipid metabolism,YDR284C
1001677,r_2356,"PA phosphatase (1-18:0, 2-16:1), vacuolar membrane",Glycerolipid metabolism,YDR284C
1001678,r_2357,"PA phosphatase (1-18:0, 2-18:1), vacuolar membrane",Glycerolipid metabolism,YDR284C
1001679,r_2358,"PA phosphatase (1-18:1, 2-16:1), vacuolar membrane",Glycerolipid metabolism,YDR284C
1001680,r_2359,"PA phosphatase (1-18:1, 2-18:1), vacuolar membrane",Glycerolipid metabolism,YDR284C
1001681,r_2360,"PA phosphatase (1-16:0, 2-16:1), Golgi membrane",Glycerolipid metabolism,YDR503C
1001682,r_2361,"PA phosphatase (1-16:0, 2-18:1), Golgi membrane",Glycerolipid metabolism,YDR503C
1001683,r_2362,"PA phosphatase (1-16:1, 2-16:1), Golgi membrane",Glycerolipid metabolism,YDR503C
1001684,r_2363,"PA phosphatase (1-16:1, 2-18:1), Golgi membrane",Glycerolipid metabolism,YDR503C
1001685,r_2364,"PA phosphatase (1-18:0, 2-16:1), Golgi membrane",Glycerolipid metabolism,YDR503C
1001686,r_2365,"PA phosphatase (1-18:0, 2-18:1), Golgi membrane",Glycerolipid metabolism,YDR503C
1001687,r_2366,"PA phosphatase (1-18:1, 2-16:1), Golgi membrane",Glycerolipid metabolism,YDR503C
1001688,r_2367,"PA phosphatase (1-18:1, 2-18:1), Golgi membrane",Glycerolipid metabolism,YDR503C
1001689,r_2368,"diacylglycerol acyltransferase (1-16:0, 2-16:1, 3-16:0), ER membrane",Glycerolipid metabolism,YCR048W or YNR019W or YOR245C
1001690,r_2369,"diacylglycerol acyltransferase (1-16:0, 2-18:1, 3-16:0), ER membrane",Glycerolipid metabolism,YCR048W or YNR019W or YOR245C
1001691,r_2370,"diacylglycerol acyltransferase (1-16:1, 2-16:1, 3-16:0), ER membrane",Glycerolipid metabolism,YCR048W or YNR019W or YOR245C
1001692,r_2371,"diacylglycerol acyltransferase (1-16:1, 2-18:1, 3-16:0), ER membrane",Glycerolipid metabolism,YCR048W or YNR019W or YOR245C
1001693,r_2372,"diacylglycerol acyltransferase (1-18:0, 2-16:1, 3-16:0), ER membrane",Glycerolipid metabolism,YCR048W or YNR019W or YOR245C
1001694,r_2373,"diacylglycerol acyltransferase (1-18:0, 2-18:1, 3-16:0), ER membrane",Glycerolipid metabolism,YCR048W or YNR019W or YOR245C
1001695,r_2374,"diacylglycerol acyltransferase (1-18:1, 2-16:1, 3-16:0), ER membrane",Glycerolipid metabolism,YCR048W or YNR019W or YOR245C
1001696,r_2375,"diacylglycerol acyltransferase (1-18:1, 2-18:1, 3-16:0), ER membrane",Glycerolipid metabolism,YCR048W or YNR019W or YOR245C
1001697,r_2376,"diacylglycerol acyltransferase (1-16:0, 2-16:1, 3-16:1), ER membrane",Glycerolipid metabolism,YCR048W or YNR019W or YOR245C
1001698,r_2377,"diacylglycerol acyltransferase (1-16:0, 2-18:1, 3-16:1), ER membrane",Glycerolipid metabolism,YCR048W or YNR019W or YOR245C
1001699,r_2378,"diacylglycerol acyltransferase (1-16:1, 2-16:1, 3-16:1), ER membrane",Glycerolipid metabolism,YCR048W or YNR019W or YOR245C
1001700,r_2379,"diacylglycerol acyltransferase (1-16:1, 2-18:1, 3-16:1), ER membrane",Glycerolipid metabolism,YCR048W or YNR019W or YOR245C
1001701,r_2380,"diacylglycerol acyltransferase (1-18:0, 2-16:1, 3-16:1), ER membrane",Glycerolipid metabolism,YCR048W or YNR019W or YOR245C
1001702,r_2381,"diacylglycerol acyltransferase (1-18:0, 2-18:1, 3-16:1), ER membrane",Glycerolipid metabolism,YCR048W or YNR019W or YOR245C
1001703,r_2382,"diacylglycerol acyltransferase (1-18:1, 2-16:1, 3-16:1), ER membrane",Glycerolipid metabolism,YCR048W or YNR019W or YOR245C
1001704,r_2383,"diacylglycerol acyltransferase (1-18:1, 2-18:1, 3-16:1), ER membrane",Glycerolipid metabolism,YCR048W or YNR019W or YOR245C
1001705,r_2384,"diacylglycerol acyltransferase (1-16:0, 2-16:1, 3-18:0), ER membrane",Glycerolipid metabolism,YCR048W or YNR019W or YOR245C
1001706,r_2385,"diacylglycerol acyltransferase (1-16:0, 2-18:1, 3-18:0), ER membrane",Glycerolipid metabolism,YCR048W or YNR019W or YOR245C
1001707,r_2386,"diacylglycerol acyltransferase (1-16:1, 2-16:1, 3-18:0), ER membrane",Glycerolipid metabolism,YCR048W or YNR019W or YOR245C
1001708,r_2387,"diacylglycerol acyltransferase (1-16:1, 2-18:1, 3-18:0), ER membrane",Glycerolipid metabolism,YCR048W or YNR019W or YOR245C
1001709,r_2388,"diacylglycerol acyltransferase (1-18:0, 2-16:1, 3-18:0), ER membrane",Glycerolipid metabolism,YCR048W or YNR019W or YOR245C
1001710,r_2389,"diacylglycerol acyltransferase (1-18:0, 2-18:1, 3-18:0), ER membrane",Glycerolipid metabolism,YCR048W or YNR019W or YOR245C
1001711,r_2390,"diacylglycerol acyltransferase (1-18:1, 2-16:1, 3-18:0), ER membrane",Glycerolipid metabolism,YCR048W or YNR019W or YOR245C
1001712,r_2391,"diacylglycerol acyltransferase (1-18:1, 2-18:1, 3-18:0), ER membrane",Glycerolipid metabolism,YCR048W or YNR019W or YOR245C
1001713,r_2392,"diacylglycerol acyltransferase (1-16:0, 2-16:1, 3-18:1), ER membrane",Glycerolipid metabolism,YCR048W or YNR019W or YOR245C
1001714,r_2393,"diacylglycerol acyltransferase (1-16:0, 2-18:1, 3-18:1), ER membrane",Glycerolipid metabolism,YCR048W or YNR019W or YOR245C
1001715,r_2394,"diacylglycerol acyltransferase (1-16:1, 2-16:1, 3-18:1), ER membrane",Glycerolipid metabolism,YCR048W or YNR019W or YOR245C
1001716,r_2395,"diacylglycerol acyltransferase (1-16:1, 2-18:1, 3-18:1), ER membrane",Glycerolipid metabolism,YCR048W or YNR019W or YOR245C
1001717,r_2396,"diacylglycerol acyltransferase (1-18:0, 2-16:1, 3-18:1), ER membrane",Glycerolipid metabolism,YCR048W or YNR019W or YOR245C
1001718,r_2397,"diacylglycerol acyltransferase (1-18:0, 2-18:1, 3-18:1), ER membrane",Glycerolipid metabolism,YCR048W or YNR019W or YOR245C
1001719,r_2398,"diacylglycerol acyltransferase (1-18:1, 2-16:1, 3-18:1), ER membrane",Glycerolipid metabolism,YCR048W or YNR019W or YOR245C
1001720,r_2399,"diacylglycerol acyltransferase (1-18:1, 2-18:1, 3-18:1), ER membrane",Glycerolipid metabolism,YCR048W or YNR019W or YOR245C
1001721,r_2400,"diacylglycerol acyltransferase (1-16:0, 2-16:1, 3-16:0), lipid particle",Glycerolipid metabolism,YOR245C
1001722,r_2401,"diacylglycerol acyltransferase (1-16:0, 2-18:1, 3-16:0), lipid particle",Glycerolipid metabolism,YOR245C
1001723,r_2402,"diacylglycerol acyltransferase (1-16:1, 2-16:1, 3-16:0), lipid particle",Glycerolipid metabolism,YOR245C
1001724,r_2403,"diacylglycerol acyltransferase (1-16:1, 2-18:1, 3-16:0), lipid particle",Glycerolipid metabolism,YOR245C
1001725,r_2404,"diacylglycerol acyltransferase (1-18:0, 2-16:1, 3-16:0), lipid particle",Glycerolipid metabolism,YOR245C
1001726,r_2405,"diacylglycerol acyltransferase (1-18:0, 2-18:1, 3-16:0), lipid particle",Glycerolipid metabolism,YOR245C
1001727,r_2406,"diacylglycerol acyltransferase (1-18:1, 2-16:1, 3-16:0), lipid particle",Glycerolipid metabolism,YOR245C
1001728,r_2407,"diacylglycerol acyltransferase (1-18:1, 2-18:1, 3-16:0), lipid particle",Glycerolipid metabolism,YOR245C
1001729,r_2408,"diacylglycerol acyltransferase (1-16:0, 2-16:1, 3-16:1), lipid particle",Glycerolipid metabolism,YOR245C
1001730,r_2409,"diacylglycerol acyltransferase (1-16:0, 2-18:1, 3-16:1), lipid particle",Glycerolipid metabolism,YOR245C
1001731,r_2410,"diacylglycerol acyltransferase (1-16:1, 2-16:1, 3-16:1), lipid particle",Glycerolipid metabolism,YOR245C
1001732,r_2411,"diacylglycerol acyltransferase (1-16:1, 2-18:1, 3-16:1), lipid particle",Glycerolipid metabolism,YOR245C
1001733,r_2412,"diacylglycerol acyltransferase (1-18:0, 2-16:1, 3-16:1), lipid particle",Glycerolipid metabolism,YOR245C
1001734,r_2413,"diacylglycerol acyltransferase (1-18:0, 2-18:1, 3-16:1), lipid particle",Glycerolipid metabolism,YOR245C
1001735,r_2414,"diacylglycerol acyltransferase (1-18:1, 2-16:1, 3-16:1), lipid particle",Glycerolipid metabolism,YOR245C
1001736,r_2415,"diacylglycerol acyltransferase (1-18:1, 2-18:1, 3-16:1), lipid particle",Glycerolipid metabolism,YOR245C
1001737,r_2416,"diacylglycerol acyltransferase (1-16:0, 2-16:1, 3-18:0), lipid particle",Glycerolipid metabolism,YOR245C
1001738,r_2417,"diacylglycerol acyltransferase (1-16:0, 2-18:1, 3-18:0), lipid particle",Glycerolipid metabolism,YOR245C
1001739,r_2418,"diacylglycerol acyltransferase (1-16:1, 2-16:1, 3-18:0), lipid particle",Glycerolipid metabolism,YOR245C
1001740,r_2419,"diacylglycerol acyltransferase (1-16:1, 2-18:1, 3-18:0), lipid particle",Glycerolipid metabolism,YOR245C
1001741,r_2420,"diacylglycerol acyltransferase (1-18:0, 2-16:1, 3-18:0), lipid particle",Glycerolipid metabolism,YOR245C
1001742,r_2421,"diacylglycerol acyltransferase (1-18:0, 2-18:1, 3-18:0), lipid particle",Glycerolipid metabolism,YOR245C
1001743,r_2422,"diacylglycerol acyltransferase (1-18:1, 2-16:1, 3-18:0), lipid particle",Glycerolipid metabolism,YOR245C
1001744,r_2423,"diacylglycerol acyltransferase (1-18:1, 2-18:1, 3-18:0), lipid particle",Glycerolipid metabolism,YOR245C
1001745,r_2424,"diacylglycerol acyltransferase (1-16:0, 2-16:1, 3-18:1), lipid particle",Glycerolipid metabolism,YOR245C
1001746,r_2425,"diacylglycerol acyltransferase (1-16:0, 2-18:1, 3-18:1), lipid particle",Glycerolipid metabolism,YOR245C
1001747,r_2426,"diacylglycerol acyltransferase (1-16:1, 2-16:1, 3-18:1), lipid particle",Glycerolipid metabolism,YOR245C
1001748,r_2427,"diacylglycerol acyltransferase (1-16:1, 2-18:1, 3-18:1), lipid particle",Glycerolipid metabolism,YOR245C
1001749,r_2428,"diacylglycerol acyltransferase (1-18:0, 2-16:1, 3-18:1), lipid particle",Glycerolipid metabolism,YOR245C
1001750,r_2429,"diacylglycerol acyltransferase (1-18:0, 2-18:1, 3-18:1), lipid particle",Glycerolipid metabolism,YOR245C
1001751,r_2430,"diacylglycerol acyltransferase (1-18:1, 2-16:1, 3-18:1), lipid particle",Glycerolipid metabolism,YOR245C
1001752,r_2431,"diacylglycerol acyltransferase (1-18:1, 2-18:1, 3-18:1), lipid particle",Glycerolipid metabolism,YOR245C
1001753,r_2432,"CDP-diacylglycerol synthase (1-16:0, 2-16:1), ER membrane",Glycerophospholipid metabolism,YBR029C
1001754,r_2433,"CDP-diacylglycerol synthase (1-16:1, 2-16:1), ER membrane",Glycerophospholipid metabolism,YBR029C
1001755,r_2434,"CDP-diacylglycerol synthase (1-18:0, 2-16:1), ER membrane",Glycerophospholipid metabolism,YBR029C
1001756,r_2435,"CDP-diacylglycerol synthase (1-18:1, 2-16:1), ER membrane",Glycerophospholipid metabolism,YBR029C
1001757,r_2436,"CDP-diacylglycerol synthase (1-16:0, 2-18:1), ER membrane",Glycerophospholipid metabolism,YBR029C
1001758,r_2437,"CDP-diacylglycerol synthase (1-16:1, 2-18:1), ER membrane",Glycerophospholipid metabolism,YBR029C
1001759,r_2438,"CDP-diacylglycerol synthase (1-18:0, 2-18:1), ER membrane",Glycerophospholipid metabolism,YBR029C
1001760,r_2439,"CDP-diacylglycerol synthase (1-18:1, 2-18:1), ER membrane",Glycerophospholipid metabolism,YBR029C
1001761,r_2440,"CDP-diacylglycerol synthase (1-16:0, 2-16:1), mitochondrial membrane",Glycerophospholipid metabolism,YBR029C
1001762,r_2441,"CDP-diacylglycerol synthase (1-16:1, 2-16:1), mitochondrial membrane",Glycerophospholipid metabolism,YBR029C
1001763,r_2442,"CDP-diacylglycerol synthase (1-18:0, 2-16:1), mitochondrial membrane",Glycerophospholipid metabolism,YBR029C
1001764,r_2443,"CDP-diacylglycerol synthase (1-18:1, 2-16:1), mitochondrial membrane",Glycerophospholipid metabolism,YBR029C
1001765,r_2444,"CDP-diacylglycerol synthase (1-16:0, 2-18:1), mitochondrial membrane",Glycerophospholipid metabolism,YBR029C
1001766,r_2445,"CDP-diacylglycerol synthase (1-16:1, 2-18:1), mitochondrial membrane",Glycerophospholipid metabolism,YBR029C
1001767,r_2446,"PS synthase (1-16:0, 2-16:1), ER membrane",Glycerophospholipid metabolism,YER026C
1001768,r_2447,"PS synthase (1-16:1, 2-16:1), ER membrane",Glycerophospholipid metabolism,YER026C
1001769,r_2448,"PS synthase (1-18:0, 2-16:1), ER membrane",Glycerophospholipid metabolism,YER026C
1001770,r_2449,"PS synthase (1-18:1, 2-16:1), ER membrane",Glycerophospholipid metabolism,YER026C
1001771,r_2450,"PS synthase (1-16:0, 2-18:1), ER membrane",Glycerophospholipid metabolism,YER026C
1001772,r_2451,"PS synthase (1-16:1, 2-18:1), ER membrane",Glycerophospholipid metabolism,YER026C
1001773,r_2452,"PS synthase (1-18:0, 2-18:1), ER membrane",Glycerophospholipid metabolism,YER026C
1001774,r_2453,"PS synthase (1-18:1, 2-18:1), ER membrane",Glycerophospholipid metabolism,YER026C
1001775,r_2454,"PI synthase (1-16:0, 2-16:1), ER membrane",Inositol phosphate metabolism,YPR113W
1001776,r_2455,"PI synthase (1-16:1, 2-16:1), ER membrane",Inositol phosphate metabolism,YPR113W
1001777,r_2456,"PI synthase (1-18:0, 2-16:1), ER membrane",Inositol phosphate metabolism,YPR113W
1001778,r_2457,"PI synthase (1-18:1, 2-16:1), ER membrane",Inositol phosphate metabolism,YPR113W
1001779,r_2458,"PI synthase (1-16:0, 2-18:1), ER membrane",Inositol phosphate metabolism,YPR113W
1001780,r_2459,"PI synthase (1-16:1, 2-18:1), ER membrane",Inositol phosphate metabolism,YPR113W
1001781,r_2460,"PI synthase (1-18:0, 2-18:1), ER membrane",Inositol phosphate metabolism,YPR113W
1001782,r_2461,"PI synthase (1-18:1, 2-18:1), ER membrane",Inositol phosphate metabolism,YPR113W
1001783,r_2462,"lysoPI acyltransferase (1-18:0, 2-16:1), ER membrane",Glycerophospholipid metabolism,YBR042C
1001784,r_2463,"lysoPI acyltransferase (1-18:0, 2-18:1), ER membrane",Glycerophospholipid metabolism,YBR042C
1001785,r_2464,"PS decarboxylase (1-16:0, 2-16:1), mitochondrial membrane",Glycerophospholipid metabolism,YNL169C
1001786,r_2465,"PS decarboxylase (1-16:1, 2-16:1), mitochondrial membrane",Glycerophospholipid metabolism,YNL169C
1001787,r_2466,"PS decarboxylase (1-18:0, 2-16:1), mitochondrial membrane",Glycerophospholipid metabolism,YNL169C
1001788,r_2467,"PS decarboxylase (1-18:1, 2-16:1), mitochondrial membrane",Glycerophospholipid metabolism,YNL169C
1001789,r_2468,"PS decarboxylase (1-16:0, 2-18:1), mitochondrial membrane",Glycerophospholipid metabolism,YNL169C
1001790,r_2469,"PS decarboxylase (1-16:1, 2-18:1), mitochondrial membrane",Glycerophospholipid metabolism,YNL169C
1001791,r_2470,"PS decarboxylase (1-18:0, 2-18:1), mitochondrial membrane",Glycerophospholipid metabolism,YNL169C
1001792,r_2471,"PS decarboxylase (1-18:1, 2-18:1), mitochondrial membrane",Glycerophospholipid metabolism,YNL169C
1001793,r_2472,"PS decarboxylase (1-16:0, 2-16:1), Golgi membrane",Glycerophospholipid metabolism,YGR170W
1001794,r_2473,"PS decarboxylase (1-16:1, 2-16:1), Golgi membrane",Glycerophospholipid metabolism,YGR170W
1001795,r_2474,"PS decarboxylase (1-18:0, 2-16:1), Golgi membrane",Glycerophospholipid metabolism,YGR170W
1001796,r_2475,"PS decarboxylase (1-18:1, 2-16:1), Golgi membrane",Glycerophospholipid metabolism,YGR170W
1001797,r_2476,"PS decarboxylase (1-16:0, 2-18:1), Golgi membrane",Glycerophospholipid metabolism,YGR170W
1001798,r_2477,"PS decarboxylase (1-16:1, 2-18:1), Golgi membrane",Glycerophospholipid metabolism,YGR170W
1001799,r_2478,"PS decarboxylase (1-18:0, 2-18:1), Golgi membrane",Glycerophospholipid metabolism,YGR170W
1001800,r_2479,"PS decarboxylase (1-18:1, 2-18:1), Golgi membrane",Glycerophospholipid metabolism,YGR170W
1001801,r_2480,"PS decarboxylase (1-16:0, 2-16:1), vacuolar membrane",Glycerophospholipid metabolism,YGR170W
1001802,r_2481,"PS decarboxylase (1-16:1, 2-16:1), vacuolar membrane",Glycerophospholipid metabolism,YGR170W
1001803,r_2482,"PS decarboxylase (1-18:0, 2-16:1), vacuolar membrane",Glycerophospholipid metabolism,YGR170W
1001804,r_2483,"PS decarboxylase (1-18:1, 2-16:1), vacuolar membrane",Glycerophospholipid metabolism,YGR170W
1001805,r_2484,"PS decarboxylase (1-16:0, 2-18:1), vacuolar membrane",Glycerophospholipid metabolism,YGR170W
1001806,r_2485,"PS decarboxylase (1-16:1, 2-18:1), vacuolar membrane",Glycerophospholipid metabolism,YGR170W
1001807,r_2486,"PS decarboxylase (1-18:0, 2-18:1), vacuolar membrane",Glycerophospholipid metabolism,YGR170W
1001808,r_2487,"PS decarboxylase (1-18:1, 2-18:1), vacuolar membrane",Glycerophospholipid metabolism,YGR170W
1001809,r_2488,"PE methyltransferase (1-16:0, 2-16:1), ER membrane",Glycerophospholipid metabolism,YGR157W
1001810,r_2489,"PE methyltransferase (1-16:1, 2-16:1), ER membrane",Glycerophospholipid metabolism,YGR157W
1001811,r_2490,"PE methyltransferase (1-18:0, 2-16:1), ER membrane",Glycerophospholipid metabolism,YGR157W
1001812,r_2491,"PE methyltransferase (1-18:1, 2-16:1), ER membrane",Glycerophospholipid metabolism,YGR157W
1001813,r_2492,"PE methyltransferase (1-16:0, 2-18:1), ER membrane",Glycerophospholipid metabolism,YGR157W
1001814,r_2493,"PE methyltransferase (1-16:1, 2-18:1), ER membrane",Glycerophospholipid metabolism,YGR157W
1001815,r_2494,"PE methyltransferase (1-18:0, 2-18:1), ER membrane",Glycerophospholipid metabolism,YGR157W
1001816,r_2495,"PE methyltransferase (1-18:1, 2-18:1), ER membrane",Glycerophospholipid metabolism,YGR157W
1001817,r_2496,"phosphatidyl-N-methylethanolamine methyltransferase (1-16:0, 2-16:1), ER membrane",Glycerophospholipid metabolism,YJR073C
1001818,r_2497,"phosphatidyl-N-methylethanolamine methyltransferase (1-16:1, 2-16:1), ER membrane",Glycerophospholipid metabolism,YJR073C
1001819,r_2498,"phosphatidyl-N-methylethanolamine methyltransferase (1-18:0, 2-16:1), ER membrane",Glycerophospholipid metabolism,YJR073C
1001820,r_2499,"phosphatidyl-N-methylethanolamine methyltransferase (1-18:1, 2-16:1), ER membrane",Glycerophospholipid metabolism,YJR073C
1001821,r_2500,"phosphatidyl-N-methylethanolamine methyltransferase (1-16:0, 2-18:1), ER membrane",Glycerophospholipid metabolism,YJR073C
1001822,r_2501,"phosphatidyl-N-methylethanolamine methyltransferase (1-16:1, 2-18:1), ER membrane",Glycerophospholipid metabolism,YJR073C
1001823,r_2502,"phosphatidyl-N-methylethanolamine methyltransferase (1-18:0, 2-18:1), ER membrane",Glycerophospholipid metabolism,YJR073C
1001824,r_2503,"phosphatidyl-N-methylethanolamine methyltransferase (1-18:1, 2-18:1), ER membrane",Glycerophospholipid metabolism,YJR073C
1001825,r_2504,"phosphatidyl-N,N-dimethylethanolamine methyltransferase (1-16:0, 2-16:1), ER membrane",Glycerophospholipid metabolism,YJR073C
1001826,r_2505,"phosphatidyl-N,N-dimethylethanolamine methyltransferase (1-16:1, 2-16:1), ER membrane",Glycerophospholipid metabolism,YJR073C
1001827,r_2506,"phosphatidyl-N,N-dimethylethanolamine methyltransferase (1-18:0, 2-16:1), ER membrane",Glycerophospholipid metabolism,YJR073C
1001828,r_2507,"phosphatidyl-N,N-dimethylethanolamine methyltransferase (1-18:1, 2-16:1), ER membrane",Glycerophospholipid metabolism,YJR073C
1001829,r_2508,"phosphatidyl-N,N-dimethylethanolamine methyltransferase (1-16:0, 2-18:1), ER membrane",Glycerophospholipid metabolism,YJR073C
1001830,r_2509,"phosphatidyl-N,N-dimethylethanolamine methyltransferase (1-16:1, 2-18:1), ER membrane",Glycerophospholipid metabolism,YJR073C
1001831,r_2510,"phosphatidyl-N,N-dimethylethanolamine methyltransferase (1-18:0, 2-18:1), ER membrane",Glycerophospholipid metabolism,YJR073C
1001832,r_2511,"phosphatidyl-N,N-dimethylethanolamine methyltransferase (1-18:1, 2-18:1), ER membrane",Glycerophospholipid metabolism,YJR073C
1001833,r_2512,"DAG kinase (1-16:0, 2-16:1), ER membrane",Glycerophospholipid metabolism,YOR311C
1001834,r_2513,"DAG kinase (1-16:1, 2-16:1), ER membrane",Glycerophospholipid metabolism,YOR311C
1001835,r_2514,"DAG kinase (1-18:0, 2-16:1), ER membrane",Glycerophospholipid metabolism,YOR311C
1001836,r_2515,"DAG kinase (1-18:1, 2-16:1), ER membrane",Glycerophospholipid metabolism,YOR311C
1001837,r_2516,"DAG kinase (1-16:0, 2-18:1), ER membrane",Glycerophospholipid metabolism,YOR311C
1001838,r_2517,"DAG kinase (1-16:1, 2-18:1), ER membrane",Glycerophospholipid metabolism,YOR311C
1001839,r_2518,"DAG kinase (1-18:0, 2-18:1), ER membrane",Glycerophospholipid metabolism,YOR311C
1001840,r_2519,"DAG kinase (1-18:1, 2-18:1), ER membrane",Glycerophospholipid metabolism,YOR311C
1001841,r_2520,"ethanolaminephosphotransferase (1-16:0, 2-16:1), ER membrane",Glycerophospholipid metabolism,YHR123W
1001842,r_2521,"ethanolaminephosphotransferase (1-16:1, 2-16:1), ER membrane",Glycerophospholipid metabolism,YHR123W
1001843,r_2522,"ethanolaminephosphotransferase (1-18:0, 2-16:1), ER membrane",Glycerophospholipid metabolism,YHR123W
1001844,r_2523,"ethanolaminephosphotransferase (1-18:1, 2-16:1), ER membrane",Glycerophospholipid metabolism,YHR123W
1001845,r_2524,"ethanolaminephosphotransferase (1-16:0, 2-18:1), ER membrane",Glycerophospholipid metabolism,YHR123W
1001846,r_2525,"ethanolaminephosphotransferase (1-16:1, 2-18:1), ER membrane",Glycerophospholipid metabolism,YHR123W
1001847,r_2526,"ethanolaminephosphotransferase (1-18:0, 2-18:1), ER membrane",Glycerophospholipid metabolism,YHR123W
1001848,r_2527,"ethanolaminephosphotransferase (1-18:1, 2-18:1), ER membrane",Glycerophospholipid metabolism,YHR123W
1001849,r_2528,"cholinephosphotransferase (1-16:0, 2-16:1), ER membrane",Glycerophospholipid metabolism,YHR123W or YNL130C
1001850,r_2529,"cholinephosphotransferase (1-16:1, 2-16:1), ER membrane",Glycerophospholipid metabolism,YHR123W or YNL130C
1001851,r_2530,"cholinephosphotransferase (1-18:0, 2-16:1), ER membrane",Glycerophospholipid metabolism,YHR123W or YNL130C
1001852,r_2531,"cholinephosphotransferase (1-18:1, 2-16:1), ER membrane",Glycerophospholipid metabolism,YHR123W or YNL130C
1001853,r_2532,"cholinephosphotransferase (1-16:0, 2-18:1), ER membrane",Glycerophospholipid metabolism,YHR123W or YNL130C
1001854,r_2533,"cholinephosphotransferase (1-16:1, 2-18:1), ER membrane",Glycerophospholipid metabolism,YHR123W or YNL130C
1001855,r_2534,"cholinephosphotransferase (1-18:0, 2-18:1), ER membrane",Glycerophospholipid metabolism,YHR123W or YNL130C
1001856,r_2535,"cholinephosphotransferase (1-18:1, 2-18:1), ER membrane",Glycerophospholipid metabolism,YHR123W or YNL130C
1001857,r_2536,"phosphatidylglycerolphosphate synthase (1-16:0, 2-16:1), mitochondrial membrane",Glycerophospholipid metabolism,YCL004W
1001858,r_2537,"phosphatidylglycerolphosphate synthase (1-16:1, 2-16:1), mitochondrial membrane",Glycerophospholipid metabolism,YCL004W
1001859,r_2538,"phosphatidylglycerolphosphate synthase (1-18:0, 2-16:1), mitochondrial membrane",Glycerophospholipid metabolism,YCL004W
1001860,r_2539,"phosphatidylglycerolphosphate synthase (1-18:1, 2-16:1), mitochondrial membrane",Glycerophospholipid metabolism,YCL004W
1001861,r_2540,"phosphatidylglycerolphosphate synthase (1-16:0, 2-18:1), mitochondrial membrane",Glycerophospholipid metabolism,YCL004W
1001862,r_2541,"phosphatidylglycerolphosphate synthase (1-16:1, 2-18:1), mitochondrial membrane",Glycerophospholipid metabolism,YCL004W
1001863,r_2542,"PGP phosphatase (1-16:0, 2-16:1), mitochondrial membrane",Glycerophospholipid metabolism,YHR100C
1001864,r_2543,"PGP phosphatase (1-16:1, 2-16:1), mitochondrial membrane",Glycerophospholipid metabolism,YHR100C
1001865,r_2544,"PGP phosphatase (1-18:0, 2-16:1), mitochondrial membrane",Glycerophospholipid metabolism,YHR100C
1001866,r_2545,"PGP phosphatase (1-18:1, 2-16:1), mitochondrial membrane",Glycerophospholipid metabolism,YHR100C
1001867,r_2546,"PGP phosphatase (1-16:0, 2-18:1), mitochondrial membrane",Glycerophospholipid metabolism,YHR100C
1001868,r_2547,"PGP phosphatase (1-16:1, 2-18:1), mitochondrial membrane",Glycerophospholipid metabolism,YHR100C
1001869,r_2548,"CL synthase (1-16:0, 2-16:1, 3-16:0, 4-16:1), mitochondrial membrane",Glycerophospholipid metabolism,YDL142C
1001870,r_2549,"CL synthase (1-16:0, 2-16:1, 3-16:1, 4-16:1), mitochondrial membrane",Glycerophospholipid metabolism,YDL142C
1001871,r_2550,"CL synthase (1-16:0, 2-16:1, 3-18:0, 4-16:1), mitochondrial membrane",Glycerophospholipid metabolism,YDL142C
1001872,r_2551,"CL synthase (1-16:0, 2-16:1, 3-18:1, 4-16:1), mitochondrial membrane",Glycerophospholipid metabolism,YDL142C
1001873,r_2552,"CL synthase (1-16:0, 2-16:1, 3-16:0, 4-18:1), mitochondrial membrane",Glycerophospholipid metabolism,YDL142C
1001874,r_2553,"CL synthase (1-16:0, 2-16:1, 3-16:1, 4-18:1), mitochondrial membrane",Glycerophospholipid metabolism,YDL142C
1001875,r_2554,"CL synthase (1-16:1, 2-16:1, 3-16:0, 4-16:1), mitochondrial membrane",Glycerophospholipid metabolism,YDL142C
1001876,r_2555,"CL synthase (1-16:1, 2-16:1, 3-16:1, 4-16:1), mitochondrial membrane",Glycerophospholipid metabolism,YDL142C
1001877,r_2556,"CL synthase (1-16:1, 2-16:1, 3-18:0, 4-16:1), mitochondrial membrane",Glycerophospholipid metabolism,YDL142C
1001878,r_2557,"CL synthase (1-16:1, 2-16:1, 3-18:1, 4-16:1), mitochondrial membrane",Glycerophospholipid metabolism,YDL142C
1001879,r_2558,"CL synthase (1-16:1, 2-16:1, 3-16:0, 4-18:1), mitochondrial membrane",Glycerophospholipid metabolism,YDL142C
1001880,r_2559,"CL synthase (1-16:1, 2-16:1, 3-16:1, 4-18:1), mitochondrial membrane",Glycerophospholipid metabolism,YDL142C
1001881,r_2560,"CL synthase (1-18:0, 2-16:1, 3-16:0, 4-16:1), mitochondrial membrane",Glycerophospholipid metabolism,YDL142C
1001882,r_2561,"CL synthase (1-18:0, 2-16:1, 3-16:1, 4-16:1), mitochondrial membrane",Glycerophospholipid metabolism,YDL142C
1001883,r_2562,"CL synthase (1-18:0, 2-16:1, 3-18:0, 4-16:1), mitochondrial membrane",Glycerophospholipid metabolism,YDL142C
1001884,r_2563,"CL synthase (1-18:0, 2-16:1, 3-18:1, 4-16:1), mitochondrial membrane",Glycerophospholipid metabolism,YDL142C
1001885,r_2564,"CL synthase (1-18:0, 2-16:1, 3-16:0, 4-18:1), mitochondrial membrane",Glycerophospholipid metabolism,YDL142C
1001886,r_2565,"CL synthase (1-18:0, 2-16:1, 3-16:1, 4-18:1), mitochondrial membrane",Glycerophospholipid metabolism,YDL142C
1001887,r_2566,"CL synthase (1-18:1, 2-16:1, 3-16:0, 4-16:1), mitochondrial membrane",Glycerophospholipid metabolism,YDL142C
1001888,r_2567,"CL synthase (1-18:1, 2-16:1, 3-16:1, 4-16:1), mitochondrial membrane",Glycerophospholipid metabolism,YDL142C
1001889,r_2568,"CL synthase (1-18:1, 2-16:1, 3-18:0, 4-16:1), mitochondrial membrane",Glycerophospholipid metabolism,YDL142C
1001890,r_2569,"CL synthase (1-18:1, 2-16:1, 3-18:1, 4-16:1), mitochondrial membrane",Glycerophospholipid metabolism,YDL142C
1001891,r_2570,"CL synthase (1-18:1, 2-16:1, 3-16:0, 4-18:1), mitochondrial membrane",Glycerophospholipid metabolism,YDL142C
1001892,r_2571,"CL synthase (1-18:1, 2-16:1, 3-16:1, 4-18:1), mitochondrial membrane",Glycerophospholipid metabolism,YDL142C
1001893,r_2572,"CL synthase (1-16:0, 2-18:1, 3-16:0, 4-16:1), mitochondrial membrane",Glycerophospholipid metabolism,YDL142C
1001894,r_2573,"CL synthase (1-16:0, 2-18:1, 3-16:1, 4-16:1), mitochondrial membrane",Glycerophospholipid metabolism,YDL142C
1001895,r_2574,"CL synthase (1-16:0, 2-18:1, 3-18:0, 4-16:1), mitochondrial membrane",Glycerophospholipid metabolism,YDL142C
1001896,r_2575,"CL synthase (1-16:0, 2-18:1, 3-18:1, 4-16:1), mitochondrial membrane",Glycerophospholipid metabolism,YDL142C
1001897,r_2576,"CL synthase (1-16:0, 2-18:1, 3-16:0, 4-18:1), mitochondrial membrane",Glycerophospholipid metabolism,YDL142C
1001898,r_2577,"CL synthase (1-16:0, 2-18:1, 3-16:1, 4-18:1), mitochondrial membrane",Glycerophospholipid metabolism,YDL142C
1001899,r_2578,"CL synthase (1-16:1, 2-18:1, 3-16:0, 4-16:1), mitochondrial membrane",Glycerophospholipid metabolism,YDL142C
1001900,r_2579,"CL synthase (1-16:1, 2-18:1, 3-16:1, 4-16:1), mitochondrial membrane",Glycerophospholipid metabolism,YDL142C
1001901,r_2580,"CL synthase (1-16:1, 2-18:1, 3-18:0, 4-16:1), mitochondrial membrane",Glycerophospholipid metabolism,YDL142C
1001902,r_2581,"CL synthase (1-16:1, 2-18:1, 3-18:1, 4-16:1), mitochondrial membrane",Glycerophospholipid metabolism,YDL142C
1001903,r_2582,"CL synthase (1-16:1, 2-18:1, 3-16:0, 4-18:1), mitochondrial membrane",Glycerophospholipid metabolism,YDL142C
1001904,r_2583,"CL synthase (1-16:1, 2-18:1, 3-16:1, 4-18:1), mitochondrial membrane",Glycerophospholipid metabolism,YDL142C
1001905,r_2584,"CL (1-16:0, 2-16:1, 3-16:0, 4-16:1) phospholipase (1-position), mitochondrial membrane",Glycerophospholipid metabolism,YGR110W
1001906,r_2585,"CL (1-16:0, 2-16:1, 3-16:1, 4-16:1) phospholipase (1-position), mitochondrial membrane",Glycerophospholipid metabolism,YGR110W
1001907,r_2586,"CL (1-16:0, 2-16:1, 3-18:0, 4-16:1) phospholipase (1-position), mitochondrial membrane",Glycerophospholipid metabolism,YGR110W
1001908,r_2587,"CL (1-16:0, 2-16:1, 3-18:1, 4-16:1) phospholipase (1-position), mitochondrial membrane",Glycerophospholipid metabolism,YGR110W
1001909,r_2588,"CL (1-16:0, 2-16:1, 3-16:0, 4-18:1) phospholipase (1-position), mitochondrial membrane",Glycerophospholipid metabolism,YGR110W
1001910,r_2589,"CL (1-16:0, 2-16:1, 3-16:1, 4-18:1) phospholipase (1-position), mitochondrial membrane",Glycerophospholipid metabolism,YGR110W
1001911,r_2590,"CL (1-18:0, 2-16:1, 3-16:0, 4-16:1) phospholipase (1-position), mitochondrial membrane",Glycerophospholipid metabolism,YGR110W
1001912,r_2591,"CL (1-18:0, 2-16:1, 3-16:1, 4-16:1) phospholipase (1-position), mitochondrial membrane",Glycerophospholipid metabolism,YGR110W
1001913,r_2592,"CL (1-18:0, 2-16:1, 3-18:0, 4-16:1) phospholipase (1-position), mitochondrial membrane",Glycerophospholipid metabolism,YGR110W
1001914,r_2593,"CL (1-18:0, 2-16:1, 3-18:1, 4-16:1) phospholipase (1-position), mitochondrial membrane",Glycerophospholipid metabolism,YGR110W
1001915,r_2594,"CL (1-18:0, 2-16:1, 3-16:0, 4-18:1) phospholipase (1-position), mitochondrial membrane",Glycerophospholipid metabolism,YGR110W
1001916,r_2595,"CL (1-18:0, 2-16:1, 3-16:1, 4-18:1) phospholipase (1-position), mitochondrial membrane",Glycerophospholipid metabolism,YGR110W
1001917,r_2596,"CL (1-16:0, 2-18:1, 3-16:0, 4-16:1) phospholipase (1-position), mitochondrial membrane",Glycerophospholipid metabolism,YGR110W
1001918,r_2597,"CL (1-16:0, 2-18:1, 3-16:1, 4-16:1) phospholipase (1-position), mitochondrial membrane",Glycerophospholipid metabolism,YGR110W
1001919,r_2598,"CL (1-16:0, 2-18:1, 3-18:0, 4-16:1) phospholipase (1-position), mitochondrial membrane",Glycerophospholipid metabolism,YGR110W
1001920,r_2599,"CL (1-16:0, 2-18:1, 3-18:1, 4-16:1) phospholipase (1-position), mitochondrial membrane",Glycerophospholipid metabolism,YGR110W
1001921,r_2600,"CL (1-16:0, 2-18:1, 3-16:0, 4-18:1) phospholipase (1-position), mitochondrial membrane",Glycerophospholipid metabolism,YGR110W
1001922,r_2601,"CL (1-16:0, 2-18:1, 3-16:1, 4-18:1) phospholipase (1-position), mitochondrial membrane",Glycerophospholipid metabolism,YGR110W
1001923,r_2602,"CL (1-16:0, 2-16:1, 3-16:0, 4-16:1) phospholipase (3-position), mitochondrial membrane",Glycerophospholipid metabolism,YGR110W
1001924,r_2603,"CL (1-16:0, 2-16:1, 3-18:0, 4-16:1) phospholipase (3-position), mitochondrial membrane",Glycerophospholipid metabolism,YGR110W
1001925,r_2604,"CL (1-16:0, 2-16:1, 3-16:0, 4-18:1) phospholipase (3-position), mitochondrial membrane",Glycerophospholipid metabolism,YGR110W
1001926,r_2605,"CL (1-16:1, 2-16:1, 3-16:0, 4-16:1) phospholipase (3-position), mitochondrial membrane",Glycerophospholipid metabolism,YGR110W
1001927,r_2606,"CL (1-16:1, 2-16:1, 3-18:0, 4-16:1) phospholipase (3-position), mitochondrial membrane",Glycerophospholipid metabolism,YGR110W
1001928,r_2607,"CL (1-16:1, 2-16:1, 3-16:0, 4-18:1) phospholipase (3-position), mitochondrial membrane",Glycerophospholipid metabolism,YGR110W
1001929,r_2608,"CL (1-18:0, 2-16:1, 3-16:0, 4-16:1) phospholipase (3-position), mitochondrial membrane",Glycerophospholipid metabolism,YGR110W
1001930,r_2609,"CL (1-18:0, 2-16:1, 3-18:0, 4-16:1) phospholipase (3-position), mitochondrial membrane",Glycerophospholipid metabolism,YGR110W
1001931,r_2610,"CL (1-18:0, 2-16:1, 3-16:0, 4-18:1) phospholipase (3-position), mitochondrial membrane",Glycerophospholipid metabolism,YGR110W
1001932,r_2611,"CL (1-18:1, 2-16:1, 3-16:0, 4-16:1) phospholipase (3-position), mitochondrial membrane",Glycerophospholipid metabolism,YGR110W
1001933,r_2612,"CL (1-18:1, 2-16:1, 3-18:0, 4-16:1) phospholipase (3-position), mitochondrial membrane",Glycerophospholipid metabolism,YGR110W
1001934,r_2613,"CL (1-18:1, 2-16:1, 3-16:0, 4-18:1) phospholipase (3-position), mitochondrial membrane",Glycerophospholipid metabolism,YGR110W
1001935,r_2614,"CL (1-16:0, 2-18:1, 3-16:0, 4-16:1) phospholipase (3-position), mitochondrial membrane",Glycerophospholipid metabolism,YGR110W
1001936,r_2615,"CL (1-16:0, 2-18:1, 3-18:0, 4-16:1) phospholipase (3-position), mitochondrial membrane",Glycerophospholipid metabolism,YGR110W
1001937,r_2616,"CL (1-16:0, 2-18:1, 3-16:0, 4-18:1) phospholipase (3-position), mitochondrial membrane",Glycerophospholipid metabolism,YGR110W
1001938,r_2617,"CL (1-16:1, 2-18:1, 3-16:0, 4-16:1) phospholipase (3-position), mitochondrial membrane",Glycerophospholipid metabolism,YGR110W
1001939,r_2618,"CL (1-16:1, 2-18:1, 3-18:0, 4-16:1) phospholipase (3-position), mitochondrial membrane",Glycerophospholipid metabolism,YGR110W
1001940,r_2619,"CL (1-16:1, 2-18:1, 3-16:0, 4-18:1) phospholipase (3-position), mitochondrial membrane",Glycerophospholipid metabolism,YGR110W
1001941,r_2620,"MLCL (2-16:1, 3-16:0, 4-16:1):PC (1-16:0, 2-16:1) acyltransferase, mitochondrial membrane",Glycerophospholipid metabolism,YPR140W
1001942,r_2621,"MLCL (2-16:1, 3-16:0, 4-16:1):PC (1-16:1, 2-16:1) acyltransferase, mitochondrial membrane",Glycerophospholipid metabolism,YPR140W
1001943,r_2622,"MLCL (2-16:1, 3-16:0, 4-16:1):PC (1-18:0, 2-16:1) acyltransferase, mitochondrial membrane",Glycerophospholipid metabolism,YPR140W
1001944,r_2623,"MLCL (2-16:1, 3-16:0, 4-16:1):PC (1-18:1, 2-16:1) acyltransferase, mitochondrial membrane",Glycerophospholipid metabolism,YPR140W
1001945,r_2624,"MLCL (2-16:1, 3-16:0, 4-16:1):PC (1-16:0, 2-18:1) acyltransferase, mitochondrial membrane",Glycerophospholipid metabolism,YPR140W
1001946,r_2625,"MLCL (2-16:1, 3-16:0, 4-16:1):PC (1-16:1, 2-18:1) acyltransferase, mitochondrial membrane",Glycerophospholipid metabolism,YPR140W
1001947,r_2626,"MLCL (2-16:1, 3-16:0, 4-16:1):PC (1-18:0, 2-18:1) acyltransferase, mitochondrial membrane",Glycerophospholipid metabolism,YPR140W
1001948,r_2627,"MLCL (2-16:1, 3-16:0, 4-16:1):PC (1-18:1, 2-18:1) acyltransferase, mitochondrial membrane",Glycerophospholipid metabolism,YPR140W
1001949,r_2628,"MLCL (2-16:1, 3-16:1, 4-16:1):PC (1-16:0, 2-16:1) acyltransferase, mitochondrial membrane",Glycerophospholipid metabolism,YPR140W
1001950,r_2629,"MLCL (2-16:1, 3-16:1, 4-16:1):PC (1-16:1, 2-16:1) acyltransferase, mitochondrial membrane",Glycerophospholipid metabolism,YPR140W
1001951,r_2630,"MLCL (2-16:1, 3-16:1, 4-16:1):PC (1-18:0, 2-16:1) acyltransferase, mitochondrial membrane",Glycerophospholipid metabolism,YPR140W
1001952,r_2631,"MLCL (2-16:1, 3-16:1, 4-16:1):PC (1-18:1, 2-16:1) acyltransferase, mitochondrial membrane",Glycerophospholipid metabolism,YPR140W
1001953,r_2632,"MLCL (2-16:1, 3-16:1, 4-16:1):PC (1-16:0, 2-18:1) acyltransferase, mitochondrial membrane",Glycerophospholipid metabolism,YPR140W
1001954,r_2633,"MLCL (2-16:1, 3-16:1, 4-16:1):PC (1-16:1, 2-18:1) acyltransferase, mitochondrial membrane",Glycerophospholipid metabolism,YPR140W
1001955,r_2634,"MLCL (2-16:1, 3-16:1, 4-16:1):PC (1-18:0, 2-18:1) acyltransferase, mitochondrial membrane",Glycerophospholipid metabolism,YPR140W
1001956,r_2635,"MLCL (2-16:1, 3-16:1, 4-16:1):PC (1-18:1, 2-18:1) acyltransferase, mitochondrial membrane",Glycerophospholipid metabolism,YPR140W
1001957,r_2636,"MLCL (2-16:1, 3-18:0, 4-16:1):PC (1-16:0, 2-16:1) acyltransferase, mitochondrial membrane",Glycerophospholipid metabolism,YPR140W
1001958,r_2637,"MLCL (2-16:1, 3-18:0, 4-16:1):PC (1-16:1, 2-16:1) acyltransferase, mitochondrial membrane",Glycerophospholipid metabolism,YPR140W
1001959,r_2638,"MLCL (2-16:1, 3-18:0, 4-16:1):PC (1-18:0, 2-16:1) acyltransferase, mitochondrial membrane",Glycerophospholipid metabolism,YPR140W
1001960,r_2639,"MLCL (2-16:1, 3-18:0, 4-16:1):PC (1-18:1, 2-16:1) acyltransferase, mitochondrial membrane",Glycerophospholipid metabolism,YPR140W
1001961,r_2640,"MLCL (2-16:1, 3-18:0, 4-16:1):PC (1-16:0, 2-18:1) acyltransferase, mitochondrial membrane",Glycerophospholipid metabolism,YPR140W
1001962,r_2641,"MLCL (2-16:1, 3-18:0, 4-16:1):PC (1-16:1, 2-18:1) acyltransferase, mitochondrial membrane",Glycerophospholipid metabolism,YPR140W
1001963,r_2642,"MLCL (2-16:1, 3-18:0, 4-16:1):PC (1-18:0, 2-18:1) acyltransferase, mitochondrial membrane",Glycerophospholipid metabolism,YPR140W
1001964,r_2643,"MLCL (2-16:1, 3-18:0, 4-16:1):PC (1-18:1, 2-18:1) acyltransferase, mitochondrial membrane",Glycerophospholipid metabolism,YPR140W
1001965,r_2644,"MLCL (2-16:1, 3-18:1, 4-16:1):PC (1-16:0, 2-16:1) acyltransferase, mitochondrial membrane",Glycerophospholipid metabolism,YPR140W
1001966,r_2645,"MLCL (2-16:1, 3-18:1, 4-16:1):PC (1-16:1, 2-16:1) acyltransferase, mitochondrial membrane",Glycerophospholipid metabolism,YPR140W
1001967,r_2646,"MLCL (2-16:1, 3-18:1, 4-16:1):PC (1-18:0, 2-16:1) acyltransferase, mitochondrial membrane",Glycerophospholipid metabolism,YPR140W
1001968,r_2647,"MLCL (2-16:1, 3-18:1, 4-16:1):PC (1-18:1, 2-16:1) acyltransferase, mitochondrial membrane",Glycerophospholipid metabolism,YPR140W
1001969,r_2648,"MLCL (2-16:1, 3-18:1, 4-16:1):PC (1-16:0, 2-18:1) acyltransferase, mitochondrial membrane",Glycerophospholipid metabolism,YPR140W
1001970,r_2649,"MLCL (2-16:1, 3-18:1, 4-16:1):PC (1-16:1, 2-18:1) acyltransferase, mitochondrial membrane",Glycerophospholipid metabolism,YPR140W
1001971,r_2650,"MLCL (2-16:1, 3-18:1, 4-16:1):PC (1-18:0, 2-18:1) acyltransferase, mitochondrial membrane",Glycerophospholipid metabolism,YPR140W
1001972,r_2651,"MLCL (2-16:1, 3-18:1, 4-16:1):PC (1-18:1, 2-18:1) acyltransferase, mitochondrial membrane",Glycerophospholipid metabolism,YPR140W
1001973,r_2652,"MLCL (2-16:1, 3-16:0, 4-18:1):PC (1-16:0, 2-16:1) acyltransferase, mitochondrial membrane",Glycerophospholipid metabolism,YPR140W
1001974,r_2653,"MLCL (2-16:1, 3-16:0, 4-18:1):PC (1-16:1, 2-16:1) acyltransferase, mitochondrial membrane",Glycerophospholipid metabolism,YPR140W
1001975,r_2654,"MLCL (2-16:1, 3-16:0, 4-18:1):PC (1-18:0, 2-16:1) acyltransferase, mitochondrial membrane",Glycerophospholipid metabolism,YPR140W
1001976,r_2655,"MLCL (2-16:1, 3-16:0, 4-18:1):PC (1-18:1, 2-16:1) acyltransferase, mitochondrial membrane",Glycerophospholipid metabolism,YPR140W
1001977,r_2656,"MLCL (2-16:1, 3-16:0, 4-18:1):PC (1-16:0, 2-18:1) acyltransferase, mitochondrial membrane",Glycerophospholipid metabolism,YPR140W
1001978,r_2657,"MLCL (2-16:1, 3-16:0, 4-18:1):PC (1-16:1, 2-18:1) acyltransferase, mitochondrial membrane",Glycerophospholipid metabolism,YPR140W
1001979,r_2658,"MLCL (2-16:1, 3-16:0, 4-18:1):PC (1-18:0, 2-18:1) acyltransferase, mitochondrial membrane",Glycerophospholipid metabolism,YPR140W
1001980,r_2659,"MLCL (2-16:1, 3-16:0, 4-18:1):PC (1-18:1, 2-18:1) acyltransferase, mitochondrial membrane",Glycerophospholipid metabolism,YPR140W
1001981,r_2660,"MLCL (2-16:1, 3-16:1, 4-18:1):PC (1-16:0, 2-16:1) acyltransferase, mitochondrial membrane",Glycerophospholipid metabolism,YPR140W
1001982,r_2661,"MLCL (2-16:1, 3-16:1, 4-18:1):PC (1-16:1, 2-16:1) acyltransferase, mitochondrial membrane",Glycerophospholipid metabolism,YPR140W
1001983,r_2662,"MLCL (2-16:1, 3-16:1, 4-18:1):PC (1-18:0, 2-16:1) acyltransferase, mitochondrial membrane",Glycerophospholipid metabolism,YPR140W
1001984,r_2663,"MLCL (2-16:1, 3-16:1, 4-18:1):PC (1-18:1, 2-16:1) acyltransferase, mitochondrial membrane",Glycerophospholipid metabolism,YPR140W
1001985,r_2664,"MLCL (2-16:1, 3-16:1, 4-18:1):PC (1-16:0, 2-18:1) acyltransferase, mitochondrial membrane",Glycerophospholipid metabolism,YPR140W
1001986,r_2665,"MLCL (2-16:1, 3-16:1, 4-18:1):PC (1-16:1, 2-18:1) acyltransferase, mitochondrial membrane",Glycerophospholipid metabolism,YPR140W
1001987,r_2666,"MLCL (2-16:1, 3-16:1, 4-18:1):PC (1-18:0, 2-18:1) acyltransferase, mitochondrial membrane",Glycerophospholipid metabolism,YPR140W
1001988,r_2667,"MLCL (2-16:1, 3-16:1, 4-18:1):PC (1-18:1, 2-18:1) acyltransferase, mitochondrial membrane",Glycerophospholipid metabolism,YPR140W
1001989,r_2668,"MLCL (2-18:1, 3-16:0, 4-16:1):PC (1-16:0, 2-16:1) acyltransferase, mitochondrial membrane",Glycerophospholipid metabolism,YPR140W
1001990,r_2669,"MLCL (2-18:1, 3-16:0, 4-16:1):PC (1-16:1, 2-16:1) acyltransferase, mitochondrial membrane",Glycerophospholipid metabolism,YPR140W
1001991,r_2670,"MLCL (2-18:1, 3-16:0, 4-16:1):PC (1-18:0, 2-16:1) acyltransferase, mitochondrial membrane",Glycerophospholipid metabolism,YPR140W
1001992,r_2671,"MLCL (2-18:1, 3-16:0, 4-16:1):PC (1-18:1, 2-16:1) acyltransferase, mitochondrial membrane",Glycerophospholipid metabolism,YPR140W
1001993,r_2672,"MLCL (2-18:1, 3-16:0, 4-16:1):PC (1-16:0, 2-18:1) acyltransferase, mitochondrial membrane",Glycerophospholipid metabolism,YPR140W
1001994,r_2673,"MLCL (2-18:1, 3-16:0, 4-16:1):PC (1-16:1, 2-18:1) acyltransferase, mitochondrial membrane",Glycerophospholipid metabolism,YPR140W
1001995,r_2674,"MLCL (2-18:1, 3-16:0, 4-16:1):PC (1-18:0, 2-18:1) acyltransferase, mitochondrial membrane",Glycerophospholipid metabolism,YPR140W
1001996,r_2675,"MLCL (2-18:1, 3-16:0, 4-16:1):PC (1-18:1, 2-18:1) acyltransferase, mitochondrial membrane",Glycerophospholipid metabolism,YPR140W
1001997,r_2676,"MLCL (2-18:1, 3-16:1, 4-16:1):PC (1-16:0, 2-16:1) acyltransferase, mitochondrial membrane",Glycerophospholipid metabolism,YPR140W
1001998,r_2677,"MLCL (2-18:1, 3-16:1, 4-16:1):PC (1-16:1, 2-16:1) acyltransferase, mitochondrial membrane",Glycerophospholipid metabolism,YPR140W
1001999,r_2678,"MLCL (2-18:1, 3-16:1, 4-16:1):PC (1-18:0, 2-16:1) acyltransferase, mitochondrial membrane",Glycerophospholipid metabolism,YPR140W
1002000,r_2679,"MLCL (2-18:1, 3-16:1, 4-16:1):PC (1-18:1, 2-16:1) acyltransferase, mitochondrial membrane",Glycerophospholipid metabolism,YPR140W
1002001,r_2680,"MLCL (2-18:1, 3-16:1, 4-16:1):PC (1-16:0, 2-18:1) acyltransferase, mitochondrial membrane",Glycerophospholipid metabolism,YPR140W
1002002,r_2681,"MLCL (2-18:1, 3-16:1, 4-16:1):PC (1-16:1, 2-18:1) acyltransferase, mitochondrial membrane",Glycerophospholipid metabolism,YPR140W
1002003,r_2682,"MLCL (2-18:1, 3-16:1, 4-16:1):PC (1-18:0, 2-18:1) acyltransferase, mitochondrial membrane",Glycerophospholipid metabolism,YPR140W
1002004,r_2683,"MLCL (2-18:1, 3-16:1, 4-16:1):PC (1-18:1, 2-18:1) acyltransferase, mitochondrial membrane",Glycerophospholipid metabolism,YPR140W
1002005,r_2684,"MLCL (2-18:1, 3-18:0, 4-16:1):PC (1-16:0, 2-16:1) acyltransferase, mitochondrial membrane",Glycerophospholipid metabolism,YPR140W
1002006,r_2685,"MLCL (2-18:1, 3-18:0, 4-16:1):PC (1-16:1, 2-16:1) acyltransferase, mitochondrial membrane",Glycerophospholipid metabolism,YPR140W
1002007,r_2686,"MLCL (2-18:1, 3-18:0, 4-16:1):PC (1-18:0, 2-16:1) acyltransferase, mitochondrial membrane",Glycerophospholipid metabolism,YPR140W
1002008,r_2687,"MLCL (2-18:1, 3-18:0, 4-16:1):PC (1-18:1, 2-16:1) acyltransferase, mitochondrial membrane",Glycerophospholipid metabolism,YPR140W
1002009,r_2688,"MLCL (2-18:1, 3-18:0, 4-16:1):PC (1-16:0, 2-18:1) acyltransferase, mitochondrial membrane",Glycerophospholipid metabolism,YPR140W
1002010,r_2689,"MLCL (2-18:1, 3-18:0, 4-16:1):PC (1-16:1, 2-18:1) acyltransferase, mitochondrial membrane",Glycerophospholipid metabolism,YPR140W
1002011,r_2690,"MLCL (2-18:1, 3-18:0, 4-16:1):PC (1-18:0, 2-18:1) acyltransferase, mitochondrial membrane",Glycerophospholipid metabolism,YPR140W
1002012,r_2691,"MLCL (2-18:1, 3-18:0, 4-16:1):PC (1-18:1, 2-18:1) acyltransferase, mitochondrial membrane",Glycerophospholipid metabolism,YPR140W
1002013,r_2692,"MLCL (2-18:1, 3-18:1, 4-16:1):PC (1-16:0, 2-16:1) acyltransferase, mitochondrial membrane",Glycerophospholipid metabolism,YPR140W
1002014,r_2693,"MLCL (2-18:1, 3-18:1, 4-16:1):PC (1-16:1, 2-16:1) acyltransferase, mitochondrial membrane",Glycerophospholipid metabolism,YPR140W
1002015,r_2694,"MLCL (2-18:1, 3-18:1, 4-16:1):PC (1-18:0, 2-16:1) acyltransferase, mitochondrial membrane",Glycerophospholipid metabolism,YPR140W
1002016,r_2695,"MLCL (2-18:1, 3-18:1, 4-16:1):PC (1-18:1, 2-16:1) acyltransferase, mitochondrial membrane",Glycerophospholipid metabolism,YPR140W
1002017,r_2696,"MLCL (2-18:1, 3-18:1, 4-16:1):PC (1-16:0, 2-18:1) acyltransferase, mitochondrial membrane",Glycerophospholipid metabolism,YPR140W
1002018,r_2697,"MLCL (2-18:1, 3-18:1, 4-16:1):PC (1-16:1, 2-18:1) acyltransferase, mitochondrial membrane",Glycerophospholipid metabolism,YPR140W
1002019,r_2698,"MLCL (2-18:1, 3-18:1, 4-16:1):PC (1-18:0, 2-18:1) acyltransferase, mitochondrial membrane",Glycerophospholipid metabolism,YPR140W
1002020,r_2699,"MLCL (2-18:1, 3-18:1, 4-16:1):PC (1-18:1, 2-18:1) acyltransferase, mitochondrial membrane",Glycerophospholipid metabolism,YPR140W
1002021,r_2700,"MLCL (2-18:1, 3-16:0, 4-18:1):PC (1-16:0, 2-16:1) acyltransferase, mitochondrial membrane",Glycerophospholipid metabolism,YPR140W
1002022,r_2701,"MLCL (2-18:1, 3-16:0, 4-18:1):PC (1-16:1, 2-16:1) acyltransferase, mitochondrial membrane",Glycerophospholipid metabolism,YPR140W
1002023,r_2702,"MLCL (2-18:1, 3-16:0, 4-18:1):PC (1-18:0, 2-16:1) acyltransferase, mitochondrial membrane",Glycerophospholipid metabolism,YPR140W
1002024,r_2703,"MLCL (2-18:1, 3-16:0, 4-18:1):PC (1-18:1, 2-16:1) acyltransferase, mitochondrial membrane",Glycerophospholipid metabolism,YPR140W
1002025,r_2704,"MLCL (2-18:1, 3-16:0, 4-18:1):PC (1-16:0, 2-18:1) acyltransferase, mitochondrial membrane",Glycerophospholipid metabolism,YPR140W
1002026,r_2705,"MLCL (2-18:1, 3-16:0, 4-18:1):PC (1-16:1, 2-18:1) acyltransferase, mitochondrial membrane",Glycerophospholipid metabolism,YPR140W
1002027,r_2706,"MLCL (2-18:1, 3-16:0, 4-18:1):PC (1-18:0, 2-18:1) acyltransferase, mitochondrial membrane",Glycerophospholipid metabolism,YPR140W
1002028,r_2707,"MLCL (2-18:1, 3-16:0, 4-18:1):PC (1-18:1, 2-18:1) acyltransferase, mitochondrial membrane",Glycerophospholipid metabolism,YPR140W
1002029,r_2708,"MLCL (2-18:1, 3-16:1, 4-18:1):PC (1-16:0, 2-16:1) acyltransferase, mitochondrial membrane",Glycerophospholipid metabolism,YPR140W
1002030,r_2709,"MLCL (2-18:1, 3-16:1, 4-18:1):PC (1-16:1, 2-16:1) acyltransferase, mitochondrial membrane",Glycerophospholipid metabolism,YPR140W
1002031,r_2710,"MLCL (2-18:1, 3-16:1, 4-18:1):PC (1-18:0, 2-16:1) acyltransferase, mitochondrial membrane",Glycerophospholipid metabolism,YPR140W
1002032,r_2711,"MLCL (2-18:1, 3-16:1, 4-18:1):PC (1-18:1, 2-16:1) acyltransferase, mitochondrial membrane",Glycerophospholipid metabolism,YPR140W
1002033,r_2712,"MLCL (2-18:1, 3-16:1, 4-18:1):PC (1-16:0, 2-18:1) acyltransferase, mitochondrial membrane",Glycerophospholipid metabolism,YPR140W
1002034,r_2713,"MLCL (2-18:1, 3-16:1, 4-18:1):PC (1-16:1, 2-18:1) acyltransferase, mitochondrial membrane",Glycerophospholipid metabolism,YPR140W
1002035,r_2714,"MLCL (2-18:1, 3-16:1, 4-18:1):PC (1-18:0, 2-18:1) acyltransferase, mitochondrial membrane",Glycerophospholipid metabolism,YPR140W
1002036,r_2715,"MLCL (2-18:1, 3-16:1, 4-18:1):PC (1-18:1, 2-18:1) acyltransferase, mitochondrial membrane",Glycerophospholipid metabolism,YPR140W
1002037,r_2716,"MLCL (1-16:0, 2-16:1, 4-16:1):PC (1-16:0, 2-16:1) acyltransferase, mitochondrial membrane",Glycerophospholipid metabolism,YPR140W
1002038,r_2717,"MLCL (1-16:0, 2-16:1, 4-16:1):PC (1-16:1, 2-16:1) acyltransferase, mitochondrial membrane",Glycerophospholipid metabolism,YPR140W
1002039,r_2718,"MLCL (1-16:0, 2-16:1, 4-16:1):PC (1-18:0, 2-16:1) acyltransferase, mitochondrial membrane",Glycerophospholipid metabolism,YPR140W
1002040,r_2719,"MLCL (1-16:0, 2-16:1, 4-16:1):PC (1-18:1, 2-16:1) acyltransferase, mitochondrial membrane",Glycerophospholipid metabolism,YPR140W
1002041,r_2720,"MLCL (1-16:0, 2-16:1, 4-16:1):PC (1-16:0, 2-18:1) acyltransferase, mitochondrial membrane",Glycerophospholipid metabolism,YPR140W
1002042,r_2721,"MLCL (1-16:0, 2-16:1, 4-16:1):PC (1-16:1, 2-18:1) acyltransferase, mitochondrial membrane",Glycerophospholipid metabolism,YPR140W
1002043,r_2722,"MLCL (1-16:0, 2-16:1, 4-16:1):PC (1-18:0, 2-18:1) acyltransferase, mitochondrial membrane",Glycerophospholipid metabolism,YPR140W
1002044,r_2723,"MLCL (1-16:0, 2-16:1, 4-16:1):PC (1-18:1, 2-18:1) acyltransferase, mitochondrial membrane",Glycerophospholipid metabolism,YPR140W
1002045,r_2724,"MLCL (1-16:0, 2-16:1, 4-18:1):PC (1-16:0, 2-16:1) acyltransferase, mitochondrial membrane",Glycerophospholipid metabolism,YPR140W
1002046,r_2725,"MLCL (1-16:0, 2-16:1, 4-18:1):PC (1-16:1, 2-16:1) acyltransferase, mitochondrial membrane",Glycerophospholipid metabolism,YPR140W
1002047,r_2726,"MLCL (1-16:0, 2-16:1, 4-18:1):PC (1-18:0, 2-16:1) acyltransferase, mitochondrial membrane",Glycerophospholipid metabolism,YPR140W
1002048,r_2727,"MLCL (1-16:0, 2-16:1, 4-18:1):PC (1-18:1, 2-16:1) acyltransferase, mitochondrial membrane",Glycerophospholipid metabolism,YPR140W
1002049,r_2728,"MLCL (1-16:0, 2-16:1, 4-18:1):PC (1-16:0, 2-18:1) acyltransferase, mitochondrial membrane",Glycerophospholipid metabolism,YPR140W
1002050,r_2729,"MLCL (1-16:0, 2-16:1, 4-18:1):PC (1-16:1, 2-18:1) acyltransferase, mitochondrial membrane",Glycerophospholipid metabolism,YPR140W
1002051,r_2730,"MLCL (1-16:0, 2-16:1, 4-18:1):PC (1-18:0, 2-18:1) acyltransferase, mitochondrial membrane",Glycerophospholipid metabolism,YPR140W
1002052,r_2731,"MLCL (1-16:0, 2-16:1, 4-18:1):PC (1-18:1, 2-18:1) acyltransferase, mitochondrial membrane",Glycerophospholipid metabolism,YPR140W
1002053,r_2732,"MLCL (1-16:1, 2-16:1, 4-16:1):PC (1-16:0, 2-16:1) acyltransferase, mitochondrial membrane",Glycerophospholipid metabolism,YPR140W
1002054,r_2733,"MLCL (1-16:1, 2-16:1, 4-16:1):PC (1-16:1, 2-16:1) acyltransferase, mitochondrial membrane",Glycerophospholipid metabolism,YPR140W
1002055,r_2734,"MLCL (1-16:1, 2-16:1, 4-16:1):PC (1-18:0, 2-16:1) acyltransferase, mitochondrial membrane",Glycerophospholipid metabolism,YPR140W
1002056,r_2735,"MLCL (1-16:1, 2-16:1, 4-16:1):PC (1-18:1, 2-16:1) acyltransferase, mitochondrial membrane",Glycerophospholipid metabolism,YPR140W
1002057,r_2736,"MLCL (1-16:1, 2-16:1, 4-16:1):PC (1-16:0, 2-18:1) acyltransferase, mitochondrial membrane",Glycerophospholipid metabolism,YPR140W
1002058,r_2737,"MLCL (1-16:1, 2-16:1, 4-16:1):PC (1-16:1, 2-18:1) acyltransferase, mitochondrial membrane",Glycerophospholipid metabolism,YPR140W
1002059,r_2738,"MLCL (1-16:1, 2-16:1, 4-16:1):PC (1-18:0, 2-18:1) acyltransferase, mitochondrial membrane",Glycerophospholipid metabolism,YPR140W
1002060,r_2739,"MLCL (1-16:1, 2-16:1, 4-16:1):PC (1-18:1, 2-18:1) acyltransferase, mitochondrial membrane",Glycerophospholipid metabolism,YPR140W
1002061,r_2740,"MLCL (1-16:1, 2-16:1, 4-18:1):PC (1-16:0, 2-16:1) acyltransferase, mitochondrial membrane",Glycerophospholipid metabolism,YPR140W
1002062,r_2741,"MLCL (1-16:1, 2-16:1, 4-18:1):PC (1-16:1, 2-16:1) acyltransferase, mitochondrial membrane",Glycerophospholipid metabolism,YPR140W
1002063,r_2742,"MLCL (1-16:1, 2-16:1, 4-18:1):PC (1-18:0, 2-16:1) acyltransferase, mitochondrial membrane",Glycerophospholipid metabolism,YPR140W
1002064,r_2743,"MLCL (1-16:1, 2-16:1, 4-18:1):PC (1-18:1, 2-16:1) acyltransferase, mitochondrial membrane",Glycerophospholipid metabolism,YPR140W
1002065,r_2744,"MLCL (1-16:1, 2-16:1, 4-18:1):PC (1-16:0, 2-18:1) acyltransferase, mitochondrial membrane",Glycerophospholipid metabolism,YPR140W
1002066,r_2745,"MLCL (1-16:1, 2-16:1, 4-18:1):PC (1-16:1, 2-18:1) acyltransferase, mitochondrial membrane",Glycerophospholipid metabolism,YPR140W
1002067,r_2746,"MLCL (1-16:1, 2-16:1, 4-18:1):PC (1-18:0, 2-18:1) acyltransferase, mitochondrial membrane",Glycerophospholipid metabolism,YPR140W
1002068,r_2747,"MLCL (1-16:1, 2-16:1, 4-18:1):PC (1-18:1, 2-18:1) acyltransferase, mitochondrial membrane",Glycerophospholipid metabolism,YPR140W
1002069,r_2748,"MLCL (1-18:0, 2-16:1, 4-16:1):PC (1-16:0, 2-16:1) acyltransferase, mitochondrial membrane",Glycerophospholipid metabolism,YPR140W
1002070,r_2749,"MLCL (1-18:0, 2-16:1, 4-16:1):PC (1-16:1, 2-16:1) acyltransferase, mitochondrial membrane",Glycerophospholipid metabolism,YPR140W
1002071,r_2750,"MLCL (1-18:0, 2-16:1, 4-16:1):PC (1-18:0, 2-16:1) acyltransferase, mitochondrial membrane",Glycerophospholipid metabolism,YPR140W
1002072,r_2751,"MLCL (1-18:0, 2-16:1, 4-16:1):PC (1-18:1, 2-16:1) acyltransferase, mitochondrial membrane",Glycerophospholipid metabolism,YPR140W
1002073,r_2752,"MLCL (1-18:0, 2-16:1, 4-16:1):PC (1-16:0, 2-18:1) acyltransferase, mitochondrial membrane",Glycerophospholipid metabolism,YPR140W
1002074,r_2753,"MLCL (1-18:0, 2-16:1, 4-16:1):PC (1-16:1, 2-18:1) acyltransferase, mitochondrial membrane",Glycerophospholipid metabolism,YPR140W
1002075,r_2754,"MLCL (1-18:0, 2-16:1, 4-16:1):PC (1-18:0, 2-18:1) acyltransferase, mitochondrial membrane",Glycerophospholipid metabolism,YPR140W
1002076,r_2755,"MLCL (1-18:0, 2-16:1, 4-16:1):PC (1-18:1, 2-18:1) acyltransferase, mitochondrial membrane",Glycerophospholipid metabolism,YPR140W
1002077,r_2756,"MLCL (1-18:0, 2-16:1, 4-18:1):PC (1-16:0, 2-16:1) acyltransferase, mitochondrial membrane",Glycerophospholipid metabolism,YPR140W
1002078,r_2757,"MLCL (1-18:0, 2-16:1, 4-18:1):PC (1-16:1, 2-16:1) acyltransferase, mitochondrial membrane",Glycerophospholipid metabolism,YPR140W
1002079,r_2758,"MLCL (1-18:0, 2-16:1, 4-18:1):PC (1-18:0, 2-16:1) acyltransferase, mitochondrial membrane",Glycerophospholipid metabolism,YPR140W
1002080,r_2759,"MLCL (1-18:0, 2-16:1, 4-18:1):PC (1-18:1, 2-16:1) acyltransferase, mitochondrial membrane",Glycerophospholipid metabolism,YPR140W
1002081,r_2760,"MLCL (1-18:0, 2-16:1, 4-18:1):PC (1-16:0, 2-18:1) acyltransferase, mitochondrial membrane",Glycerophospholipid metabolism,YPR140W
1002082,r_2761,"MLCL (1-18:0, 2-16:1, 4-18:1):PC (1-16:1, 2-18:1) acyltransferase, mitochondrial membrane",Glycerophospholipid metabolism,YPR140W
1002083,r_2762,"MLCL (1-18:0, 2-16:1, 4-18:1):PC (1-18:0, 2-18:1) acyltransferase, mitochondrial membrane",Glycerophospholipid metabolism,YPR140W
1002084,r_2763,"MLCL (1-18:0, 2-16:1, 4-18:1):PC (1-18:1, 2-18:1) acyltransferase, mitochondrial membrane",Glycerophospholipid metabolism,YPR140W
1002085,r_2764,"MLCL (1-18:1, 2-16:1, 4-16:1):PC (1-16:0, 2-16:1) acyltransferase, mitochondrial membrane",Glycerophospholipid metabolism,YPR140W
1002086,r_2765,"MLCL (1-18:1, 2-16:1, 4-16:1):PC (1-16:1, 2-16:1) acyltransferase, mitochondrial membrane",Glycerophospholipid metabolism,YPR140W
1002087,r_2766,"MLCL (1-18:1, 2-16:1, 4-16:1):PC (1-18:0, 2-16:1) acyltransferase, mitochondrial membrane",Glycerophospholipid metabolism,YPR140W
1002088,r_2767,"MLCL (1-18:1, 2-16:1, 4-16:1):PC (1-18:1, 2-16:1) acyltransferase, mitochondrial membrane",Glycerophospholipid metabolism,YPR140W
1002089,r_2768,"MLCL (1-18:1, 2-16:1, 4-16:1):PC (1-16:0, 2-18:1) acyltransferase, mitochondrial membrane",Glycerophospholipid metabolism,YPR140W
1002090,r_2769,"MLCL (1-18:1, 2-16:1, 4-16:1):PC (1-16:1, 2-18:1) acyltransferase, mitochondrial membrane",Glycerophospholipid metabolism,YPR140W
1002091,r_2770,"MLCL (1-18:1, 2-16:1, 4-16:1):PC (1-18:0, 2-18:1) acyltransferase, mitochondrial membrane",Glycerophospholipid metabolism,YPR140W
1002092,r_2771,"MLCL (1-18:1, 2-16:1, 4-16:1):PC (1-18:1, 2-18:1) acyltransferase, mitochondrial membrane",Glycerophospholipid metabolism,YPR140W
1002093,r_2772,"MLCL (1-18:1, 2-16:1, 4-18:1):PC (1-16:0, 2-16:1) acyltransferase, mitochondrial membrane",Glycerophospholipid metabolism,YPR140W
1002094,r_2773,"MLCL (1-18:1, 2-16:1, 4-18:1):PC (1-16:1, 2-16:1) acyltransferase, mitochondrial membrane",Glycerophospholipid metabolism,YPR140W
1002095,r_2774,"MLCL (1-18:1, 2-16:1, 4-18:1):PC (1-18:0, 2-16:1) acyltransferase, mitochondrial membrane",Glycerophospholipid metabolism,YPR140W
1002096,r_2775,"MLCL (1-18:1, 2-16:1, 4-18:1):PC (1-18:1, 2-16:1) acyltransferase, mitochondrial membrane",Glycerophospholipid metabolism,YPR140W
1002097,r_2776,"MLCL (1-18:1, 2-16:1, 4-18:1):PC (1-16:0, 2-18:1) acyltransferase, mitochondrial membrane",Glycerophospholipid metabolism,YPR140W
1002098,r_2777,"MLCL (1-18:1, 2-16:1, 4-18:1):PC (1-16:1, 2-18:1) acyltransferase, mitochondrial membrane",Glycerophospholipid metabolism,YPR140W
1002099,r_2778,"MLCL (1-18:1, 2-16:1, 4-18:1):PC (1-18:0, 2-18:1) acyltransferase, mitochondrial membrane",Glycerophospholipid metabolism,YPR140W
1002100,r_2779,"MLCL (1-18:1, 2-16:1, 4-18:1):PC (1-18:1, 2-18:1) acyltransferase, mitochondrial membrane",Glycerophospholipid metabolism,YPR140W
1002101,r_2780,"MLCL (1-16:0, 2-18:1, 4-16:1):PC (1-16:0, 2-16:1) acyltransferase, mitochondrial membrane",Glycerophospholipid metabolism,YPR140W
1002102,r_2781,"MLCL (1-16:0, 2-18:1, 4-16:1):PC (1-16:1, 2-16:1) acyltransferase, mitochondrial membrane",Glycerophospholipid metabolism,YPR140W
1002103,r_2782,"MLCL (1-16:0, 2-18:1, 4-16:1):PC (1-18:0, 2-16:1) acyltransferase, mitochondrial membrane",Glycerophospholipid metabolism,YPR140W
1002104,r_2783,"MLCL (1-16:0, 2-18:1, 4-16:1):PC (1-18:1, 2-16:1) acyltransferase, mitochondrial membrane",Glycerophospholipid metabolism,YPR140W
1002105,r_2784,"MLCL (1-16:0, 2-18:1, 4-16:1):PC (1-16:0, 2-18:1) acyltransferase, mitochondrial membrane",Glycerophospholipid metabolism,YPR140W
1002106,r_2785,"MLCL (1-16:0, 2-18:1, 4-16:1):PC (1-16:1, 2-18:1) acyltransferase, mitochondrial membrane",Glycerophospholipid metabolism,YPR140W
1002107,r_2786,"MLCL (1-16:0, 2-18:1, 4-16:1):PC (1-18:0, 2-18:1) acyltransferase, mitochondrial membrane",Glycerophospholipid metabolism,YPR140W
1002108,r_2787,"MLCL (1-16:0, 2-18:1, 4-16:1):PC (1-18:1, 2-18:1) acyltransferase, mitochondrial membrane",Glycerophospholipid metabolism,YPR140W
1002109,r_2788,"MLCL (1-16:0, 2-18:1, 4-18:1):PC (1-16:0, 2-16:1) acyltransferase, mitochondrial membrane",Glycerophospholipid metabolism,YPR140W
1002110,r_2789,"MLCL (1-16:0, 2-18:1, 4-18:1):PC (1-16:1, 2-16:1) acyltransferase, mitochondrial membrane",Glycerophospholipid metabolism,YPR140W
1002111,r_2790,"MLCL (1-16:0, 2-18:1, 4-18:1):PC (1-18:0, 2-16:1) acyltransferase, mitochondrial membrane",Glycerophospholipid metabolism,YPR140W
1002112,r_2791,"MLCL (1-16:0, 2-18:1, 4-18:1):PC (1-18:1, 2-16:1) acyltransferase, mitochondrial membrane",Glycerophospholipid metabolism,YPR140W
1002113,r_2792,"MLCL (1-16:0, 2-18:1, 4-18:1):PC (1-16:0, 2-18:1) acyltransferase, mitochondrial membrane",Glycerophospholipid metabolism,YPR140W
1002114,r_2793,"MLCL (1-16:0, 2-18:1, 4-18:1):PC (1-16:1, 2-18:1) acyltransferase, mitochondrial membrane",Glycerophospholipid metabolism,YPR140W
1002115,r_2794,"MLCL (1-16:0, 2-18:1, 4-18:1):PC (1-18:0, 2-18:1) acyltransferase, mitochondrial membrane",Glycerophospholipid metabolism,YPR140W
1002116,r_2795,"MLCL (1-16:0, 2-18:1, 4-18:1):PC (1-18:1, 2-18:1) acyltransferase, mitochondrial membrane",Glycerophospholipid metabolism,YPR140W
1002117,r_2796,"MLCL (1-16:1, 2-18:1, 4-16:1):PC (1-16:0, 2-16:1) acyltransferase, mitochondrial membrane",Glycerophospholipid metabolism,YPR140W
1002118,r_2797,"MLCL (1-16:1, 2-18:1, 4-16:1):PC (1-16:1, 2-16:1) acyltransferase, mitochondrial membrane",Glycerophospholipid metabolism,YPR140W
1002119,r_2798,"MLCL (1-16:1, 2-18:1, 4-16:1):PC (1-18:0, 2-16:1) acyltransferase, mitochondrial membrane",Glycerophospholipid metabolism,YPR140W
1002120,r_2799,"MLCL (1-16:1, 2-18:1, 4-16:1):PC (1-18:1, 2-16:1) acyltransferase, mitochondrial membrane",Glycerophospholipid metabolism,YPR140W
1002121,r_2800,"MLCL (1-16:1, 2-18:1, 4-16:1):PC (1-16:0, 2-18:1) acyltransferase, mitochondrial membrane",Glycerophospholipid metabolism,YPR140W
1002122,r_2801,"MLCL (1-16:1, 2-18:1, 4-16:1):PC (1-16:1, 2-18:1) acyltransferase, mitochondrial membrane",Glycerophospholipid metabolism,YPR140W
1002123,r_2802,"MLCL (1-16:1, 2-18:1, 4-16:1):PC (1-18:0, 2-18:1) acyltransferase, mitochondrial membrane",Glycerophospholipid metabolism,YPR140W
1002124,r_2803,"MLCL (1-16:1, 2-18:1, 4-16:1):PC (1-18:1, 2-18:1) acyltransferase, mitochondrial membrane",Glycerophospholipid metabolism,YPR140W
1002125,r_2804,"MLCL (1-16:1, 2-18:1, 4-18:1):PC (1-16:0, 2-16:1) acyltransferase, mitochondrial membrane",Glycerophospholipid metabolism,YPR140W
1002126,r_2805,"MLCL (1-16:1, 2-18:1, 4-18:1):PC (1-16:1, 2-16:1) acyltransferase, mitochondrial membrane",Glycerophospholipid metabolism,YPR140W
1002127,r_2806,"MLCL (1-16:1, 2-18:1, 4-18:1):PC (1-18:0, 2-16:1) acyltransferase, mitochondrial membrane",Glycerophospholipid metabolism,YPR140W
1002128,r_2807,"MLCL (1-16:1, 2-18:1, 4-18:1):PC (1-18:1, 2-16:1) acyltransferase, mitochondrial membrane",Glycerophospholipid metabolism,YPR140W
1002129,r_2808,"MLCL (1-16:1, 2-18:1, 4-18:1):PC (1-16:0, 2-18:1) acyltransferase, mitochondrial membrane",Glycerophospholipid metabolism,YPR140W
1002130,r_2809,"MLCL (1-16:1, 2-18:1, 4-18:1):PC (1-16:1, 2-18:1) acyltransferase, mitochondrial membrane",Glycerophospholipid metabolism,YPR140W
1002131,r_2810,"MLCL (1-16:1, 2-18:1, 4-18:1):PC (1-18:0, 2-18:1) acyltransferase, mitochondrial membrane",Glycerophospholipid metabolism,YPR140W
1002132,r_2811,"MLCL (1-16:1, 2-18:1, 4-18:1):PC (1-18:1, 2-18:1) acyltransferase, mitochondrial membrane",Glycerophospholipid metabolism,YPR140W
1002133,r_2812,"lysoPC acyltransferase (1-16:0, 2-16:1), mitochondrial membrane",Glycerophospholipid metabolism,
1002134,r_2813,"lysoPC acyltransferase (1-16:0, 2-18:1), mitochondrial membrane",Glycerophospholipid metabolism,
1002135,r_2814,"lysoPC acyltransferase (1-16:1, 2-16:1), mitochondrial membrane",Glycerophospholipid metabolism,
1002136,r_2815,"lysoPC acyltransferase (1-16:1, 2-18:1), mitochondrial membrane",Glycerophospholipid metabolism,
1002137,r_2816,"lysoPC acyltransferase (1-18:0, 2-16:1), mitochondrial membrane",Glycerophospholipid metabolism,
1002138,r_2817,"lysoPC acyltransferase (1-18:0, 2-18:1), mitochondrial membrane",Glycerophospholipid metabolism,
1002139,r_2818,"lysoPC acyltransferase (1-18:1, 2-16:1), mitochondrial membrane",Glycerophospholipid metabolism,
1002140,r_2819,"lysoPC acyltransferase (1-18:1, 2-18:1), mitochondrial membrane",Glycerophospholipid metabolism,
1002141,r_2820,"phosphatidylinositol 4-kinase (1-16:0, 2-16:1), cell envelope",Inositol phosphate metabolism,YJL100W or YLR305C
1002142,r_2821,"phosphatidylinositol 4-kinase (1-16:1, 2-16:1), cell envelope",Inositol phosphate metabolism,YJL100W or YLR305C
1002143,r_2822,"phosphatidylinositol 4-kinase (1-18:0, 2-16:1), cell envelope",Inositol phosphate metabolism,YJL100W or YLR305C
1002144,r_2823,"phosphatidylinositol 4-kinase (1-18:1, 2-16:1), cell envelope",Inositol phosphate metabolism,YJL100W or YLR305C
1002145,r_2824,"phosphatidylinositol 4-kinase (1-16:0, 2-18:1), cell envelope",Inositol phosphate metabolism,YJL100W or YLR305C
1002146,r_2825,"phosphatidylinositol 4-kinase (1-16:1, 2-18:1), cell envelope",Inositol phosphate metabolism,YJL100W or YLR305C
1002147,r_2826,"phosphatidylinositol 4-kinase (1-18:0, 2-18:1), cell envelope",Inositol phosphate metabolism,YJL100W or YLR305C
1002148,r_2827,"phosphatidylinositol 4-kinase (1-18:1, 2-18:1), cell envelope",Inositol phosphate metabolism,YJL100W or YLR305C
1002149,r_2828,"phosphatidylinositol 4-kinase (1-16:0, 2-16:1), vacuolar membrane",Inositol phosphate metabolism,YJL100W
1002150,r_2829,"phosphatidylinositol 4-kinase (1-16:1, 2-16:1), vacuolar membrane",Inositol phosphate metabolism,YJL100W
1002151,r_2830,"phosphatidylinositol 4-kinase (1-18:0, 2-16:1), vacuolar membrane",Inositol phosphate metabolism,YJL100W
1002152,r_2831,"phosphatidylinositol 4-kinase (1-18:1, 2-16:1), vacuolar membrane",Inositol phosphate metabolism,YJL100W
1002153,r_2832,"phosphatidylinositol 4-kinase (1-16:0, 2-18:1), vacuolar membrane",Inositol phosphate metabolism,YJL100W
1002154,r_2833,"phosphatidylinositol 4-kinase (1-16:1, 2-18:1), vacuolar membrane",Inositol phosphate metabolism,YJL100W
1002155,r_2834,"phosphatidylinositol 4-kinase (1-18:0, 2-18:1), vacuolar membrane",Inositol phosphate metabolism,YJL100W
1002156,r_2835,"phosphatidylinositol 4-kinase (1-18:1, 2-18:1), vacuolar membrane",Inositol phosphate metabolism,YJL100W
1002157,r_2836,"phosphatidylinositol 4-kinase (1-16:0, 2-16:1), Golgi membrane",Inositol phosphate metabolism,YDR373W and YNL267W
1002158,r_2837,"phosphatidylinositol 4-kinase (1-16:1, 2-16:1), Golgi membrane",Inositol phosphate metabolism,YDR373W and YNL267W
1002159,r_2838,"phosphatidylinositol 4-kinase (1-18:0, 2-16:1), Golgi membrane",Inositol phosphate metabolism,YDR373W and YNL267W
1002160,r_2839,"phosphatidylinositol 4-kinase (1-18:1, 2-16:1), Golgi membrane",Inositol phosphate metabolism,YDR373W and YNL267W
1002161,r_2840,"phosphatidylinositol 4-kinase (1-16:0, 2-18:1), Golgi membrane",Inositol phosphate metabolism,YDR373W and YNL267W
1002162,r_2841,"phosphatidylinositol 4-kinase (1-16:1, 2-18:1), Golgi membrane",Inositol phosphate metabolism,YDR373W and YNL267W
1002163,r_2842,"phosphatidylinositol 4-kinase (1-18:0, 2-18:1), Golgi membrane",Inositol phosphate metabolism,YDR373W and YNL267W
1002164,r_2843,"phosphatidylinositol 4-kinase (1-18:1, 2-18:1), Golgi membrane",Inositol phosphate metabolism,YDR373W and YNL267W
1002165,r_2844,"phosphatidylinositol 4-kinase (1-16:0, 2-16:1), nucleus",Inositol phosphate metabolism,YNL267W
1002166,r_2845,"phosphatidylinositol 4-kinase (1-16:1, 2-16:1), nucleus",Inositol phosphate metabolism,YNL267W
1002167,r_2846,"phosphatidylinositol 4-kinase (1-18:0, 2-16:1), nucleus",Inositol phosphate metabolism,YNL267W
1002168,r_2847,"phosphatidylinositol 4-kinase (1-18:1, 2-16:1), nucleus",Inositol phosphate metabolism,YNL267W
1002169,r_2848,"phosphatidylinositol 4-kinase (1-16:0, 2-18:1), nucleus",Inositol phosphate metabolism,YNL267W
1002170,r_2849,"phosphatidylinositol 4-kinase (1-16:1, 2-18:1), nucleus",Inositol phosphate metabolism,YNL267W
1002171,r_2850,"phosphatidylinositol 4-kinase (1-18:0, 2-18:1), nucleus",Inositol phosphate metabolism,YNL267W
1002172,r_2851,"phosphatidylinositol 4-kinase (1-18:1, 2-18:1), nucleus",Inositol phosphate metabolism,YNL267W
1002173,r_2852,"phosphatidylinositol 3-kinase (1-16:0, 2-16:1), vacuolar membrane",Inositol phosphate metabolism,(YBR097W and YLR240W) or (YBR097W and YLR240W and YPL120W and YLR360W) or (YBR097W and YLR240W and YBR128C and YPL120W and YLR211C)
1002174,r_2853,"phosphatidylinositol 3-kinase (1-16:1, 2-16:1), vacuolar membrane",Inositol phosphate metabolism,(YBR097W and YLR240W) or (YBR097W and YLR240W and YPL120W and YLR360W) or (YBR097W and YLR240W and YBR128C and YPL120W and YLR211C)
1002175,r_2854,"phosphatidylinositol 3-kinase (1-18:0, 2-16:1), vacuolar membrane",Inositol phosphate metabolism,(YBR097W and YLR240W) or (YBR097W and YLR240W and YPL120W and YLR360W) or (YBR097W and YLR240W and YBR128C and YPL120W and YLR211C)
1002176,r_2855,"phosphatidylinositol 3-kinase (1-18:1, 2-16:1), vacuolar membrane",Inositol phosphate metabolism,(YBR097W and YLR240W) or (YBR097W and YLR240W and YPL120W and YLR360W) or (YBR097W and YLR240W and YBR128C and YPL120W and YLR211C)
1002177,r_2856,"phosphatidylinositol 3-kinase (1-16:0, 2-18:1), vacuolar membrane",Inositol phosphate metabolism,(YBR097W and YLR240W) or (YBR097W and YLR240W and YPL120W and YLR360W) or (YBR097W and YLR240W and YBR128C and YPL120W and YLR211C)
1002178,r_2857,"phosphatidylinositol 3-kinase (1-16:1, 2-18:1), vacuolar membrane",Inositol phosphate metabolism,(YBR097W and YLR240W) or (YBR097W and YLR240W and YPL120W and YLR360W) or (YBR097W and YLR240W and YBR128C and YPL120W and YLR211C)
1002179,r_2858,"phosphatidylinositol 3-kinase (1-18:0, 2-18:1), vacuolar membrane",Inositol phosphate metabolism,(YBR097W and YLR240W) or (YBR097W and YLR240W and YPL120W and YLR360W) or (YBR097W and YLR240W and YBR128C and YPL120W and YLR211C)
1002180,r_2859,"phosphatidylinositol 3-kinase (1-18:1, 2-18:1), vacuolar membrane",Inositol phosphate metabolism,(YBR097W and YLR240W) or (YBR097W and YLR240W and YPL120W and YLR360W) or (YBR097W and YLR240W and YBR128C and YPL120W and YLR211C)
1002181,r_2860,"PI 4-P 5-kinase (1-16:0, 2-16:1), nucleus",Inositol phosphate metabolism,YDR208W
1002182,r_2861,"PI 4-P 5-kinase (1-16:1, 2-16:1), nucleus",Inositol phosphate metabolism,YDR208W
1002183,r_2862,"PI 4-P 5-kinase (1-18:0, 2-16:1), nucleus",Inositol phosphate metabolism,YDR208W
1002184,r_2863,"PI 4-P 5-kinase (1-18:1, 2-16:1), nucleus",Inositol phosphate metabolism,YDR208W
1002185,r_2864,"PI 4-P 5-kinase (1-16:0, 2-18:1), nucleus",Inositol phosphate metabolism,YDR208W
1002186,r_2865,"PI 4-P 5-kinase (1-16:1, 2-18:1), nucleus",Inositol phosphate metabolism,YDR208W
1002187,r_2866,"PI 4-P 5-kinase (1-18:0, 2-18:1), nucleus",Inositol phosphate metabolism,YDR208W
1002188,r_2867,"PI 4-P 5-kinase (1-18:1, 2-18:1), nucleus",Inositol phosphate metabolism,YDR208W
1002189,r_2868,"PI 4-P 5-kinase (1-16:0, 2-16:1), cell envelope",Inositol phosphate metabolism,YDR208W
1002190,r_2869,"PI 4-P 5-kinase (1-16:1, 2-16:1), cell envelope",Inositol phosphate metabolism,YDR208W
1002191,r_2870,"PI 4-P 5-kinase (1-18:0, 2-16:1), cell envelope",Inositol phosphate metabolism,YDR208W
1002192,r_2871,"PI 4-P 5-kinase (1-18:1, 2-16:1), cell envelope",Inositol phosphate metabolism,YDR208W
1002193,r_2872,"PI 4-P 5-kinase (1-16:0, 2-18:1), cell envelope",Inositol phosphate metabolism,YDR208W
1002194,r_2873,"PI 4-P 5-kinase (1-16:1, 2-18:1), cell envelope",Inositol phosphate metabolism,YDR208W
1002195,r_2874,"PI 4-P 5-kinase (1-18:0, 2-18:1), cell envelope",Inositol phosphate metabolism,YDR208W
1002196,r_2875,"PI 4-P 5-kinase (1-18:1, 2-18:1), cell envelope",Inositol phosphate metabolism,YDR208W
1002197,r_2876,"PI 3-P 5-kinase (1-16:0, 2-16:1), vacuolar membrane",Inositol phosphate metabolism,YFR019W
1002198,r_2877,"PI 3-P 5-kinase (1-16:1, 2-16:1), vacuolar membrane",Inositol phosphate metabolism,YFR019W
1002199,r_2878,"PI 3-P 5-kinase (1-18:0, 2-16:1), vacuolar membrane",Inositol phosphate metabolism,YFR019W
1002200,r_2879,"PI 3-P 5-kinase (1-18:1, 2-16:1), vacuolar membrane",Inositol phosphate metabolism,YFR019W
1002201,r_2880,"PI 3-P 5-kinase (1-16:0, 2-18:1), vacuolar membrane",Inositol phosphate metabolism,YFR019W
1002202,r_2881,"PI 3-P 5-kinase (1-16:1, 2-18:1), vacuolar membrane",Inositol phosphate metabolism,YFR019W
1002203,r_2882,"PI 3-P 5-kinase (1-18:0, 2-18:1), vacuolar membrane",Inositol phosphate metabolism,YFR019W
1002204,r_2883,"PI 3-P 5-kinase (1-18:1, 2-18:1), vacuolar membrane",Inositol phosphate metabolism,YFR019W
1002205,r_2884,"PE (1-16:0, 2-16:1) diacylglycerol (1-16:0, 2-16:1) acyltransferase, ER membrane",Glycerolipid metabolism,YNR008W
1002206,r_2885,"PE (1-16:1, 2-16:1) diacylglycerol (1-16:0, 2-16:1) acyltransferase, ER membrane",Glycerolipid metabolism,YNR008W
1002207,r_2886,"PE (1-18:0, 2-16:1) diacylglycerol (1-16:0, 2-16:1) acyltransferase, ER membrane",Glycerolipid metabolism,YNR008W
1002208,r_2887,"PE (1-18:1, 2-16:1) diacylglycerol (1-16:0, 2-16:1) acyltransferase, ER membrane",Glycerolipid metabolism,YNR008W
1002209,r_2888,"PE (1-16:0, 2-18:1) diacylglycerol (1-16:0, 2-16:1) acyltransferase, ER membrane",Glycerolipid metabolism,YNR008W
1002210,r_2889,"PE (1-16:1, 2-18:1) diacylglycerol (1-16:0, 2-16:1) acyltransferase, ER membrane",Glycerolipid metabolism,YNR008W
1002211,r_2890,"PE (1-18:0, 2-18:1) diacylglycerol (1-16:0, 2-16:1) acyltransferase, ER membrane",Glycerolipid metabolism,YNR008W
1002212,r_2891,"PE (1-18:1, 2-18:1) diacylglycerol (1-16:0, 2-16:1) acyltransferase, ER membrane",Glycerolipid metabolism,YNR008W
1002213,r_2892,"PE (1-16:0, 2-16:1) diacylglycerol (1-16:1, 2-16:1) acyltransferase, ER membrane",Glycerolipid metabolism,YNR008W
1002214,r_2893,"PE (1-16:1, 2-16:1) diacylglycerol (1-16:1, 2-16:1) acyltransferase, ER membrane",Glycerolipid metabolism,YNR008W
1002215,r_2894,"PE (1-18:0, 2-16:1) diacylglycerol (1-16:1, 2-16:1) acyltransferase, ER membrane",Glycerolipid metabolism,YNR008W
1002216,r_2895,"PE (1-18:1, 2-16:1) diacylglycerol (1-16:1, 2-16:1) acyltransferase, ER membrane",Glycerolipid metabolism,YNR008W
1002217,r_2896,"PE (1-16:0, 2-18:1) diacylglycerol (1-16:1, 2-16:1) acyltransferase, ER membrane",Glycerolipid metabolism,YNR008W
1002218,r_2897,"PE (1-16:1, 2-18:1) diacylglycerol (1-16:1, 2-16:1) acyltransferase, ER membrane",Glycerolipid metabolism,YNR008W
1002219,r_2898,"PE (1-18:0, 2-18:1) diacylglycerol (1-16:1, 2-16:1) acyltransferase, ER membrane",Glycerolipid metabolism,YNR008W
1002220,r_2899,"PE (1-18:1, 2-18:1) diacylglycerol (1-16:1, 2-16:1) acyltransferase, ER membrane",Glycerolipid metabolism,YNR008W
1002221,r_2900,"PE (1-16:0, 2-16:1) diacylglycerol (1-18:0, 2-16:1) acyltransferase, ER membrane",Glycerolipid metabolism,YNR008W
1002222,r_2901,"PE (1-16:1, 2-16:1) diacylglycerol (1-18:0, 2-16:1) acyltransferase, ER membrane",Glycerolipid metabolism,YNR008W
1002223,r_2902,"PE (1-18:0, 2-16:1) diacylglycerol (1-18:0, 2-16:1) acyltransferase, ER membrane",Glycerolipid metabolism,YNR008W
1002224,r_2903,"PE (1-18:1, 2-16:1) diacylglycerol (1-18:0, 2-16:1) acyltransferase, ER membrane",Glycerolipid metabolism,YNR008W
1002225,r_2904,"PE (1-16:0, 2-18:1) diacylglycerol (1-18:0, 2-16:1) acyltransferase, ER membrane",Glycerolipid metabolism,YNR008W
1002226,r_2905,"PE (1-16:1, 2-18:1) diacylglycerol (1-18:0, 2-16:1) acyltransferase, ER membrane",Glycerolipid metabolism,YNR008W
1002227,r_2906,"PE (1-18:0, 2-18:1) diacylglycerol (1-18:0, 2-16:1) acyltransferase, ER membrane",Glycerolipid metabolism,YNR008W
1002228,r_2907,"PE (1-18:1, 2-18:1) diacylglycerol (1-18:0, 2-16:1) acyltransferase, ER membrane",Glycerolipid metabolism,YNR008W
1002229,r_2908,"PE (1-16:0, 2-16:1) diacylglycerol (1-18:1, 2-16:1) acyltransferase, ER membrane",Glycerolipid metabolism,YNR008W
1002230,r_2909,"PE (1-16:1, 2-16:1) diacylglycerol (1-18:1, 2-16:1) acyltransferase, ER membrane",Glycerolipid metabolism,YNR008W
1002231,r_2910,"PE (1-18:0, 2-16:1) diacylglycerol (1-18:1, 2-16:1) acyltransferase, ER membrane",Glycerolipid metabolism,YNR008W
1002232,r_2911,"PE (1-18:1, 2-16:1) diacylglycerol (1-18:1, 2-16:1) acyltransferase, ER membrane",Glycerolipid metabolism,YNR008W
1002233,r_2912,"PE (1-16:0, 2-18:1) diacylglycerol (1-18:1, 2-16:1) acyltransferase, ER membrane",Glycerolipid metabolism,YNR008W
1002234,r_2913,"PE (1-16:1, 2-18:1) diacylglycerol (1-18:1, 2-16:1) acyltransferase, ER membrane",Glycerolipid metabolism,YNR008W
1002235,r_2914,"PE (1-18:0, 2-18:1) diacylglycerol (1-18:1, 2-16:1) acyltransferase, ER membrane",Glycerolipid metabolism,YNR008W
1002236,r_2915,"PE (1-18:1, 2-18:1) diacylglycerol (1-18:1, 2-16:1) acyltransferase, ER membrane",Glycerolipid metabolism,YNR008W
1002237,r_2916,"PE (1-16:0, 2-16:1) diacylglycerol (1-16:0, 2-18:1) acyltransferase, ER membrane",Glycerolipid metabolism,YNR008W
1002238,r_2917,"PE (1-16:1, 2-16:1) diacylglycerol (1-16:0, 2-18:1) acyltransferase, ER membrane",Glycerolipid metabolism,YNR008W
1002239,r_2918,"PE (1-18:0, 2-16:1) diacylglycerol (1-16:0, 2-18:1) acyltransferase, ER membrane",Glycerolipid metabolism,YNR008W
1002240,r_2919,"PE (1-18:1, 2-16:1) diacylglycerol (1-16:0, 2-18:1) acyltransferase, ER membrane",Glycerolipid metabolism,YNR008W
1002241,r_2920,"PE (1-16:0, 2-18:1) diacylglycerol (1-16:0, 2-18:1) acyltransferase, ER membrane",Glycerolipid metabolism,YNR008W
1002242,r_2921,"PE (1-16:1, 2-18:1) diacylglycerol (1-16:0, 2-18:1) acyltransferase, ER membrane",Glycerolipid metabolism,YNR008W
1002243,r_2922,"PE (1-18:0, 2-18:1) diacylglycerol (1-16:0, 2-18:1) acyltransferase, ER membrane",Glycerolipid metabolism,YNR008W
1002244,r_2923,"PE (1-18:1, 2-18:1) diacylglycerol (1-16:0, 2-18:1) acyltransferase, ER membrane",Glycerolipid metabolism,YNR008W
1002245,r_2924,"PE (1-16:0, 2-16:1) diacylglycerol (1-16:1, 2-18:1) acyltransferase, ER membrane",Glycerolipid metabolism,YNR008W
1002246,r_2925,"PE (1-16:1, 2-16:1) diacylglycerol (1-16:1, 2-18:1) acyltransferase, ER membrane",Glycerolipid metabolism,YNR008W
1002247,r_2926,"PE (1-18:0, 2-16:1) diacylglycerol (1-16:1, 2-18:1) acyltransferase, ER membrane",Glycerolipid metabolism,YNR008W
1002248,r_2927,"PE (1-18:1, 2-16:1) diacylglycerol (1-16:1, 2-18:1) acyltransferase, ER membrane",Glycerolipid metabolism,YNR008W
1002249,r_2928,"PE (1-16:0, 2-18:1) diacylglycerol (1-16:1, 2-18:1) acyltransferase, ER membrane",Glycerolipid metabolism,YNR008W
1002250,r_2929,"PE (1-16:1, 2-18:1) diacylglycerol (1-16:1, 2-18:1) acyltransferase, ER membrane",Glycerolipid metabolism,YNR008W
1002251,r_2930,"PE (1-18:0, 2-18:1) diacylglycerol (1-16:1, 2-18:1) acyltransferase, ER membrane",Glycerolipid metabolism,YNR008W
1002252,r_2931,"PE (1-18:1, 2-18:1) diacylglycerol (1-16:1, 2-18:1) acyltransferase, ER membrane",Glycerolipid metabolism,YNR008W
1002253,r_2932,"PE (1-16:0, 2-16:1) diacylglycerol (1-18:0, 2-18:1) acyltransferase, ER membrane",Glycerolipid metabolism,YNR008W
1002254,r_2933,"PE (1-16:1, 2-16:1) diacylglycerol (1-18:0, 2-18:1) acyltransferase, ER membrane",Glycerolipid metabolism,YNR008W
1002255,r_2934,"PE (1-18:0, 2-16:1) diacylglycerol (1-18:0, 2-18:1) acyltransferase, ER membrane",Glycerolipid metabolism,YNR008W
1002256,r_2935,"PE (1-18:1, 2-16:1) diacylglycerol (1-18:0, 2-18:1) acyltransferase, ER membrane",Glycerolipid metabolism,YNR008W
1002257,r_2936,"PE (1-16:0, 2-18:1) diacylglycerol (1-18:0, 2-18:1) acyltransferase, ER membrane",Glycerolipid metabolism,YNR008W
1002258,r_2937,"PE (1-16:1, 2-18:1) diacylglycerol (1-18:0, 2-18:1) acyltransferase, ER membrane",Glycerolipid metabolism,YNR008W
1002259,r_2938,"PE (1-18:0, 2-18:1) diacylglycerol (1-18:0, 2-18:1) acyltransferase, ER membrane",Glycerolipid metabolism,YNR008W
1002260,r_2939,"PE (1-18:1, 2-18:1) diacylglycerol (1-18:0, 2-18:1) acyltransferase, ER membrane",Glycerolipid metabolism,YNR008W
1002261,r_2940,"PE (1-16:0, 2-16:1) diacylglycerol (1-18:1, 2-18:1) acyltransferase, ER membrane",Glycerolipid metabolism,YNR008W
1002262,r_2941,"PE (1-16:1, 2-16:1) diacylglycerol (1-18:1, 2-18:1) acyltransferase, ER membrane",Glycerolipid metabolism,YNR008W
1002263,r_2942,"PE (1-18:0, 2-16:1) diacylglycerol (1-18:1, 2-18:1) acyltransferase, ER membrane",Glycerolipid metabolism,YNR008W
1002264,r_2943,"PE (1-18:1, 2-16:1) diacylglycerol (1-18:1, 2-18:1) acyltransferase, ER membrane",Glycerolipid metabolism,YNR008W
1002265,r_2944,"PE (1-16:0, 2-18:1) diacylglycerol (1-18:1, 2-18:1) acyltransferase, ER membrane",Glycerolipid metabolism,YNR008W
1002266,r_2945,"PE (1-16:1, 2-18:1) diacylglycerol (1-18:1, 2-18:1) acyltransferase, ER membrane",Glycerolipid metabolism,YNR008W
1002267,r_2946,"PE (1-18:0, 2-18:1) diacylglycerol (1-18:1, 2-18:1) acyltransferase, ER membrane",Glycerolipid metabolism,YNR008W
1002268,r_2947,"PE (1-18:1, 2-18:1) diacylglycerol (1-18:1, 2-18:1) acyltransferase, ER membrane",Glycerolipid metabolism,YNR008W
1002269,r_2948,"PC (1-16:0, 2-16:1) diacylglycerol (1-16:0, 2-16:1) acyltransferase, ER membrane",Glycerolipid metabolism,YNR008W
1002270,r_2949,"PC (1-16:1, 2-16:1) diacylglycerol (1-16:0, 2-16:1) acyltransferase, ER membrane",Glycerolipid metabolism,YNR008W
1002271,r_2950,"PC (1-18:0, 2-16:1) diacylglycerol (1-16:0, 2-16:1) acyltransferase, ER membrane",Glycerolipid metabolism,YNR008W
1002272,r_2951,"PC (1-18:1, 2-16:1) diacylglycerol (1-16:0, 2-16:1) acyltransferase, ER membrane",Glycerolipid metabolism,YNR008W
1002273,r_2952,"PC (1-16:0, 2-18:1) diacylglycerol (1-16:0, 2-16:1) acyltransferase, ER membrane",Glycerolipid metabolism,YNR008W
1002274,r_2953,"PC (1-16:1, 2-18:1) diacylglycerol (1-16:0, 2-16:1) acyltransferase, ER membrane",Glycerolipid metabolism,YNR008W
1002275,r_2954,"PC (1-18:0, 2-18:1) diacylglycerol (1-16:0, 2-16:1) acyltransferase, ER membrane",Glycerolipid metabolism,YNR008W
1002276,r_2955,"PC (1-18:1, 2-18:1) diacylglycerol (1-16:0, 2-16:1) acyltransferase, ER membrane",Glycerolipid metabolism,YNR008W
1002277,r_2956,"PC (1-16:0, 2-16:1) diacylglycerol (1-16:1, 2-16:1) acyltransferase, ER membrane",Glycerolipid metabolism,YNR008W
1002278,r_2957,"PC (1-16:1, 2-16:1) diacylglycerol (1-16:1, 2-16:1) acyltransferase, ER membrane",Glycerolipid metabolism,YNR008W
1002279,r_2958,"PC (1-18:0, 2-16:1) diacylglycerol (1-16:1, 2-16:1) acyltransferase, ER membrane",Glycerolipid metabolism,YNR008W
1002280,r_2959,"PC (1-18:1, 2-16:1) diacylglycerol (1-16:1, 2-16:1) acyltransferase, ER membrane",Glycerolipid metabolism,YNR008W
1002281,r_2960,"PC (1-16:0, 2-18:1) diacylglycerol (1-16:1, 2-16:1) acyltransferase, ER membrane",Glycerolipid metabolism,YNR008W
1002282,r_2961,"PC (1-16:1, 2-18:1) diacylglycerol (1-16:1, 2-16:1) acyltransferase, ER membrane",Glycerolipid metabolism,YNR008W
1002283,r_2962,"PC (1-18:0, 2-18:1) diacylglycerol (1-16:1, 2-16:1) acyltransferase, ER membrane",Glycerolipid metabolism,YNR008W
1002284,r_2963,"PC (1-18:1, 2-18:1) diacylglycerol (1-16:1, 2-16:1) acyltransferase, ER membrane",Glycerolipid metabolism,YNR008W
1002285,r_2964,"PC (1-16:0, 2-16:1) diacylglycerol (1-18:0, 2-16:1) acyltransferase, ER membrane",Glycerolipid metabolism,YNR008W
1002286,r_2965,"PC (1-16:1, 2-16:1) diacylglycerol (1-18:0, 2-16:1) acyltransferase, ER membrane",Glycerolipid metabolism,YNR008W
1002287,r_2966,"PC (1-18:0, 2-16:1) diacylglycerol (1-18:0, 2-16:1) acyltransferase, ER membrane",Glycerolipid metabolism,YNR008W
1002288,r_2967,"PC (1-18:1, 2-16:1) diacylglycerol (1-18:0, 2-16:1) acyltransferase, ER membrane",Glycerolipid metabolism,YNR008W
1002289,r_2968,"PC (1-16:0, 2-18:1) diacylglycerol (1-18:0, 2-16:1) acyltransferase, ER membrane",Glycerolipid metabolism,YNR008W
1002290,r_2969,"PC (1-16:1, 2-18:1) diacylglycerol (1-18:0, 2-16:1) acyltransferase, ER membrane",Glycerolipid metabolism,YNR008W
1002291,r_2970,"PC (1-18:0, 2-18:1) diacylglycerol (1-18:0, 2-16:1) acyltransferase, ER membrane",Glycerolipid metabolism,YNR008W
1002292,r_2971,"PC (1-18:1, 2-18:1) diacylglycerol (1-18:0, 2-16:1) acyltransferase, ER membrane",Glycerolipid metabolism,YNR008W
1002293,r_2972,"PC (1-16:0, 2-16:1) diacylglycerol (1-18:1, 2-16:1) acyltransferase, ER membrane",Glycerolipid metabolism,YNR008W
1002294,r_2973,"PC (1-16:1, 2-16:1) diacylglycerol (1-18:1, 2-16:1) acyltransferase, ER membrane",Glycerolipid metabolism,YNR008W
1002295,r_2974,"PC (1-18:0, 2-16:1) diacylglycerol (1-18:1, 2-16:1) acyltransferase, ER membrane",Glycerolipid metabolism,YNR008W
1002296,r_2975,"PC (1-18:1, 2-16:1) diacylglycerol (1-18:1, 2-16:1) acyltransferase, ER membrane",Glycerolipid metabolism,YNR008W
1002297,r_2976,"PC (1-16:0, 2-18:1) diacylglycerol (1-18:1, 2-16:1) acyltransferase, ER membrane",Glycerolipid metabolism,YNR008W
1002298,r_2977,"PC (1-16:1, 2-18:1) diacylglycerol (1-18:1, 2-16:1) acyltransferase, ER membrane",Glycerolipid metabolism,YNR008W
1002299,r_2978,"PC (1-18:0, 2-18:1) diacylglycerol (1-18:1, 2-16:1) acyltransferase, ER membrane",Glycerolipid metabolism,YNR008W
1002300,r_2979,"PC (1-18:1, 2-18:1) diacylglycerol (1-18:1, 2-16:1) acyltransferase, ER membrane",Glycerolipid metabolism,YNR008W
1002301,r_2980,"PC (1-16:0, 2-16:1) diacylglycerol (1-16:0, 2-18:1) acyltransferase, ER membrane",Glycerolipid metabolism,YNR008W
1002302,r_2981,"PC (1-16:1, 2-16:1) diacylglycerol (1-16:0, 2-18:1) acyltransferase, ER membrane",Glycerolipid metabolism,YNR008W
1002303,r_2982,"PC (1-18:0, 2-16:1) diacylglycerol (1-16:0, 2-18:1) acyltransferase, ER membrane",Glycerolipid metabolism,YNR008W
1002304,r_2983,"PC (1-18:1, 2-16:1) diacylglycerol (1-16:0, 2-18:1) acyltransferase, ER membrane",Glycerolipid metabolism,YNR008W
1002305,r_2984,"PC (1-16:0, 2-18:1) diacylglycerol (1-16:0, 2-18:1) acyltransferase, ER membrane",Glycerolipid metabolism,YNR008W
1002306,r_2985,"PC (1-16:1, 2-18:1) diacylglycerol (1-16:0, 2-18:1) acyltransferase, ER membrane",Glycerolipid metabolism,YNR008W
1002307,r_2986,"PC (1-18:0, 2-18:1) diacylglycerol (1-16:0, 2-18:1) acyltransferase, ER membrane",Glycerolipid metabolism,YNR008W
1002308,r_2987,"PC (1-18:1, 2-18:1) diacylglycerol (1-16:0, 2-18:1) acyltransferase, ER membrane",Glycerolipid metabolism,YNR008W
1002309,r_2988,"PC (1-16:0, 2-16:1) diacylglycerol (1-16:1, 2-18:1) acyltransferase, ER membrane",Glycerolipid metabolism,YNR008W
1002310,r_2989,"PC (1-16:1, 2-16:1) diacylglycerol (1-16:1, 2-18:1) acyltransferase, ER membrane",Glycerolipid metabolism,YNR008W
1002311,r_2990,"PC (1-18:0, 2-16:1) diacylglycerol (1-16:1, 2-18:1) acyltransferase, ER membrane",Glycerolipid metabolism,YNR008W
1002312,r_2991,"PC (1-18:1, 2-16:1) diacylglycerol (1-16:1, 2-18:1) acyltransferase, ER membrane",Glycerolipid metabolism,YNR008W
1002313,r_2992,"PC (1-16:0, 2-18:1) diacylglycerol (1-16:1, 2-18:1) acyltransferase, ER membrane",Glycerolipid metabolism,YNR008W
1002314,r_2993,"PC (1-16:1, 2-18:1) diacylglycerol (1-16:1, 2-18:1) acyltransferase, ER membrane",Glycerolipid metabolism,YNR008W
1002315,r_2994,"PC (1-18:0, 2-18:1) diacylglycerol (1-16:1, 2-18:1) acyltransferase, ER membrane",Glycerolipid metabolism,YNR008W
1002316,r_2995,"PC (1-18:1, 2-18:1) diacylglycerol (1-16:1, 2-18:1) acyltransferase, ER membrane",Glycerolipid metabolism,YNR008W
1002317,r_2996,"PC (1-16:0, 2-16:1) diacylglycerol (1-18:0, 2-18:1) acyltransferase, ER membrane",Glycerolipid metabolism,YNR008W
1002318,r_2997,"PC (1-16:1, 2-16:1) diacylglycerol (1-18:0, 2-18:1) acyltransferase, ER membrane",Glycerolipid metabolism,YNR008W
1002319,r_2998,"PC (1-18:0, 2-16:1) diacylglycerol (1-18:0, 2-18:1) acyltransferase, ER membrane",Glycerolipid metabolism,YNR008W
1002320,r_2999,"PC (1-18:1, 2-16:1) diacylglycerol (1-18:0, 2-18:1) acyltransferase, ER membrane",Glycerolipid metabolism,YNR008W
1002321,r_3000,"PC (1-16:0, 2-18:1) diacylglycerol (1-18:0, 2-18:1) acyltransferase, ER membrane",Glycerolipid metabolism,YNR008W
1002322,r_3001,"PC (1-16:1, 2-18:1) diacylglycerol (1-18:0, 2-18:1) acyltransferase, ER membrane",Glycerolipid metabolism,YNR008W
1002323,r_3002,"PC (1-18:0, 2-18:1) diacylglycerol (1-18:0, 2-18:1) acyltransferase, ER membrane",Glycerolipid metabolism,YNR008W
1002324,r_3003,"PC (1-18:1, 2-18:1) diacylglycerol (1-18:0, 2-18:1) acyltransferase, ER membrane",Glycerolipid metabolism,YNR008W
1002325,r_3004,"PC (1-16:0, 2-16:1) diacylglycerol (1-18:1, 2-18:1) acyltransferase, ER membrane",Glycerolipid metabolism,YNR008W
1002326,r_3005,"PC (1-16:1, 2-16:1) diacylglycerol (1-18:1, 2-18:1) acyltransferase, ER membrane",Glycerolipid metabolism,YNR008W
1002327,r_3006,"PC (1-18:0, 2-16:1) diacylglycerol (1-18:1, 2-18:1) acyltransferase, ER membrane",Glycerolipid metabolism,YNR008W
1002328,r_3007,"PC (1-18:1, 2-16:1) diacylglycerol (1-18:1, 2-18:1) acyltransferase, ER membrane",Glycerolipid metabolism,YNR008W
1002329,r_3008,"PC (1-16:0, 2-18:1) diacylglycerol (1-18:1, 2-18:1) acyltransferase, ER membrane",Glycerolipid metabolism,YNR008W
1002330,r_3009,"PC (1-16:1, 2-18:1) diacylglycerol (1-18:1, 2-18:1) acyltransferase, ER membrane",Glycerolipid metabolism,YNR008W
1002331,r_3010,"PC (1-18:0, 2-18:1) diacylglycerol (1-18:1, 2-18:1) acyltransferase, ER membrane",Glycerolipid metabolism,YNR008W
1002332,r_3011,"PC (1-18:1, 2-18:1) diacylglycerol (1-18:1, 2-18:1) acyltransferase, ER membrane",Glycerolipid metabolism,YNR008W
1002333,r_3022,"PC phospholipase B (1-16:0, 2-16:1), ER membrane",Glycerophospholipid metabolism,YML059C
1002334,r_3023,"PC phospholipase B (1-16:1, 2-16:1), ER membrane",Glycerophospholipid metabolism,YML059C
1002335,r_3024,"PC phospholipase B (1-18:0, 2-16:1), ER membrane",Glycerophospholipid metabolism,YML059C
1002336,r_3025,"PC phospholipase B (1-18:1, 2-16:1), ER membrane",Glycerophospholipid metabolism,YML059C
1002337,r_3026,"PC phospholipase B (1-16:0, 2-18:1), ER membrane",Glycerophospholipid metabolism,YML059C
1002338,r_3027,"PC phospholipase B (1-16:1, 2-18:1), ER membrane",Glycerophospholipid metabolism,YML059C
1002339,r_3028,"PC phospholipase B (1-18:0, 2-18:1), ER membrane",Glycerophospholipid metabolism,YML059C
1002340,r_3029,"PC phospholipase B (1-18:1, 2-18:1), ER membrane",Glycerophospholipid metabolism,YML059C
1002341,r_3030,"LPC phospholipase B (16:0), ER membrane",Glycerophospholipid metabolism,YML059C
1002342,r_3031,"LPC phospholipase B (16:1), ER membrane",Glycerophospholipid metabolism,YML059C
1002343,r_3032,"LPC phospholipase B (18:0), ER membrane",Glycerophospholipid metabolism,YML059C
1002344,r_3033,"LPC phospholipase B (18:1), ER membrane",Glycerophospholipid metabolism,YML059C
1002345,r_3034,"PC phospholipase B (1-16:0, 2-16:1), cell envelope",Glycerophospholipid metabolism,YMR008C
1002346,r_3035,"PC phospholipase B (1-16:1, 2-16:1), cell envelope",Glycerophospholipid metabolism,YMR008C
1002347,r_3036,"PC phospholipase B (1-18:0, 2-16:1), cell envelope",Glycerophospholipid metabolism,YMR008C
1002348,r_3037,"PC phospholipase B (1-18:1, 2-16:1), cell envelope",Glycerophospholipid metabolism,YMR008C
1002349,r_3038,"PC phospholipase B (1-16:0, 2-18:1), cell envelope",Glycerophospholipid metabolism,YMR008C
1002350,r_3039,"PC phospholipase B (1-16:1, 2-18:1), cell envelope",Glycerophospholipid metabolism,YMR008C
1002351,r_3040,"PC phospholipase B (1-18:0, 2-18:1), cell envelope",Glycerophospholipid metabolism,YMR008C
1002352,r_3041,"PC phospholipase B (1-18:1, 2-18:1), cell envelope",Glycerophospholipid metabolism,YMR008C
1002353,r_3042,"LPC phospholipase B (16:0), cell envelope",Glycerophospholipid metabolism,YMR008C
1002354,r_3043,"LPC phospholipase B (16:1), cell envelope",Glycerophospholipid metabolism,YMR008C
1002355,r_3044,"LPC phospholipase B (18:0), cell envelope",Glycerophospholipid metabolism,YMR008C
1002356,r_3045,"LPC phospholipase B (18:1), cell envelope",Glycerophospholipid metabolism,YMR008C
1002357,r_3046,"PE phospholipase B (1-16:0, 2-16:1), cell envelope",Glycerophospholipid metabolism,YMR006C or YMR008C
1002358,r_3047,"PE phospholipase B (1-16:1, 2-16:1), cell envelope",Glycerophospholipid metabolism,YMR006C or YMR008C
1002359,r_3048,"PE phospholipase B (1-18:0, 2-16:1), cell envelope",Glycerophospholipid metabolism,YMR006C or YMR008C
1002360,r_3049,"PE phospholipase B (1-18:1, 2-16:1), cell envelope",Glycerophospholipid metabolism,YMR006C or YMR008C
1002361,r_3050,"PE phospholipase B (1-16:0, 2-18:1), cell envelope",Glycerophospholipid metabolism,YMR006C or YMR008C
1002362,r_3051,"PE phospholipase B (1-16:1, 2-18:1), cell envelope",Glycerophospholipid metabolism,YMR006C or YMR008C
1002363,r_3052,"PE phospholipase B (1-18:0, 2-18:1), cell envelope",Glycerophospholipid metabolism,YMR006C or YMR008C
1002364,r_3053,"PE phospholipase B (1-18:1, 2-18:1), cell envelope",Glycerophospholipid metabolism,YMR006C or YMR008C
1002365,r_3054,"LPE phospholipase B (16:0), cell envelope",Glycerophospholipid metabolism,YMR006C or YMR008C
1002366,r_3055,"LPE phospholipase B (16:1), cell envelope",Glycerophospholipid metabolism,YMR006C or YMR008C
1002367,r_3056,"LPE phospholipase B (18:0), cell envelope",Glycerophospholipid metabolism,YMR006C or YMR008C
1002368,r_3057,"LPE phospholipase B (18:1), cell envelope",Glycerophospholipid metabolism,YMR006C or YMR008C
1002369,r_3058,"PS phospholipase B (1-16:0, 2-16:1), cell envelope",Glycerophospholipid metabolism,YMR006C or YOL011W
1002370,r_3059,"PS phospholipase B (1-16:1, 2-16:1), cell envelope",Glycerophospholipid metabolism,YMR006C or YOL011W
1002371,r_3060,"PS phospholipase B (1-18:0, 2-16:1), cell envelope",Glycerophospholipid metabolism,YMR006C or YOL011W
1002372,r_3061,"PS phospholipase B (1-18:1, 2-16:1), cell envelope",Glycerophospholipid metabolism,YMR006C or YOL011W
1002373,r_3062,"PS phospholipase B (1-16:0, 2-18:1), cell envelope",Glycerophospholipid metabolism,YMR006C or YOL011W
1002374,r_3063,"PS phospholipase B (1-16:1, 2-18:1), cell envelope",Glycerophospholipid metabolism,YMR006C or YOL011W
1002375,r_3064,"PS phospholipase B (1-18:0, 2-18:1), cell envelope",Glycerophospholipid metabolism,YMR006C or YOL011W
1002376,r_3065,"PS phospholipase B (1-18:1, 2-18:1), cell envelope",Glycerophospholipid metabolism,YMR006C or YOL011W
1002377,r_3066,"LPS phospholipase B (16:0), cell envelope",Glycerophospholipid metabolism,YMR006C or YOL011W
1002378,r_3067,"LPS phospholipase B (16:1), cell envelope",Glycerophospholipid metabolism,YMR006C or YOL011W
1002379,r_3068,"LPS phospholipase B (18:0), cell envelope",Glycerophospholipid metabolism,YMR006C or YOL011W
1002380,r_3069,"LPS phospholipase B (18:1), cell envelope",Glycerophospholipid metabolism,YMR006C or YOL011W
1002381,r_3070,"PI phospholipase B (1-16:0, 2-16:1), cell envelope",Glycerophospholipid metabolism,YOL011W
1002382,r_3071,"PI phospholipase B (1-16:1, 2-16:1), cell envelope",Glycerophospholipid metabolism,YOL011W
1002383,r_3072,"PI phospholipase B (1-18:0, 2-16:1), cell envelope",Glycerophospholipid metabolism,YOL011W
1002384,r_3073,"PI phospholipase B (1-18:1, 2-16:1), cell envelope",Glycerophospholipid metabolism,YOL011W
1002385,r_3074,"PI phospholipase B (1-16:0, 2-18:1), cell envelope",Glycerophospholipid metabolism,YOL011W
1002386,r_3075,"PI phospholipase B (1-16:1, 2-18:1), cell envelope",Glycerophospholipid metabolism,YOL011W
1002387,r_3076,"PI phospholipase B (1-18:0, 2-18:1), cell envelope",Glycerophospholipid metabolism,YOL011W
1002388,r_3077,"PI phospholipase B (1-18:1, 2-18:1), cell envelope",Glycerophospholipid metabolism,YOL011W
1002389,r_3078,"LPI phospholipase B (16:0), cell envelope",Glycerophospholipid metabolism,YOL011W
1002390,r_3079,"LPI phospholipase B (16:1), cell envelope",Glycerophospholipid metabolism,YOL011W
1002391,r_3080,"LPI phospholipase B (18:0), cell envelope",Glycerophospholipid metabolism,YOL011W
1002392,r_3081,"LPI phospholipase B (18:1), cell envelope",Glycerophospholipid metabolism,YOL011W
1002393,r_3082,"PI 4,5-P2 phospholipase C (1-16:0, 2-16:1), cytoplasm",Inositol phosphate metabolism,YPL268W
1002394,r_3083,"PI 4,5-P2 phospholipase C (1-16:1, 2-16:1), cytoplasm",Inositol phosphate metabolism,YPL268W
1002395,r_3084,"PI 4,5-P2 phospholipase C (1-18:0, 2-16:1), cytoplasm",Inositol phosphate metabolism,YPL268W
1002396,r_3085,"PI 4,5-P2 phospholipase C (1-18:1, 2-16:1), cytoplasm",Inositol phosphate metabolism,YPL268W
1002397,r_3086,"PI 4,5-P2 phospholipase C (1-16:0, 2-18:1), cytoplasm",Inositol phosphate metabolism,YPL268W
1002398,r_3087,"PI 4,5-P2 phospholipase C (1-16:1, 2-18:1), cytoplasm",Inositol phosphate metabolism,YPL268W
1002399,r_3088,"PI 4,5-P2 phospholipase C (1-18:0, 2-18:1), cytoplasm",Inositol phosphate metabolism,YPL268W
1002400,r_3089,"PI 4,5-P2 phospholipase C (1-18:1, 2-18:1), cytoplasm",Inositol phosphate metabolism,YPL268W
1002401,r_3090,"PI 4,5-P2 phospholipase C (1-16:0, 2-16:1), nucleus",Inositol phosphate metabolism,YPL268W
1002402,r_3091,"PI 4,5-P2 phospholipase C (1-16:1, 2-16:1), nucleus",Inositol phosphate metabolism,YPL268W
1002403,r_3092,"PI 4,5-P2 phospholipase C (1-18:0, 2-16:1), nucleus",Inositol phosphate metabolism,YPL268W
1002404,r_3093,"PI 4,5-P2 phospholipase C (1-18:1, 2-16:1), nucleus",Inositol phosphate metabolism,YPL268W
1002405,r_3094,"PI 4,5-P2 phospholipase C (1-16:0, 2-18:1), nucleus",Inositol phosphate metabolism,YPL268W
1002406,r_3095,"PI 4,5-P2 phospholipase C (1-16:1, 2-18:1), nucleus",Inositol phosphate metabolism,YPL268W
1002407,r_3096,"PI 4,5-P2 phospholipase C (1-18:0, 2-18:1), nucleus",Inositol phosphate metabolism,YPL268W
1002408,r_3097,"PI 4,5-P2 phospholipase C (1-18:1, 2-18:1), nucleus",Inositol phosphate metabolism,YPL268W
1002409,r_3098,"PG phospholipase C (1-16:0, 2-16:1), mitochondrial membrane",Glycerophospholipid metabolism,YPL206C
1002410,r_3099,"PG phospholipase C (1-16:1, 2-16:1), mitochondrial membrane",Glycerophospholipid metabolism,YPL206C
1002411,r_3100,"PG phospholipase C (1-18:0, 2-16:1), mitochondrial membrane",Glycerophospholipid metabolism,YPL206C
1002412,r_3101,"PG phospholipase C (1-18:1, 2-16:1), mitochondrial membrane",Glycerophospholipid metabolism,YPL206C
1002413,r_3102,"PG phospholipase C (1-16:0, 2-18:1), mitochondrial membrane",Glycerophospholipid metabolism,YPL206C
1002414,r_3103,"PG phospholipase C (1-16:1, 2-18:1), mitochondrial membrane",Glycerophospholipid metabolism,YPL206C
1002415,r_3104,"PC phospholipase D (1-16:0, 2-16:1), cell envelope",Glycerophospholipid metabolism,YKR031C
1002416,r_3105,"PC phospholipase D (1-16:1, 2-16:1), cell envelope",Glycerophospholipid metabolism,YKR031C
1002417,r_3106,"PC phospholipase D (1-18:0, 2-16:1), cell envelope",Glycerophospholipid metabolism,YKR031C
1002418,r_3107,"PC phospholipase D (1-18:1, 2-16:1), cell envelope",Glycerophospholipid metabolism,YKR031C
1002419,r_3108,"PC phospholipase D (1-16:0, 2-18:1), cell envelope",Glycerophospholipid metabolism,YKR031C
1002420,r_3109,"PC phospholipase D (1-16:1, 2-18:1), cell envelope",Glycerophospholipid metabolism,YKR031C
1002421,r_3110,"PC phospholipase D (1-18:0, 2-18:1), cell envelope",Glycerophospholipid metabolism,YKR031C
1002422,r_3111,"PC phospholipase D (1-18:1, 2-18:1), cell envelope",Glycerophospholipid metabolism,YKR031C
1002423,r_3112,"PI 3-P phosphatase (1-16:0, 2-16:1), cell envelope",Inositol phosphate metabolism,YNL106C or YOR109W
1002424,r_3113,"PI 3-P phosphatase (1-16:1, 2-16:1), cell envelope",Inositol phosphate metabolism,YNL106C or YOR109W
1002425,r_3114,"PI 3-P phosphatase (1-18:0, 2-16:1), cell envelope",Inositol phosphate metabolism,YNL106C or YOR109W
1002426,r_3115,"PI 3-P phosphatase (1-18:1, 2-16:1), cell envelope",Inositol phosphate metabolism,YNL106C or YOR109W
1002427,r_3116,"PI 3-P phosphatase (1-16:0, 2-18:1), cell envelope",Inositol phosphate metabolism,YNL106C or YOR109W
1002428,r_3117,"PI 3-P phosphatase (1-16:1, 2-18:1), cell envelope",Inositol phosphate metabolism,YNL106C or YOR109W
1002429,r_3118,"PI 3-P phosphatase (1-18:0, 2-18:1), cell envelope",Inositol phosphate metabolism,YNL106C or YOR109W
1002430,r_3119,"PI 3-P phosphatase (1-18:1, 2-18:1), cell envelope",Inositol phosphate metabolism,YNL106C or YOR109W
1002431,r_3120,"PI 3-P phosphatase (1-16:0, 2-16:1), cytoplasm",Inositol phosphate metabolism,YJR110W or YNL106C or YOR109W
1002432,r_3121,"PI 3-P phosphatase (1-16:1, 2-16:1), cytoplasm",Inositol phosphate metabolism,YJR110W or YNL106C or YOR109W
1002433,r_3122,"PI 3-P phosphatase (1-18:0, 2-16:1), cytoplasm",Inositol phosphate metabolism,YJR110W or YNL106C or YOR109W
1002434,r_3123,"PI 3-P phosphatase (1-18:1, 2-16:1), cytoplasm",Inositol phosphate metabolism,YJR110W or YNL106C or YOR109W
1002435,r_3124,"PI 3-P phosphatase (1-16:0, 2-18:1), cytoplasm",Inositol phosphate metabolism,YJR110W or YNL106C or YOR109W
1002436,r_3125,"PI 3-P phosphatase (1-16:1, 2-18:1), cytoplasm",Inositol phosphate metabolism,YJR110W or YNL106C or YOR109W
1002437,r_3126,"PI 3-P phosphatase (1-18:0, 2-18:1), cytoplasm",Inositol phosphate metabolism,YJR110W or YNL106C or YOR109W
1002438,r_3127,"PI 3-P phosphatase (1-18:1, 2-18:1), cytoplasm",Inositol phosphate metabolism,YJR110W or YNL106C or YOR109W
1002439,r_3128,"PI 3-P phosphatase (1-16:0, 2-16:1), ER membrane",Inositol phosphate metabolism,YKL212W
1002440,r_3129,"PI 3-P phosphatase (1-16:1, 2-16:1), ER membrane",Inositol phosphate metabolism,YKL212W
1002441,r_3130,"PI 3-P phosphatase (1-18:0, 2-16:1), ER membrane",Inositol phosphate metabolism,YKL212W
1002442,r_3131,"PI 3-P phosphatase (1-18:1, 2-16:1), ER membrane",Inositol phosphate metabolism,YKL212W
1002443,r_3132,"PI 3-P phosphatase (1-16:0, 2-18:1), ER membrane",Inositol phosphate metabolism,YKL212W
1002444,r_3133,"PI 3-P phosphatase (1-16:1, 2-18:1), ER membrane",Inositol phosphate metabolism,YKL212W
1002445,r_3134,"PI 3-P phosphatase (1-18:0, 2-18:1), ER membrane",Inositol phosphate metabolism,YKL212W
1002446,r_3135,"PI 3-P phosphatase (1-18:1, 2-18:1), ER membrane",Inositol phosphate metabolism,YKL212W
1002447,r_3136,"PI 3-P phosphatase (1-16:0, 2-16:1), Golgi membrane",Inositol phosphate metabolism,YKL212W
1002448,r_3137,"PI 3-P phosphatase (1-16:1, 2-16:1), Golgi membrane",Inositol phosphate metabolism,YKL212W
1002449,r_3138,"PI 3-P phosphatase (1-18:0, 2-16:1), Golgi membrane",Inositol phosphate metabolism,YKL212W
1002450,r_3139,"PI 3-P phosphatase (1-18:1, 2-16:1), Golgi membrane",Inositol phosphate metabolism,YKL212W
1002451,r_3140,"PI 3-P phosphatase (1-16:0, 2-18:1), Golgi membrane",Inositol phosphate metabolism,YKL212W
1002452,r_3141,"PI 3-P phosphatase (1-16:1, 2-18:1), Golgi membrane",Inositol phosphate metabolism,YKL212W
1002453,r_3142,"PI 3-P phosphatase (1-18:0, 2-18:1), Golgi membrane",Inositol phosphate metabolism,YKL212W
1002454,r_3143,"PI 3-P phosphatase (1-18:1, 2-18:1), Golgi membrane",Inositol phosphate metabolism,YKL212W
1002455,r_3144,"PI 4-P phosphatase (1-16:0, 2-16:1), cell envelope",Inositol phosphate metabolism,YNL106C or YOR109W
1002456,r_3145,"PI 4-P phosphatase (1-16:1, 2-16:1), cell envelope",Inositol phosphate metabolism,YNL106C or YOR109W
1002457,r_3146,"PI 4-P phosphatase (1-18:0, 2-16:1), cell envelope",Inositol phosphate metabolism,YNL106C or YOR109W
1002458,r_3147,"PI 4-P phosphatase (1-18:1, 2-16:1), cell envelope",Inositol phosphate metabolism,YNL106C or YOR109W
1002459,r_3148,"PI 4-P phosphatase (1-16:0, 2-18:1), cell envelope",Inositol phosphate metabolism,YNL106C or YOR109W
1002460,r_3149,"PI 4-P phosphatase (1-16:1, 2-18:1), cell envelope",Inositol phosphate metabolism,YNL106C or YOR109W
1002461,r_3150,"PI 4-P phosphatase (1-18:0, 2-18:1), cell envelope",Inositol phosphate metabolism,YNL106C or YOR109W
1002462,r_3151,"PI 4-P phosphatase (1-18:1, 2-18:1), cell envelope",Inositol phosphate metabolism,YNL106C or YOR109W
1002463,r_3152,"PI 4-P phosphatase (1-16:0, 2-16:1), cytoplasm",Inositol phosphate metabolism,YNL106C or YOR109W
1002464,r_3153,"PI 4-P phosphatase (1-16:1, 2-16:1), cytoplasm",Inositol phosphate metabolism,YNL106C or YOR109W
1002465,r_3154,"PI 4-P phosphatase (1-18:0, 2-16:1), cytoplasm",Inositol phosphate metabolism,YNL106C or YOR109W
1002466,r_3155,"PI 4-P phosphatase (1-18:1, 2-16:1), cytoplasm",Inositol phosphate metabolism,YNL106C or YOR109W
1002467,r_3156,"PI 4-P phosphatase (1-16:0, 2-18:1), cytoplasm",Inositol phosphate metabolism,YNL106C or YOR109W
1002468,r_3157,"PI 4-P phosphatase (1-16:1, 2-18:1), cytoplasm",Inositol phosphate metabolism,YNL106C or YOR109W
1002469,r_3158,"PI 4-P phosphatase (1-18:0, 2-18:1), cytoplasm",Inositol phosphate metabolism,YNL106C or YOR109W
1002470,r_3159,"PI 4-P phosphatase (1-18:1, 2-18:1), cytoplasm",Inositol phosphate metabolism,YNL106C or YOR109W
1002471,r_3160,"PI 4-P phosphatase (1-16:0, 2-16:1), ER membrane",Inositol phosphate metabolism,YKL212W
1002472,r_3161,"PI 4-P phosphatase (1-16:1, 2-16:1), ER membrane",Inositol phosphate metabolism,YKL212W
1002473,r_3162,"PI 4-P phosphatase (1-18:0, 2-16:1), ER membrane",Inositol phosphate metabolism,YKL212W
1002474,r_3163,"PI 4-P phosphatase (1-18:1, 2-16:1), ER membrane",Inositol phosphate metabolism,YKL212W
1002475,r_3164,"PI 4-P phosphatase (1-16:0, 2-18:1), ER membrane",Inositol phosphate metabolism,YKL212W
1002476,r_3165,"PI 4-P phosphatase (1-16:1, 2-18:1), ER membrane",Inositol phosphate metabolism,YKL212W
1002477,r_3166,"PI 4-P phosphatase (1-18:0, 2-18:1), ER membrane",Inositol phosphate metabolism,YKL212W
1002478,r_3167,"PI 4-P phosphatase (1-18:1, 2-18:1), ER membrane",Inositol phosphate metabolism,YKL212W
1002479,r_3168,"PI 4-P phosphatase (1-16:0, 2-16:1), Golgi membrane",Inositol phosphate metabolism,YKL212W
1002480,r_3169,"PI 4-P phosphatase (1-16:1, 2-16:1), Golgi membrane",Inositol phosphate metabolism,YKL212W
1002481,r_3170,"PI 4-P phosphatase (1-18:0, 2-16:1), Golgi membrane",Inositol phosphate metabolism,YKL212W
1002482,r_3171,"PI 4-P phosphatase (1-18:1, 2-16:1), Golgi membrane",Inositol phosphate metabolism,YKL212W
1002483,r_3172,"PI 4-P phosphatase (1-16:0, 2-18:1), Golgi membrane",Inositol phosphate metabolism,YKL212W
1002484,r_3173,"PI 4-P phosphatase (1-16:1, 2-18:1), Golgi membrane",Inositol phosphate metabolism,YKL212W
1002485,r_3174,"PI 4-P phosphatase (1-18:0, 2-18:1), Golgi membrane",Inositol phosphate metabolism,YKL212W
1002486,r_3175,"PI 4-P phosphatase (1-18:1, 2-18:1), Golgi membrane",Inositol phosphate metabolism,YKL212W
1002487,r_3176,"PI 3,5-P2 phosphatase (1-16:0, 2-16:1), cell envelope",Inositol phosphate metabolism,YNL106C or YOR109W
1002488,r_3177,"PI 3,5-P2 phosphatase (1-16:1, 2-16:1), cell envelope",Inositol phosphate metabolism,YNL106C or YOR109W
1002489,r_3178,"PI 3,5-P2 phosphatase (1-18:0, 2-16:1), cell envelope",Inositol phosphate metabolism,YNL106C or YOR109W
1002490,r_3179,"PI 3,5-P2 phosphatase (1-18:1, 2-16:1), cell envelope",Inositol phosphate metabolism,YNL106C or YOR109W
1002491,r_3180,"PI 3,5-P2 phosphatase (1-16:0, 2-18:1), cell envelope",Inositol phosphate metabolism,YNL106C or YOR109W
1002492,r_3181,"PI 3,5-P2 phosphatase (1-16:1, 2-18:1), cell envelope",Inositol phosphate metabolism,YNL106C or YOR109W
1002493,r_3182,"PI 3,5-P2 phosphatase (1-18:0, 2-18:1), cell envelope",Inositol phosphate metabolism,YNL106C or YOR109W
1002494,r_3183,"PI 3,5-P2 phosphatase (1-18:1, 2-18:1), cell envelope",Inositol phosphate metabolism,YNL106C or YOR109W
1002495,r_3184,"PI 3,5-P2 phosphatase (1-16:0, 2-16:1), cytoplasm",Inositol phosphate metabolism,YNL106C or YOR109W
1002496,r_3185,"PI 3,5-P2 phosphatase (1-16:1, 2-16:1), cytoplasm",Inositol phosphate metabolism,YNL106C or YOR109W
1002497,r_3186,"PI 3,5-P2 phosphatase (1-18:0, 2-16:1), cytoplasm",Inositol phosphate metabolism,YNL106C or YOR109W
1002498,r_3187,"PI 3,5-P2 phosphatase (1-18:1, 2-16:1), cytoplasm",Inositol phosphate metabolism,YNL106C or YOR109W
1002499,r_3188,"PI 3,5-P2 phosphatase (1-16:0, 2-18:1), cytoplasm",Inositol phosphate metabolism,YNL106C or YOR109W
1002500,r_3189,"PI 3,5-P2 phosphatase (1-16:1, 2-18:1), cytoplasm",Inositol phosphate metabolism,YNL106C or YOR109W
1002501,r_3190,"PI 3,5-P2 phosphatase (1-18:0, 2-18:1), cytoplasm",Inositol phosphate metabolism,YNL106C or YOR109W
1002502,r_3191,"PI 3,5-P2 phosphatase (1-18:1, 2-18:1), cytoplasm",Inositol phosphate metabolism,YNL106C or YOR109W
1002503,r_3192,"PI 4,5-P2 phosphatase (1-16:0, 2-16:1), cell envelope",Inositol phosphate metabolism,YIL002C or YNL106C or YOR109W
1002504,r_3193,"PI 4,5-P2 phosphatase (1-16:1, 2-16:1), cell envelope",Inositol phosphate metabolism,YIL002C or YNL106C or YOR109W
1002505,r_3194,"PI 4,5-P2 phosphatase (1-18:0, 2-16:1), cell envelope",Inositol phosphate metabolism,YIL002C or YNL106C or YOR109W
1002506,r_3195,"PI 4,5-P2 phosphatase (1-18:1, 2-16:1), cell envelope",Inositol phosphate metabolism,YIL002C or YNL106C or YOR109W
1002507,r_3196,"PI 4,5-P2 phosphatase (1-16:0, 2-18:1), cell envelope",Inositol phosphate metabolism,YIL002C or YNL106C or YOR109W
1002508,r_3197,"PI 4,5-P2 phosphatase (1-16:1, 2-18:1), cell envelope",Inositol phosphate metabolism,YIL002C or YNL106C or YOR109W
1002509,r_3198,"PI 4,5-P2 phosphatase (1-18:0, 2-18:1), cell envelope",Inositol phosphate metabolism,YIL002C or YNL106C or YOR109W
1002510,r_3199,"PI 4,5-P2 phosphatase (1-18:1, 2-18:1), cell envelope",Inositol phosphate metabolism,YIL002C or YNL106C or YOR109W
1002511,r_3200,"PI 4,5-P2 phosphatase (1-16:0, 2-16:1), cytoplasm",Inositol phosphate metabolism,YIL002C or YNL106C or YOR109W
1002512,r_3201,"PI 4,5-P2 phosphatase (1-16:1, 2-16:1), cytoplasm",Inositol phosphate metabolism,YIL002C or YNL106C or YOR109W
1002513,r_3202,"PI 4,5-P2 phosphatase (1-18:0, 2-16:1), cytoplasm",Inositol phosphate metabolism,YIL002C or YNL106C or YOR109W
1002514,r_3203,"PI 4,5-P2 phosphatase (1-18:1, 2-16:1), cytoplasm",Inositol phosphate metabolism,YIL002C or YNL106C or YOR109W
1002515,r_3204,"PI 4,5-P2 phosphatase (1-16:0, 2-18:1), cytoplasm",Inositol phosphate metabolism,YIL002C or YNL106C or YOR109W
1002516,r_3205,"PI 4,5-P2 phosphatase (1-16:1, 2-18:1), cytoplasm",Inositol phosphate metabolism,YIL002C or YNL106C or YOR109W
1002517,r_3206,"PI 4,5-P2 phosphatase (1-18:0, 2-18:1), cytoplasm",Inositol phosphate metabolism,YIL002C or YNL106C or YOR109W
1002518,r_3207,"PI 4,5-P2 phosphatase (1-18:1, 2-18:1), cytoplasm",Inositol phosphate metabolism,YIL002C or YNL106C or YOR109W
1002519,r_3208,"PI 4,5-P2 phosphatase (1-16:0, 2-16:1), ER membrane",Inositol phosphate metabolism,YOL065C
1002520,r_3209,"PI 4,5-P2 phosphatase (1-16:1, 2-16:1), ER membrane",Inositol phosphate metabolism,YOL065C
1002521,r_3210,"PI 4,5-P2 phosphatase (1-18:0, 2-16:1), ER membrane",Inositol phosphate metabolism,YOL065C
1002522,r_3211,"PI 4,5-P2 phosphatase (1-18:1, 2-16:1), ER membrane",Inositol phosphate metabolism,YOL065C
1002523,r_3212,"PI 4,5-P2 phosphatase (1-16:0, 2-18:1), ER membrane",Inositol phosphate metabolism,YOL065C
1002524,r_3213,"PI 4,5-P2 phosphatase (1-16:1, 2-18:1), ER membrane",Inositol phosphate metabolism,YOL065C
1002525,r_3214,"PI 4,5-P2 phosphatase (1-18:0, 2-18:1), ER membrane",Inositol phosphate metabolism,YOL065C
1002526,r_3215,"PI 4,5-P2 phosphatase (1-18:1, 2-18:1), ER membrane",Inositol phosphate metabolism,YOL065C
1002527,r_3216,"PI 3,5-P2 phosphatase (1-16:0, 2-16:1), vacuolar membrane",Inositol phosphate metabolism,YFR019W and YNL325C and YFR021W and YNL054W and YLR386W
1002528,r_3217,"PI 3,5-P2 phosphatase (1-16:1, 2-16:1), vacuolar membrane",Inositol phosphate metabolism,YFR019W and YNL325C and YFR021W and YNL054W and YLR386W
1002529,r_3218,"PI 3,5-P2 phosphatase (1-18:0, 2-16:1), vacuolar membrane",Inositol phosphate metabolism,YFR019W and YNL325C and YFR021W and YNL054W and YLR386W
1002530,r_3219,"PI 3,5-P2 phosphatase (1-18:1, 2-16:1), vacuolar membrane",Inositol phosphate metabolism,YFR019W and YNL325C and YFR021W and YNL054W and YLR386W
1002531,r_3220,"PI 3,5-P2 phosphatase (1-16:0, 2-18:1), vacuolar membrane",Inositol phosphate metabolism,YFR019W and YNL325C and YFR021W and YNL054W and YLR386W
1002532,r_3221,"PI 3,5-P2 phosphatase (1-16:1, 2-18:1), vacuolar membrane",Inositol phosphate metabolism,YFR019W and YNL325C and YFR021W and YNL054W and YLR386W
1002533,r_3222,"PI 3,5-P2 phosphatase (1-18:0, 2-18:1), vacuolar membrane",Inositol phosphate metabolism,YFR019W and YNL325C and YFR021W and YNL054W and YLR386W
1002534,r_3223,"PI 3,5-P2 phosphatase (1-18:1, 2-18:1), vacuolar membrane",Inositol phosphate metabolism,YFR019W and YNL325C and YFR021W and YNL054W and YLR386W
1002535,r_3224,"DGPP phosphatase (1-16:0, 2-16:1), vacuolar membrane",Glycerolipid metabolism,YDR284C
1002536,r_3225,"DGPP phosphatase (1-16:1, 2-16:1), vacuolar membrane",Glycerolipid metabolism,YDR284C
1002537,r_3226,"DGPP phosphatase (1-18:0, 2-16:1), vacuolar membrane",Glycerolipid metabolism,YDR284C
1002538,r_3227,"DGPP phosphatase (1-18:1, 2-16:1), vacuolar membrane",Glycerolipid metabolism,YDR284C
1002539,r_3228,"DGPP phosphatase (1-16:0, 2-18:1), vacuolar membrane",Glycerolipid metabolism,YDR284C
1002540,r_3229,"DGPP phosphatase (1-16:1, 2-18:1), vacuolar membrane",Glycerolipid metabolism,YDR284C
1002541,r_3230,"DGPP phosphatase (1-18:0, 2-18:1), vacuolar membrane",Glycerolipid metabolism,YDR284C
1002542,r_3231,"DGPP phosphatase (1-18:1, 2-18:1), vacuolar membrane",Glycerolipid metabolism,YDR284C
1002543,r_3232,"DGPP phosphatase (1-16:0, 2-16:1), Golgi membrane",Glycerolipid metabolism,YDR503C
1002544,r_3233,"DGPP phosphatase (1-16:1, 2-16:1), Golgi membrane",Glycerolipid metabolism,YDR503C
1002545,r_3234,"DGPP phosphatase (1-18:0, 2-16:1), Golgi membrane",Glycerolipid metabolism,YDR503C
1002546,r_3235,"DGPP phosphatase (1-18:1, 2-16:1), Golgi membrane",Glycerolipid metabolism,YDR503C
1002547,r_3236,"DGPP phosphatase (1-16:0, 2-18:1), Golgi membrane",Glycerolipid metabolism,YDR503C
1002548,r_3237,"DGPP phosphatase (1-16:1, 2-18:1), Golgi membrane",Glycerolipid metabolism,YDR503C
1002549,r_3238,"DGPP phosphatase (1-18:0, 2-18:1), Golgi membrane",Glycerolipid metabolism,YDR503C
1002550,r_3239,"DGPP phosphatase (1-18:1, 2-18:1), Golgi membrane",Glycerolipid metabolism,YDR503C
1002551,r_3240,"lysoPA phosphatase (16:0), cytoplasm",Glycerolipid metabolism,YER037W
1002552,r_3241,"lysoPA phosphatase (16:1), cytoplasm",Glycerolipid metabolism,YER037W
1002553,r_3242,"lysoPA phosphatase (18:0), cytoplasm",Glycerolipid metabolism,YER037W
1002554,r_3243,"lysoPA phosphatase (18:1), cytoplasm",Glycerolipid metabolism,YER037W
1002555,r_3244,"lysoPA phosphatase (16:0), vacuolar membrane",Glycerolipid metabolism,YDR284C
1002556,r_3245,"lysoPA phosphatase (16:1), vacuolar membrane",Glycerolipid metabolism,YDR284C
1002557,r_3246,"lysoPA phosphatase (18:0), vacuolar membrane",Glycerolipid metabolism,YDR284C
1002558,r_3247,"lysoPA phosphatase (18:1), vacuolar membrane",Glycerolipid metabolism,YDR284C
1002559,r_3248,"lysoPA phosphatase (16:0), Golgi membrane",Glycerolipid metabolism,YDR503C
1002560,r_3249,"lysoPA phosphatase (16:1), Golgi membrane",Glycerolipid metabolism,YDR503C
1002561,r_3250,"lysoPA phosphatase (18:0), Golgi membrane",Glycerolipid metabolism,YDR503C
1002562,r_3251,"lysoPA phosphatase (18:1), Golgi membrane",Glycerolipid metabolism,YDR503C
1002563,r_3252,"ergosteryl ester hydrolase (16:1), lipid particle",Steroid biosynthesis,YKL140W or YLL012W
1002564,r_3253,"ergosteryl ester hydrolase (18:1), lipid particle",Steroid biosynthesis,YKL140W or YLL012W
1002565,r_3254,"episteryl ester hydrolase (16:1), lipid particle",Steroid biosynthesis,YLL012W
1002566,r_3255,"episteryl ester hydrolase (18:1), lipid particle",Steroid biosynthesis,YLL012W
1002567,r_3256,"fecosteryl ester hydrolase (16:1), lipid particle",Steroid biosynthesis,YLL012W
1002568,r_3257,"fecosteryl ester hydrolase (18:1), lipid particle",Steroid biosynthesis,YLL012W
1002569,r_3258,"lanosteryl ester hydrolase (16:1), lipid particle",Steroid biosynthesis,YLL012W
1002570,r_3259,"lanosteryl ester hydrolase (18:1), lipid particle",Steroid biosynthesis,YLL012W
1002571,r_3260,"zymosteryl ester hydrolase (16:1), lipid particle",Steroid biosynthesis,YLL012W
1002572,r_3261,"zymosteryl ester hydrolase (18:1), lipid particle",Steroid biosynthesis,YLL012W
1002573,r_3262,"zymosteryl ester hydrolase (16:1), cell envelope",Steroid biosynthesis,YLR020C
1002574,r_3263,"zymosteryl ester hydrolase (18:1), cell envelope",Steroid biosynthesis,YLR020C
1002575,r_3264,"TAG lipase (1-16:0, 2-16:1, 3-16:0), lipid particle",Glycerolipid metabolism,YBR204C or YKR089C or YMR313C or YOR081C or YCR068W
1002576,r_3265,"TAG lipase (1-16:0, 2-16:1, 3-16:1), lipid particle",Glycerolipid metabolism,YBR204C or YKR089C or YMR313C or YOR081C
1002577,r_3266,"TAG lipase (1-16:0, 2-16:1, 3-18:0), lipid particle",Glycerolipid metabolism,YBR204C or YKR089C or YMR313C or YOR081C
1002578,r_3267,"TAG lipase (1-16:0, 2-16:1, 3-18:1), lipid particle",Glycerolipid metabolism,YBR204C or YKR089C or YMR313C or YOR081C
1002579,r_3268,"TAG lipase (1-16:1, 2-16:1, 3-16:0), lipid particle",Glycerolipid metabolism,YBR204C or YKR089C or YMR313C or YOR081C
1002580,r_3269,"TAG lipase (1-16:1, 2-16:1, 3-16:1), lipid particle",Glycerolipid metabolism,YBR204C or YKR089C or YMR313C or YOR081C
1002581,r_3270,"TAG lipase (1-16:1, 2-16:1, 3-18:0), lipid particle",Glycerolipid metabolism,YBR204C or YKR089C or YMR313C or YOR081C
1002582,r_3271,"TAG lipase (1-16:1, 2-16:1, 3-18:1), lipid particle",Glycerolipid metabolism,YBR204C or YKR089C or YMR313C or YOR081C
1002583,r_3272,"TAG lipase (1-18:0, 2-16:1, 3-16:0), lipid particle",Glycerolipid metabolism,YBR204C or YKR089C or YMR313C or YOR081C
1002584,r_3273,"TAG lipase (1-18:0, 2-16:1, 3-16:1), lipid particle",Glycerolipid metabolism,YBR204C or YKR089C or YMR313C or YOR081C
1002585,r_3274,"TAG lipase (1-18:0, 2-16:1, 3-18:0), lipid particle",Glycerolipid metabolism,YBR204C or YKR089C or YMR313C or YOR081C
1002586,r_3275,"TAG lipase (1-18:0, 2-16:1, 3-18:1), lipid particle",Glycerolipid metabolism,YBR204C or YKR089C or YMR313C or YOR081C
1002587,r_3276,"TAG lipase (1-18:1, 2-16:1, 3-16:0), lipid particle",Glycerolipid metabolism,YBR204C or YKR089C or YMR313C or YOR081C
1002588,r_3277,"TAG lipase (1-18:1, 2-16:1, 3-16:1), lipid particle",Glycerolipid metabolism,YBR204C or YKR089C or YMR313C or YOR081C
1002589,r_3278,"TAG lipase (1-18:1, 2-16:1, 3-18:0), lipid particle",Glycerolipid metabolism,YBR204C or YKR089C or YMR313C or YOR081C
1002590,r_3279,"TAG lipase (1-18:1, 2-16:1, 3-18:1), lipid particle",Glycerolipid metabolism,YBR204C or YKR089C or YMR313C or YOR081C
1002591,r_3280,"TAG lipase (1-16:0, 2-18:1, 3-16:0), lipid particle",Glycerolipid metabolism,YBR204C or YKR089C or YMR313C or YOR081C
1002592,r_3281,"TAG lipase (1-16:0, 2-18:1, 3-16:1), lipid particle",Glycerolipid metabolism,YBR204C or YKR089C or YMR313C or YOR081C
1002593,r_3282,"TAG lipase (1-16:0, 2-18:1, 3-18:0), lipid particle",Glycerolipid metabolism,YBR204C or YKR089C or YMR313C or YOR081C
1002594,r_3283,"TAG lipase (1-16:0, 2-18:1, 3-18:1), lipid particle",Glycerolipid metabolism,YBR204C or YKR089C or YMR313C or YOR081C
1002595,r_3284,"TAG lipase (1-16:1, 2-18:1, 3-16:0), lipid particle",Glycerolipid metabolism,YBR204C or YKR089C or YMR313C or YOR081C
1002596,r_3285,"TAG lipase (1-16:1, 2-18:1, 3-16:1), lipid particle",Glycerolipid metabolism,YBR204C or YKR089C or YMR313C or YOR081C
1002597,r_3286,"TAG lipase (1-16:1, 2-18:1, 3-18:0), lipid particle",Glycerolipid metabolism,YBR204C or YKR089C or YMR313C or YOR081C
1002598,r_3287,"TAG lipase (1-16:1, 2-18:1, 3-18:1), lipid particle",Glycerolipid metabolism,YBR204C or YKR089C or YMR313C or YOR081C
1002599,r_3288,"TAG lipase (1-18:0, 2-18:1, 3-16:0), lipid particle",Glycerolipid metabolism,YBR204C or YKR089C or YMR313C or YOR081C
1002600,r_3289,"TAG lipase (1-18:0, 2-18:1, 3-16:1), lipid particle",Glycerolipid metabolism,YBR204C or YKR089C or YMR313C or YOR081C
1002601,r_3290,"TAG lipase (1-18:0, 2-18:1, 3-18:0), lipid particle",Glycerolipid metabolism,YBR204C or YKR089C or YMR313C or YOR081C
1002602,r_3291,"TAG lipase (1-18:0, 2-18:1, 3-18:1), lipid particle",Glycerolipid metabolism,YBR204C or YKR089C or YMR313C or YOR081C
1002603,r_3292,"TAG lipase (1-18:1, 2-18:1, 3-16:0), lipid particle",Glycerolipid metabolism,YBR204C or YKR089C or YMR313C or YOR081C
1002604,r_3293,"TAG lipase (1-18:1, 2-18:1, 3-16:1), lipid particle",Glycerolipid metabolism,YBR204C or YKR089C or YMR313C or YOR081C
1002605,r_3294,"TAG lipase (1-18:1, 2-18:1, 3-18:0), lipid particle",Glycerolipid metabolism,YBR204C or YKR089C or YMR313C or YOR081C
1002606,r_3295,"TAG lipase (1-18:1, 2-18:1, 3-18:1), lipid particle",Glycerolipid metabolism,YBR204C or YKR089C or YMR313C or YOR081C
1002607,r_3296,"DAG lipase (1-16:0, 2-16:1), lipid particle",Glycerolipid metabolism,YMR313C
1002608,r_3297,"DAG lipase (1-16:1, 2-16:1), lipid particle",Glycerolipid metabolism,YCR068W or YMR313C
1002609,r_3298,"DAG lipase (1-18:0, 2-16:1), lipid particle",Glycerolipid metabolism,YMR313C
1002610,r_3299,"DAG lipase (1-18:1, 2-16:1), lipid particle",Glycerolipid metabolism,YMR313C
1002611,r_3300,"DAG lipase (1-16:0, 2-18:1), lipid particle",Glycerolipid metabolism,YMR313C
1002612,r_3301,"DAG lipase (1-16:1, 2-18:1), lipid particle",Glycerolipid metabolism,YMR313C
1002613,r_3302,"DAG lipase (1-18:0, 2-18:1), lipid particle",Glycerolipid metabolism,YMR313C
1002614,r_3303,"DAG lipase (1-18:1, 2-18:1), lipid particle",Glycerolipid metabolism,YMR313C
1002615,r_3304,"DAG lipase (1-16:0, 2-18:1), mitochondrion",Glycerolipid metabolism,YDR058C
1002616,r_3305,"DAG lipase (1-16:1, 2-18:1), mitochondrion",Glycerolipid metabolism,YDR058C
1002617,r_3306,"DAG lipase (1-18:0, 2-18:1), mitochondrion",Glycerolipid metabolism,YDR058C
1002618,r_3307,"DAG lipase (1-18:1, 2-18:1), mitochondrion",Glycerolipid metabolism,YDR058C
1002619,r_3308,"MAG lipase (1-16:0), lipid particle",Glycerolipid metabolism,YKL094W
1002620,r_3309,"MAG lipase (1-16:1), lipid particle",Glycerolipid metabolism,YKL094W
1002621,r_3310,"MAG lipase (1-18:0), lipid particle",Glycerolipid metabolism,YKL094W
1002622,r_3311,"MAG lipase (1-18:1), lipid particle",Glycerolipid metabolism,YKL094W
1002623,r_3312,"lysoPE (1-16:0) oleoyl-CoA acyltransferase, lipid particle",Glycerolipid metabolism,YMR313C
1002624,r_3313,"lysoPE (1-16:1) oleoyl-CoA acyltransferase, lipid particle",Glycerolipid metabolism,YMR313C
1002625,r_3314,"lysoPE (1-18:0) oleoyl-CoA acyltransferase, lipid particle",Glycerolipid metabolism,YMR313C
1002626,r_3315,"lysoPE (1-18:1) oleoyl-CoA acyltransferase, lipid particle",Glycerolipid metabolism,YMR313C
1002627,r_3316,"PC phospholipase A2 (1-16:0, 2-16:1), lipid particle",Glycerolipid metabolism,YKR089C
1002628,r_3317,"PC phospholipase A2 (1-16:1, 2-16:1), lipid particle",Glycerolipid metabolism,YKR089C
1002629,r_3318,"PC phospholipase A2 (1-18:0, 2-16:1), lipid particle",Glycerolipid metabolism,YKR089C
1002630,r_3319,"PC phospholipase A2 (1-18:1, 2-16:1), lipid particle",Glycerolipid metabolism,YKR089C
1002631,r_3320,"PC phospholipase A2 (1-16:0, 2-18:1), lipid particle",Glycerolipid metabolism,YKR089C
1002632,r_3321,"PC phospholipase A2 (1-16:1, 2-18:1), lipid particle",Glycerolipid metabolism,YKR089C
1002633,r_3322,"PC phospholipase A2 (1-18:0, 2-18:1), lipid particle",Glycerolipid metabolism,YKR089C
1002634,r_3323,"PC phospholipase A2 (1-18:1, 2-18:1), lipid particle",Glycerolipid metabolism,YKR089C
1002635,r_3324,"PE phospholipase A2 (1-16:0, 2-16:1), lipid particle",Glycerolipid metabolism,YKR089C
1002636,r_3325,"PE phospholipase A2 (1-16:1, 2-16:1), lipid particle",Glycerolipid metabolism,YKR089C
1002637,r_3326,"PE phospholipase A2 (1-18:0, 2-16:1), lipid particle",Glycerolipid metabolism,YKR089C
1002638,r_3327,"PE phospholipase A2 (1-18:1, 2-16:1), lipid particle",Glycerolipid metabolism,YKR089C
1002639,r_3328,"PE phospholipase A2 (1-16:0, 2-18:1), lipid particle",Glycerolipid metabolism,YKR089C
1002640,r_3329,"PE phospholipase A2 (1-16:1, 2-18:1), lipid particle",Glycerolipid metabolism,YKR089C
1002641,r_3330,"PE phospholipase A2 (1-18:0, 2-18:1), lipid particle",Glycerolipid metabolism,YKR089C
1002642,r_3331,"PE phospholipase A2 (1-18:1, 2-18:1), lipid particle",Glycerolipid metabolism,YKR089C
1002643,r_3332,"PA kinase (1-16:0, 2-16:1), Golgi membrane",Glycerolipid metabolism,
1002644,r_3333,"PA kinase (1-16:1, 2-16:1), Golgi membrane",Glycerolipid metabolism,
1002645,r_3334,"PA kinase (1-18:0, 2-16:1), Golgi membrane",Glycerolipid metabolism,
1002646,r_3335,"PA kinase (1-18:1, 2-16:1), Golgi membrane",Glycerolipid metabolism,
1002647,r_3336,"PA kinase (1-16:0, 2-18:1), Golgi membrane",Glycerolipid metabolism,
1002648,r_3337,"PA kinase (1-16:1, 2-18:1), Golgi membrane",Glycerolipid metabolism,
1002649,r_3338,"PA kinase (1-18:0, 2-18:1), Golgi membrane",Glycerolipid metabolism,
1002650,r_3339,"PA kinase (1-18:1, 2-18:1), Golgi membrane",Glycerolipid metabolism,
1002651,r_3340,"PA kinase (1-16:0, 2-16:1), vacuolar membrane",Glycerolipid metabolism,
1002652,r_3341,"PA kinase (1-16:1, 2-16:1), vacuolar membrane",Glycerolipid metabolism,
1002653,r_3342,"PA kinase (1-18:0, 2-16:1), vacuolar membrane",Glycerolipid metabolism,
1002654,r_3343,"PA kinase (1-18:1, 2-16:1), vacuolar membrane",Glycerolipid metabolism,
1002655,r_3344,"PA kinase (1-16:0, 2-18:1), vacuolar membrane",Glycerolipid metabolism,
1002656,r_3345,"PA kinase (1-16:1, 2-18:1), vacuolar membrane",Glycerolipid metabolism,
1002657,r_3346,"PA kinase (1-18:0, 2-18:1), vacuolar membrane",Glycerolipid metabolism,
1002658,r_3347,"PA kinase (1-18:1, 2-18:1), vacuolar membrane",Glycerolipid metabolism,
1002659,r_3348,"inositolphosphotransferase (PI (1-16:0, 2-16:1) MIPC-A (C24))",Sphingoglycolipid metabolism,YDR072C
1002660,r_3349,"inositolphosphotransferase (PI (1-16:1, 2-16:1) MIPC-A (C24))",Sphingoglycolipid metabolism,YDR072C
1002661,r_3350,"inositolphosphotransferase (PI (1-18:0, 2-16:1) MIPC-A (C24))",Sphingoglycolipid metabolism,YDR072C
1002662,r_3351,"inositolphosphotransferase (PI (1-18:1, 2-16:1) MIPC-A (C24))",Sphingoglycolipid metabolism,YDR072C
1002663,r_3352,"inositolphosphotransferase (PI (1-16:0, 2-18:1) MIPC-A (C24))",Sphingoglycolipid metabolism,YDR072C
1002664,r_3353,"inositolphosphotransferase (PI (1-16:1, 2-18:1) MIPC-A (C24))",Sphingoglycolipid metabolism,YDR072C
1002665,r_3354,"inositolphosphotransferase (PI (1-18:0, 2-18:1) MIPC-A (C24))",Sphingoglycolipid metabolism,YDR072C
1002666,r_3355,"inositolphosphotransferase (PI (1-18:1, 2-18:1) MIPC-A (C24))",Sphingoglycolipid metabolism,YDR072C
1002667,r_3356,"inositolphosphotransferase (PI (1-16:0, 2-16:1) MIPC-A (C26))",Sphingoglycolipid metabolism,YDR072C
1002668,r_3357,"inositolphosphotransferase (PI (1-16:1, 2-16:1) MIPC-A (C26))",Sphingoglycolipid metabolism,YDR072C
1002669,r_3358,"inositolphosphotransferase (PI (1-18:0, 2-16:1) MIPC-A (C26))",Sphingoglycolipid metabolism,YDR072C
1002670,r_3359,"inositolphosphotransferase (PI (1-18:1, 2-16:1) MIPC-A (C26))",Sphingoglycolipid metabolism,YDR072C
1002671,r_3360,"inositolphosphotransferase (PI (1-16:0, 2-18:1) MIPC-A (C26))",Sphingoglycolipid metabolism,YDR072C
1002672,r_3361,"inositolphosphotransferase (PI (1-16:1, 2-18:1) MIPC-A (C26))",Sphingoglycolipid metabolism,YDR072C
1002673,r_3362,"inositolphosphotransferase (PI (1-18:0, 2-18:1) MIPC-A (C26))",Sphingoglycolipid metabolism,YDR072C
1002674,r_3363,"inositolphosphotransferase (PI (1-18:1, 2-18:1) MIPC-A (C26))",Sphingoglycolipid metabolism,YDR072C
1002675,r_3364,"inositolphosphotransferase (PI (1-16:0, 2-16:1) MIPC-B' (C24))",Sphingoglycolipid metabolism,YDR072C
1002676,r_3365,"inositolphosphotransferase (PI (1-16:1, 2-16:1) MIPC-B' (C24))",Sphingoglycolipid metabolism,YDR072C
1002677,r_3366,"inositolphosphotransferase (PI (1-18:0, 2-16:1) MIPC-B' (C24))",Sphingoglycolipid metabolism,YDR072C
1002678,r_3367,"inositolphosphotransferase (PI (1-18:1, 2-16:1) MIPC-B' (C24))",Sphingoglycolipid metabolism,YDR072C
1002679,r_3368,"inositolphosphotransferase (PI (1-16:0, 2-18:1) MIPC-B' (C24))",Sphingoglycolipid metabolism,YDR072C
1002680,r_3369,"inositolphosphotransferase (PI (1-16:1, 2-18:1) MIPC-B' (C24))",Sphingoglycolipid metabolism,YDR072C
1002681,r_3370,"inositolphosphotransferase (PI (1-18:0, 2-18:1) MIPC-B' (C24))",Sphingoglycolipid metabolism,YDR072C
1002682,r_3371,"inositolphosphotransferase (PI (1-18:1, 2-18:1) MIPC-B' (C24))",Sphingoglycolipid metabolism,YDR072C
1002683,r_3372,"inositolphosphotransferase (PI (1-16:0, 2-16:1) MIPC-B' (C26))",Sphingoglycolipid metabolism,YDR072C
1002684,r_3373,"inositolphosphotransferase (PI (1-16:1, 2-16:1) MIPC-B' (C26))",Sphingoglycolipid metabolism,YDR072C
1002685,r_3374,"inositolphosphotransferase (PI (1-18:0, 2-16:1) MIPC-B' (C26))",Sphingoglycolipid metabolism,YDR072C
1002686,r_3375,"inositolphosphotransferase (PI (1-18:1, 2-16:1) MIPC-B' (C26))",Sphingoglycolipid metabolism,YDR072C
1002687,r_3376,"inositolphosphotransferase (PI (1-16:0, 2-18:1) MIPC-B' (C26))",Sphingoglycolipid metabolism,YDR072C
1002688,r_3377,"inositolphosphotransferase (PI (1-16:1, 2-18:1) MIPC-B' (C26))",Sphingoglycolipid metabolism,YDR072C
1002689,r_3378,"inositolphosphotransferase (PI (1-18:0, 2-18:1) MIPC-B' (C26))",Sphingoglycolipid metabolism,YDR072C
1002690,r_3379,"inositolphosphotransferase (PI (1-18:1, 2-18:1) MIPC-B' (C26))",Sphingoglycolipid metabolism,YDR072C
1002691,r_3380,"inositolphosphotransferase (PI (1-16:0, 2-16:1) MIPC-B (C24))",Sphingoglycolipid metabolism,YDR072C
1002692,r_3381,"inositolphosphotransferase (PI (1-16:1, 2-16:1) MIPC-B (C24))",Sphingoglycolipid metabolism,YDR072C
1002693,r_3382,"inositolphosphotransferase (PI (1-18:0, 2-16:1) MIPC-B (C24))",Sphingoglycolipid metabolism,YDR072C
1002694,r_3383,"inositolphosphotransferase (PI (1-18:1, 2-16:1) MIPC-B (C24))",Sphingoglycolipid metabolism,YDR072C
1002695,r_3384,"inositolphosphotransferase (PI (1-16:0, 2-18:1) MIPC-B (C24))",Sphingoglycolipid metabolism,YDR072C
1002696,r_3385,"inositolphosphotransferase (PI (1-16:1, 2-18:1) MIPC-B (C24))",Sphingoglycolipid metabolism,YDR072C
1002697,r_3386,"inositolphosphotransferase (PI (1-18:0, 2-18:1) MIPC-B (C24))",Sphingoglycolipid metabolism,YDR072C
1002698,r_3387,"inositolphosphotransferase (PI (1-18:1, 2-18:1) MIPC-B (C24))",Sphingoglycolipid metabolism,YDR072C
1002699,r_3388,"inositolphosphotransferase (PI (1-16:0, 2-16:1) MIPC-B (C26))",Sphingoglycolipid metabolism,YDR072C
1002700,r_3389,"inositolphosphotransferase (PI (1-16:1, 2-16:1) MIPC-B (C26))",Sphingoglycolipid metabolism,YDR072C
1002701,r_3390,"inositolphosphotransferase (PI (1-18:0, 2-16:1) MIPC-B (C26))",Sphingoglycolipid metabolism,YDR072C
1002702,r_3391,"inositolphosphotransferase (PI (1-18:1, 2-16:1) MIPC-B (C26))",Sphingoglycolipid metabolism,YDR072C
1002703,r_3392,"inositolphosphotransferase (PI (1-16:0, 2-18:1) MIPC-B (C26))",Sphingoglycolipid metabolism,YDR072C
1002704,r_3393,"inositolphosphotransferase (PI (1-16:1, 2-18:1) MIPC-B (C26))",Sphingoglycolipid metabolism,YDR072C
1002705,r_3394,"inositolphosphotransferase (PI (1-18:0, 2-18:1) MIPC-B (C26))",Sphingoglycolipid metabolism,YDR072C
1002706,r_3395,"inositolphosphotransferase (PI (1-18:1, 2-18:1) MIPC-B (C26))",Sphingoglycolipid metabolism,YDR072C
1002707,r_3396,"inositolphosphotransferase (PI (1-16:0, 2-16:1) MIPC-C (C24))",Sphingoglycolipid metabolism,YDR072C
1002708,r_3397,"inositolphosphotransferase (PI (1-16:1, 2-16:1) MIPC-C (C24))",Sphingoglycolipid metabolism,YDR072C
1002709,r_3398,"inositolphosphotransferase (PI (1-18:0, 2-16:1) MIPC-C (C24))",Sphingoglycolipid metabolism,YDR072C
1002710,r_3399,"inositolphosphotransferase (PI (1-18:1, 2-16:1) MIPC-C (C24))",Sphingoglycolipid metabolism,YDR072C
1002711,r_3400,"inositolphosphotransferase (PI (1-16:0, 2-18:1) MIPC-C (C24))",Sphingoglycolipid metabolism,YDR072C
1002712,r_3401,"inositolphosphotransferase (PI (1-16:1, 2-18:1) MIPC-C (C24))",Sphingoglycolipid metabolism,YDR072C
1002713,r_3402,"inositolphosphotransferase (PI (1-18:0, 2-18:1) MIPC-C (C24))",Sphingoglycolipid metabolism,YDR072C
1002714,r_3403,"inositolphosphotransferase (PI (1-18:1, 2-18:1) MIPC-C (C24))",Sphingoglycolipid metabolism,YDR072C
1002715,r_3404,"inositolphosphotransferase (PI (1-16:0, 2-16:1) MIPC-C (C26))",Sphingoglycolipid metabolism,YDR072C
1002716,r_3405,"inositolphosphotransferase (PI (1-16:1, 2-16:1) MIPC-C (C26))",Sphingoglycolipid metabolism,YDR072C
1002717,r_3406,"inositolphosphotransferase (PI (1-18:0, 2-16:1) MIPC-C (C26))",Sphingoglycolipid metabolism,YDR072C
1002718,r_3407,"inositolphosphotransferase (PI (1-18:1, 2-16:1) MIPC-C (C26))",Sphingoglycolipid metabolism,YDR072C
1002719,r_3408,"inositolphosphotransferase (PI (1-16:0, 2-18:1) MIPC-C (C26))",Sphingoglycolipid metabolism,YDR072C
1002720,r_3409,"inositolphosphotransferase (PI (1-16:1, 2-18:1) MIPC-C (C26))",Sphingoglycolipid metabolism,YDR072C
1002721,r_3410,"inositolphosphotransferase (PI (1-18:0, 2-18:1) MIPC-C (C26))",Sphingoglycolipid metabolism,YDR072C
1002722,r_3411,"inositolphosphotransferase (PI (1-18:1, 2-18:1) MIPC-C (C26))",Sphingoglycolipid metabolism,YDR072C
1002723,r_3412,"inositolphosphotransferase (PI (1-16:0, 2-16:1) MIPC-D (C24))",Sphingoglycolipid metabolism,YDR072C
1002724,r_3413,"inositolphosphotransferase (PI (1-16:1, 2-16:1) MIPC-D (C24))",Sphingoglycolipid metabolism,YDR072C
1002725,r_3414,"inositolphosphotransferase (PI (1-18:0, 2-16:1) MIPC-D (C24))",Sphingoglycolipid metabolism,YDR072C
1002726,r_3415,"inositolphosphotransferase (PI (1-18:1, 2-16:1) MIPC-D (C24))",Sphingoglycolipid metabolism,YDR072C
1002727,r_3416,"inositolphosphotransferase (PI (1-16:0, 2-18:1) MIPC-D (C24))",Sphingoglycolipid metabolism,YDR072C
1002728,r_3417,"inositolphosphotransferase (PI (1-16:1, 2-18:1) MIPC-D (C24))",Sphingoglycolipid metabolism,YDR072C
1002729,r_3418,"inositolphosphotransferase (PI (1-18:0, 2-18:1) MIPC-D (C24))",Sphingoglycolipid metabolism,YDR072C
1002730,r_3419,"inositolphosphotransferase (PI (1-18:1, 2-18:1) MIPC-D (C24))",Sphingoglycolipid metabolism,YDR072C
1002731,r_3420,"inositolphosphotransferase (PI (1-16:0, 2-16:1) MIPC-D (C26))",Sphingoglycolipid metabolism,YDR072C
1002732,r_3421,"inositolphosphotransferase (PI (1-16:1, 2-16:1) MIPC-D (C26))",Sphingoglycolipid metabolism,YDR072C
1002733,r_3422,"inositolphosphotransferase (PI (1-18:0, 2-16:1) MIPC-D (C26))",Sphingoglycolipid metabolism,YDR072C
1002734,r_3423,"inositolphosphotransferase (PI (1-18:1, 2-16:1) MIPC-D (C26))",Sphingoglycolipid metabolism,YDR072C
1002735,r_3424,"inositolphosphotransferase (PI (1-16:0, 2-18:1) MIPC-D (C26))",Sphingoglycolipid metabolism,YDR072C
1002736,r_3425,"inositolphosphotransferase (PI (1-16:1, 2-18:1) MIPC-D (C26))",Sphingoglycolipid metabolism,YDR072C
1002737,r_3426,"inositolphosphotransferase (PI (1-18:0, 2-18:1) MIPC-D (C26))",Sphingoglycolipid metabolism,YDR072C
1002738,r_3427,"inositolphosphotransferase (PI (1-18:1, 2-18:1) MIPC-D (C26))",Sphingoglycolipid metabolism,YDR072C
1002739,r_3428,"IPC synthase (PI (1-16:0, 2-16:1) ceramide-1 (C24))",Sphingoglycolipid metabolism,YDR367W and YKL004W
1002740,r_3429,"IPC synthase (PI (1-16:1, 2-16:1) ceramide-1 (C24))",Sphingoglycolipid metabolism,YDR367W and YKL004W
1002741,r_3430,"IPC synthase (PI (1-18:0, 2-16:1) ceramide-1 (C24))",Sphingoglycolipid metabolism,YDR367W and YKL004W
1002742,r_3431,"IPC synthase (PI (1-18:1, 2-16:1) ceramide-1 (C24))",Sphingoglycolipid metabolism,YDR367W and YKL004W
1002743,r_3432,"IPC synthase (PI (1-16:0, 2-18:1) ceramide-1 (C24))",Sphingoglycolipid metabolism,YDR367W and YKL004W
1002744,r_3433,"IPC synthase (PI (1-16:1, 2-18:1) ceramide-1 (C24))",Sphingoglycolipid metabolism,YDR367W and YKL004W
1002745,r_3434,"IPC synthase (PI (1-18:0, 2-18:1) ceramide-1 (C24))",Sphingoglycolipid metabolism,YDR367W and YKL004W
1002746,r_3435,"IPC synthase (PI (1-18:1, 2-18:1) ceramide-1 (C24))",Sphingoglycolipid metabolism,YDR367W and YKL004W
1002747,r_3436,"IPC synthase (PI (1-16:0, 2-16:1) ceramide-1 (C26))",Sphingoglycolipid metabolism,YDR367W and YKL004W
1002748,r_3437,"IPC synthase (PI (1-16:1, 2-16:1) ceramide-1 (C26))",Sphingoglycolipid metabolism,YDR367W and YKL004W
1002749,r_3438,"IPC synthase (PI (1-18:0, 2-16:1) ceramide-1 (C26))",Sphingoglycolipid metabolism,YDR367W and YKL004W
1002750,r_3439,"IPC synthase (PI (1-18:1, 2-16:1) ceramide-1 (C26))",Sphingoglycolipid metabolism,YDR367W and YKL004W
1002751,r_3440,"IPC synthase (PI (1-16:0, 2-18:1) ceramide-1 (C26))",Sphingoglycolipid metabolism,YDR367W and YKL004W
1002752,r_3441,"IPC synthase (PI (1-16:1, 2-18:1) ceramide-1 (C26))",Sphingoglycolipid metabolism,YDR367W and YKL004W
1002753,r_3442,"IPC synthase (PI (1-18:0, 2-18:1) ceramide-1 (C26))",Sphingoglycolipid metabolism,YDR367W and YKL004W
1002754,r_3443,"IPC synthase (PI (1-18:1, 2-18:1) ceramide-1 (C26))",Sphingoglycolipid metabolism,YDR367W and YKL004W
1002755,r_3444,"IPC synthase (PI (1-16:0, 2-16:1) ceramide-2' (C24))",Sphingoglycolipid metabolism,YDR367W and YKL004W
1002756,r_3445,"IPC synthase (PI (1-16:1, 2-16:1) ceramide-2' (C24))",Sphingoglycolipid metabolism,YDR367W and YKL004W
1002757,r_3446,"IPC synthase (PI (1-18:0, 2-16:1) ceramide-2' (C24))",Sphingoglycolipid metabolism,YDR367W and YKL004W
1002758,r_3447,"IPC synthase (PI (1-18:1, 2-16:1) ceramide-2' (C24))",Sphingoglycolipid metabolism,YDR367W and YKL004W
1002759,r_3448,"IPC synthase (PI (1-16:0, 2-18:1) ceramide-2' (C24))",Sphingoglycolipid metabolism,YDR367W and YKL004W
1002760,r_3449,"IPC synthase (PI (1-16:1, 2-18:1) ceramide-2' (C24))",Sphingoglycolipid metabolism,YDR367W and YKL004W
1002761,r_3450,"IPC synthase (PI (1-18:0, 2-18:1) ceramide-2' (C24))",Sphingoglycolipid metabolism,YDR367W and YKL004W
1002762,r_3451,"IPC synthase (PI (1-18:1, 2-18:1) ceramide-2' (C24))",Sphingoglycolipid metabolism,YDR367W and YKL004W
1002763,r_3452,"IPC synthase (PI (1-16:0, 2-16:1) ceramide-2' (C26))",Sphingoglycolipid metabolism,YDR367W and YKL004W
1002764,r_3453,"IPC synthase (PI (1-16:1, 2-16:1) ceramide-2' (C26))",Sphingoglycolipid metabolism,YDR367W and YKL004W
1002765,r_3454,"IPC synthase (PI (1-18:0, 2-16:1) ceramide-2' (C26))",Sphingoglycolipid metabolism,YDR367W and YKL004W
1002766,r_3455,"IPC synthase (PI (1-18:1, 2-16:1) ceramide-2' (C26))",Sphingoglycolipid metabolism,YDR367W and YKL004W
1002767,r_3456,"IPC synthase (PI (1-16:0, 2-18:1) ceramide-2' (C26))",Sphingoglycolipid metabolism,YDR367W and YKL004W
1002768,r_3457,"IPC synthase (PI (1-16:1, 2-18:1) ceramide-2' (C26))",Sphingoglycolipid metabolism,YDR367W and YKL004W
1002769,r_3458,"IPC synthase (PI (1-18:0, 2-18:1) ceramide-2' (C26))",Sphingoglycolipid metabolism,YDR367W and YKL004W
1002770,r_3459,"IPC synthase (PI (1-18:1, 2-18:1) ceramide-2' (C26))",Sphingoglycolipid metabolism,YDR367W and YKL004W
1002771,r_3460,"IPC synthase (PI (1-16:0, 2-16:1) ceramide-2 (C24))",Sphingoglycolipid metabolism,YDR367W and YKL004W
1002772,r_3461,"IPC synthase (PI (1-16:1, 2-16:1) ceramide-2 (C24))",Sphingoglycolipid metabolism,YDR367W and YKL004W
1002773,r_3462,"IPC synthase (PI (1-18:0, 2-16:1) ceramide-2 (C24))",Sphingoglycolipid metabolism,YDR367W and YKL004W
1002774,r_3463,"IPC synthase (PI (1-18:1, 2-16:1) ceramide-2 (C24))",Sphingoglycolipid metabolism,YDR367W and YKL004W
1002775,r_3464,"IPC synthase (PI (1-16:0, 2-18:1) ceramide-2 (C24))",Sphingoglycolipid metabolism,YDR367W and YKL004W
1002776,r_3465,"IPC synthase (PI (1-16:1, 2-18:1) ceramide-2 (C24))",Sphingoglycolipid metabolism,YDR367W and YKL004W
1002777,r_3466,"IPC synthase (PI (1-18:0, 2-18:1) ceramide-2 (C24))",Sphingoglycolipid metabolism,YDR367W and YKL004W
1002778,r_3467,"IPC synthase (PI (1-18:1, 2-18:1) ceramide-2 (C24))",Sphingoglycolipid metabolism,YDR367W and YKL004W
1002779,r_3468,"IPC synthase (PI (1-16:0, 2-16:1) ceramide-2 (C26))",Sphingoglycolipid metabolism,YDR367W and YKL004W
1002780,r_3469,"IPC synthase (PI (1-16:1, 2-16:1) ceramide-2 (C26))",Sphingoglycolipid metabolism,YDR367W and YKL004W
1002781,r_3470,"IPC synthase (PI (1-18:0, 2-16:1) ceramide-2 (C26))",Sphingoglycolipid metabolism,YDR367W and YKL004W
1002782,r_3471,"IPC synthase (PI (1-18:1, 2-16:1) ceramide-2 (C26))",Sphingoglycolipid metabolism,YDR367W and YKL004W
1002783,r_3472,"IPC synthase (PI (1-16:0, 2-18:1) ceramide-2 (C26))",Sphingoglycolipid metabolism,YDR367W and YKL004W
1002784,r_3473,"IPC synthase (PI (1-16:1, 2-18:1) ceramide-2 (C26))",Sphingoglycolipid metabolism,YDR367W and YKL004W
1002785,r_3474,"IPC synthase (PI (1-18:0, 2-18:1) ceramide-2 (C26))",Sphingoglycolipid metabolism,YDR367W and YKL004W
1002786,r_3475,"IPC synthase (PI (1-18:1, 2-18:1) ceramide-2 (C26))",Sphingoglycolipid metabolism,YDR367W and YKL004W
1002787,r_3476,"IPC synthase (PI (1-16:0, 2-16:1) ceramide-3 (C24))",Sphingoglycolipid metabolism,YDR367W and YKL004W
1002788,r_3477,"IPC synthase (PI (1-16:1, 2-16:1) ceramide-3 (C24))",Sphingoglycolipid metabolism,YDR367W and YKL004W
1002789,r_3478,"IPC synthase (PI (1-18:0, 2-16:1) ceramide-3 (C24))",Sphingoglycolipid metabolism,YDR367W and YKL004W
1002790,r_3479,"IPC synthase (PI (1-18:1, 2-16:1) ceramide-3 (C24))",Sphingoglycolipid metabolism,YDR367W and YKL004W
1002791,r_3480,"IPC synthase (PI (1-16:0, 2-18:1) ceramide-3 (C24))",Sphingoglycolipid metabolism,YDR367W and YKL004W
1002792,r_3481,"IPC synthase (PI (1-16:1, 2-18:1) ceramide-3 (C24))",Sphingoglycolipid metabolism,YDR367W and YKL004W
1002793,r_3482,"IPC synthase (PI (1-18:0, 2-18:1) ceramide-3 (C24))",Sphingoglycolipid metabolism,YDR367W and YKL004W
1002794,r_3483,"IPC synthase (PI (1-18:1, 2-18:1) ceramide-3 (C24))",Sphingoglycolipid metabolism,YDR367W and YKL004W
1002795,r_3484,"IPC synthase (PI (1-16:0, 2-16:1) ceramide-3 (C26))",Sphingoglycolipid metabolism,YDR367W and YKL004W
1002796,r_3485,"IPC synthase (PI (1-16:1, 2-16:1) ceramide-3 (C26))",Sphingoglycolipid metabolism,YDR367W and YKL004W
1002797,r_3486,"IPC synthase (PI (1-18:0, 2-16:1) ceramide-3 (C26))",Sphingoglycolipid metabolism,YDR367W and YKL004W
1002798,r_3487,"IPC synthase (PI (1-18:1, 2-16:1) ceramide-3 (C26))",Sphingoglycolipid metabolism,YDR367W and YKL004W
1002799,r_3488,"IPC synthase (PI (1-16:0, 2-18:1) ceramide-3 (C26))",Sphingoglycolipid metabolism,YDR367W and YKL004W
1002800,r_3489,"IPC synthase (PI (1-16:1, 2-18:1) ceramide-3 (C26))",Sphingoglycolipid metabolism,YDR367W and YKL004W
1002801,r_3490,"IPC synthase (PI (1-18:0, 2-18:1) ceramide-3 (C26))",Sphingoglycolipid metabolism,YDR367W and YKL004W
1002802,r_3491,"IPC synthase (PI (1-18:1, 2-18:1) ceramide-3 (C26))",Sphingoglycolipid metabolism,YDR367W and YKL004W
1002803,r_3492,"IPC synthase (PI (1-16:0, 2-16:1) ceramide-4 (C24))",Sphingoglycolipid metabolism,YDR367W and YKL004W
1002804,r_3493,"IPC synthase (PI (1-16:1, 2-16:1) ceramide-4 (C24))",Sphingoglycolipid metabolism,YDR367W and YKL004W
1002805,r_3494,"IPC synthase (PI (1-18:0, 2-16:1) ceramide-4 (C24))",Sphingoglycolipid metabolism,YDR367W and YKL004W
1002806,r_3495,"IPC synthase (PI (1-18:1, 2-16:1) ceramide-4 (C24))",Sphingoglycolipid metabolism,YDR367W and YKL004W
1002807,r_3496,"IPC synthase (PI (1-16:0, 2-18:1) ceramide-4 (C24))",Sphingoglycolipid metabolism,YDR367W and YKL004W
1002808,r_3497,"IPC synthase (PI (1-16:1, 2-18:1) ceramide-4 (C24))",Sphingoglycolipid metabolism,YDR367W and YKL004W
1002809,r_3498,"IPC synthase (PI (1-18:0, 2-18:1) ceramide-4 (C24))",Sphingoglycolipid metabolism,YDR367W and YKL004W
1002810,r_3499,"IPC synthase (PI (1-18:1, 2-18:1) ceramide-4 (C24))",Sphingoglycolipid metabolism,YDR367W and YKL004W
1002811,r_3500,"IPC synthase (PI (1-16:0, 2-16:1) ceramide-4 (C26))",Sphingoglycolipid metabolism,YDR367W and YKL004W
1002812,r_3501,"IPC synthase (PI (1-16:1, 2-16:1) ceramide-4 (C26))",Sphingoglycolipid metabolism,YDR367W and YKL004W
1002813,r_3502,"IPC synthase (PI (1-18:0, 2-16:1) ceramide-4 (C26))",Sphingoglycolipid metabolism,YDR367W and YKL004W
1002814,r_3503,"IPC synthase (PI (1-18:1, 2-16:1) ceramide-4 (C26))",Sphingoglycolipid metabolism,YDR367W and YKL004W
1002815,r_3504,"IPC synthase (PI (1-16:0, 2-18:1) ceramide-4 (C26))",Sphingoglycolipid metabolism,YDR367W and YKL004W
1002816,r_3505,"IPC synthase (PI (1-16:1, 2-18:1) ceramide-4 (C26))",Sphingoglycolipid metabolism,YDR367W and YKL004W
1002817,r_3506,"IPC synthase (PI (1-18:0, 2-18:1) ceramide-4 (C26))",Sphingoglycolipid metabolism,YDR367W and YKL004W
1002818,r_3507,"IPC synthase (PI (1-18:1, 2-18:1) ceramide-4 (C26))",Sphingoglycolipid metabolism,YDR367W and YKL004W
1002819,r_3508,"laurate transport, cytoplasm-ER membrane","Transport [c, erm]",
1002820,r_3509,"myristate transport, cytoplasm-ER membrane","Transport [c, erm]",
1002821,r_3510,"palmitate transport, cytoplasm-ER membrane","Transport [c, erm]",
1002822,r_3511,"palmitoleate transport, cytoplasm-ER membrane","Transport [c, erm]",
1002823,r_3512,"stearate transport, cytoplasm-ER membrane","Transport [c, erm]",
1002824,r_3513,"oleate transport, cytoplasm-ER membrane","Transport [c, erm]",
1002825,r_3514,"malonyl-CoA transport, cytoplasm-ER membrane","Transport [c, erm]",
1002826,r_3515,"lauroyl-CoA transport, cytoplasm-ER membrane","Transport [c, erm]",
1002827,r_3516,"myristoyl-CoA transport, cytoplasm-ER membrane","Transport [c, erm]",
1002828,r_3517,"palmitoyl-CoA transport, cytoplasm-ER membrane","Transport [c, erm]",
1002829,r_3518,"palmitoleoyl-CoA transport, cytoplasm-ER membrane","Transport [c, erm]",
1002830,r_3519,"stearoyl-CoA transport, cytoplasm-ER membrane","Transport [c, erm]",
1002831,r_3520,"oleoyl-CoA transport, cytoplasm-ER membrane","Transport [c, erm]",
1002832,r_3521,"icosanoyl-CoA transport, cytoplasm-ER membrane","Transport [c, erm]",
1002833,r_3522,"docosanoyl-CoA transport, cytoplasm-ER membrane","Transport [c, erm]",
1002834,r_3523,"tetracosanoyl-CoA transport, cytoplasm-ER membrane","Transport [c, erm]",
1002835,r_3524,"hexacosanoyl-CoA transport, cytoplasm-ER membrane","Transport [c, erm]",
1002836,r_3525,"H+ transport, cytoplasm-ER membrane","Transport [c, erm]",
1002837,r_3526,"H2O transport, cytoplasm-ER membrane","Transport [c, erm]",YLL052C or YPR192W
1002838,r_3527,"CO2 transport, cytoplasm-ER membrane","Transport [c, erm]",
1002839,r_3528,"coenzyme A transport, cytoplasm-ER membrane","Transport [c, erm]",
1002840,r_3529,"NADPH transport, cytoplasm-ER membrane","Transport [c, erm]",
1002841,r_3530,"NADP(+) transport, cytoplasm-ER membrane","Transport [c, erm]",
1002842,r_3531,"O2 transport, cytoplasm-ER membrane","Transport [c, erm]",
1002843,r_3532,"NADH transport, cytoplasm-ER membrane","Transport [c, erm]",
1002844,r_3533,"NAD transport, cytoplasm-ER membrane","Transport [c, erm]",
1002845,r_3534,"glycerol 3-phosphate transport, cytoplasm-ER membrane","Transport [c, erm]",
1002846,r_3535,"dihydroxyacetone phosphate transport, cytoplasm-ER membrane","Transport [c, erm]",
1002847,r_3536,"diphosphate transport, cytoplasm-ER membrane","Transport [c, erm]",
1002848,r_3537,"phosphate transport, cytoplasm-ER membrane","Transport [c, erm]",
1002849,r_3538,"CTP transport, cytoplasm-ER membrane","Transport [c, erm]",
1002850,r_3539,"CDP transport, cytoplasm-ER membrane","Transport [c, erm]",
1002851,r_3540,"CMP transport, cytoplasm-ER membrane","Transport [c, erm]",
1002852,r_3541,"CDP-ethanolamine transport, cytoplasm-ER membrane","Transport [c, erm]",
1002853,r_3542,"CDP-choline transport, cytoplasm-ER membrane","Transport [c, erm]",
1002854,r_3543,"ATP transport, cytoplasm-ER membrane","Transport [c, erm]",
1002855,r_3544,"AMP transport, cytoplasm-ER membrane","Transport [c, erm]",
1002856,r_3545,"L-serine transport, cytoplasm-ER membrane","Transport [c, erm]",YKR039W
1002857,r_3546,"myo-inositol transport, cytoplasm-ER membrane","Transport [c, erm]",
1002858,r_3547,"S-adenosyl-L-methionine transport, cytoplasm-ER membrane","Transport [c, erm]",
1002859,r_3548,"S-adenosyl-L-homocysteine transport, cytoplasm-ER membrane","Transport [c, erm]",
1002860,r_3549,"episterol transport, cytoplasm-ER membrane","Transport [c, erm]",
1002861,r_3550,"fecosterol transport, cytoplasm-ER membrane","Transport [c, erm]",
1002862,r_3551,"lanosterol transport, cytoplasm-ER membrane","Transport [c, erm]",
1002863,r_3552,"ergosterol transport, cytoplasm-ER membrane","Transport [c, erm]",
1002864,r_3553,"zymosterol transport, cytoplasm-ER membrane","Transport [c, erm]",
1002865,r_3554,"diglyceride (1-16:0, 2-16:1) transport, cytoplasm-ER membrane","Transport [c, erm]",
1002866,r_3555,"diglyceride (1-16:1, 2-16:1) transport, cytoplasm-ER membrane","Transport [c, erm]",
1002867,r_3556,"diglyceride (1-18:0, 2-16:1) transport, cytoplasm-ER membrane","Transport [c, erm]",
1002868,r_3557,"diglyceride (1-18:1, 2-16:1) transport, cytoplasm-ER membrane","Transport [c, erm]",
1002869,r_3558,"diglyceride (1-16:0, 2-18:1) transport, cytoplasm-ER membrane","Transport [c, erm]",
1002870,r_3559,"diglyceride (1-16:1, 2-18:1) transport, cytoplasm-ER membrane","Transport [c, erm]",
1002871,r_3560,"diglyceride (1-18:0, 2-18:1) transport, cytoplasm-ER membrane","Transport [c, erm]",
1002872,r_3561,"diglyceride (1-18:1, 2-18:1) transport, cytoplasm-ER membrane","Transport [c, erm]",
1002873,r_3562,"1-phosphatidyl-1D-myo-inositol (1-16:0, 2-16:1) transport, cytoplasm-ER membrane","Transport [c, erm]",
1002874,r_3563,"1-phosphatidyl-1D-myo-inositol (1-16:1, 2-16:1) transport, cytoplasm-ER membrane","Transport [c, erm]",
1002875,r_3564,"1-phosphatidyl-1D-myo-inositol (1-18:0, 2-16:1) transport, cytoplasm-ER membrane","Transport [c, erm]",
1002876,r_3565,"1-phosphatidyl-1D-myo-inositol (1-18:1, 2-16:1) transport, cytoplasm-ER membrane","Transport [c, erm]",
1002877,r_3566,"1-phosphatidyl-1D-myo-inositol (1-16:0, 2-18:1) transport, cytoplasm-ER membrane","Transport [c, erm]",
1002878,r_3567,"1-phosphatidyl-1D-myo-inositol (1-16:1, 2-18:1) transport, cytoplasm-ER membrane","Transport [c, erm]",
1002879,r_3568,"1-phosphatidyl-1D-myo-inositol (1-18:0, 2-18:1) transport, cytoplasm-ER membrane","Transport [c, erm]",
1002880,r_3569,"1-phosphatidyl-1D-myo-inositol (1-18:1, 2-18:1) transport, cytoplasm-ER membrane","Transport [c, erm]",
1002881,r_3570,"sn-glycero-3-phosphocholine transport, ER membrane-cytoplasm","Transport [c, erm]",
1002882,r_3571,"hexadecanoate (n-C16:0) transport, cytoplasm-lipid particle","Transport [c, lp]",
1002883,r_3572,"hexadecenoate (n-C16:1) transport, cytoplasm-lipid particle","Transport [c, lp]",
1002884,r_3573,"octadecanoate (n-C18:0) transport, cytoplasm-lipid particle","Transport [c, lp]",
1002885,r_3574,"octadecenoate (n-C18:1) transport, cytoplasm-lipid particle","Transport [c, lp]",
1002886,r_3575,"lauroyl-CoA transport, cytoplasm-lipid particle","Transport [c, lp]",
1002887,r_3576,"myristoyl-CoA transport, cytoplasm-lipid particle","Transport [c, lp]",
1002888,r_3577,"palmitoyl-CoA transport, cytoplasm-lipid particle","Transport [c, lp]",
1002889,r_3578,"palmitoleoyl-CoA transport, cytoplasm-lipid particle","Transport [c, lp]",
1002890,r_3579,"stearoyl-CoA transport, cytoplasm-lipid particle","Transport [c, lp]",
1002891,r_3580,"oleoyl-CoA transport, cytoplasm-lipid particle","Transport [c, lp]",
1002892,r_3581,"glycerol 3-phosphate transport, cytoplasm-lipid particle","Transport [c, lp]",
1002893,r_3582,"dihydroxyacetone phosphate transport, cytoplasm-lipid particle","Transport [c, lp]",
1002894,r_3583,"NADPH transport, cytoplasm-lipid particle","Transport [c, lp]",
1002895,r_3584,"NADP(+) transport, cytoplasm-lipid particle","Transport [c, lp]",
1002896,r_3585,"ATP transport, cytoplasm-lipid particle","Transport [c, lp]",
1002897,r_3586,"AMP transport, cytoplasm-lipid particle","Transport [c, lp]",
1002898,r_3587,"diphosphate transport, cytoplasm-lipid particle","Transport [c, lp]",
1002899,r_3588,"diglyceride (1-16:0, 2-16:1) transport, cytoplasm-lipid particle","Transport [c, lp]",
1002900,r_3589,"diglyceride (1-16:1, 2-16:1) transport, cytoplasm-lipid particle","Transport [c, lp]",
1002901,r_3590,"diglyceride (1-18:0, 2-16:1) transport, cytoplasm-lipid particle","Transport [c, lp]",
1002902,r_3591,"diglyceride (1-18:1, 2-16:1) transport, cytoplasm-lipid particle","Transport [c, lp]",
1002903,r_3592,"diglyceride (1-16:0, 2-18:1) transport, cytoplasm-lipid particle","Transport [c, lp]",
1002904,r_3593,"diglyceride (1-16:1, 2-18:1) transport, cytoplasm-lipid particle","Transport [c, lp]",
1002905,r_3594,"diglyceride (1-18:0, 2-18:1) transport, cytoplasm-lipid particle","Transport [c, lp]",
1002906,r_3595,"diglyceride (1-18:1, 2-18:1) transport, cytoplasm-lipid particle","Transport [c, lp]",
1002907,r_3596,"H2O transport, cytoplasm-lipid particle","Transport [c, lp]",
1002908,r_3597,"glycerol transport, lipid particle-cytoplasm","Transport [c, lp]",
1002909,r_3598,"docosanoyl-CoA transport, lipid particle-cytoplasm","Transport [c, lp]",
1002910,r_3599,"tetracosanoyl-CoA transport, lipid particle-cytoplasm","Transport [c, lp]",
1002911,r_3600,"hexacosanoyl-CoA transport, lipid particle-cytoplasm","Transport [c, lp]",
1002912,r_3601,"ATP transport, cytoplasm-cell envelope","Transport [c, ce]",
1002913,r_3602,"ADP transport, cytoplasm-cell envelope","Transport [c, ce]",
1002914,r_3603,"H+ transport, cytoplasm-cell envelope","Transport [c, ce]",
1002915,r_3604,"H2O transport, cytoplasm-cell envelope","Transport [c, ce]",YLL052C or YLL053C or YPR192W
1002916,r_3605,"phosphate transport, cytoplasm-cell envelope","Transport [c, ce]",YCR037C or YJL198W or YML123C
1002917,r_3606,"sn-glycero-3-phosphocholine transport, cell envelope-cytoplasm","Transport [c, ce]",YCR098C
1002918,r_3607,"1-(sn-glycero-3-phospho)-1D-myo-inositol transport, cell envelope-cytoplasm","Transport [c, ce]",YCR098C
1002919,r_3608,"palmitate transport, cell envelope-cytoplasm","Transport [c, ce]",
1002920,r_3609,"palmitoleate transport, cell envelope-cytoplasm","Transport [c, ce]",
1002921,r_3610,"stearate transport, cell envelope-cytoplasm","Transport [c, ce]",
1002922,r_3611,"oleate transport, cell envelope-cytoplasm","Transport [c, ce]",
1002923,r_3612,"icosanoyl-CoA transport, cell envelope-cytoplasm","Transport [c, ce]",
1002924,r_3613,"docosanoyl-CoA transport, cell envelope-cytoplasm","Transport [c, ce]",
1002925,r_3614,"tetracosanoyl-CoA transport, cell envelope-cytoplasm","Transport [c, ce]",
1002926,r_3615,"hexacosanoyl-CoA transport, cell envelope-cytoplasm","Transport [c, ce]",
1002927,r_3616,"1-phosphatidyl-1D-myo-inositol 4,5-bisphosphate (1-16:0, 2-16:1) transport, cell envelope-cytoplasm","Transport [c, ce]",
1002928,r_3617,"1-phosphatidyl-1D-myo-inositol 4,5-bisphosphate (1-16:1, 2-16:1) transport, cell envelope-cytoplasm","Transport [c, ce]",
1002929,r_3618,"1-phosphatidyl-1D-myo-inositol 4,5-bisphosphate (1-18:0, 2-16:1) transport, cell envelope-cytoplasm","Transport [c, ce]",
1002930,r_3619,"1-phosphatidyl-1D-myo-inositol 4,5-bisphosphate (1-18:1, 2-16:1) transport, cell envelope-cytoplasm","Transport [c, ce]",
1002931,r_3620,"1-phosphatidyl-1D-myo-inositol 4,5-bisphosphate (1-16:0, 2-18:1) transport, cell envelope-cytoplasm","Transport [c, ce]",
1002932,r_3621,"1-phosphatidyl-1D-myo-inositol 4,5-bisphosphate (1-16:1, 2-18:1) transport, cell envelope-cytoplasm","Transport [c, ce]",
1002933,r_3622,"1-phosphatidyl-1D-myo-inositol 4,5-bisphosphate (1-18:0, 2-18:1) transport, cell envelope-cytoplasm","Transport [c, ce]",
1002934,r_3623,"1-phosphatidyl-1D-myo-inositol 4,5-bisphosphate (1-18:1, 2-18:1) transport, cell envelope-cytoplasm","Transport [c, ce]",
1002935,r_3624,"1-phosphatidyl-1D-myo-inositol 4-phosphate (1-16:0, 2-16:1) transport, cell envelope-cytoplasm","Transport [c, ce]",
1002936,r_3625,"1-phosphatidyl-1D-myo-inositol 4-phosphate (1-16:1, 2-16:1) transport, cell envelope-cytoplasm","Transport [c, ce]",
1002937,r_3626,"1-phosphatidyl-1D-myo-inositol 4-phosphate (1-18:0, 2-16:1) transport, cell envelope-cytoplasm","Transport [c, ce]",
1002938,r_3627,"1-phosphatidyl-1D-myo-inositol 4-phosphate (1-18:1, 2-16:1) transport, cell envelope-cytoplasm","Transport [c, ce]",
1002939,r_3628,"1-phosphatidyl-1D-myo-inositol 4-phosphate (1-16:0, 2-18:1) transport, cell envelope-cytoplasm","Transport [c, ce]",
1002940,r_3629,"1-phosphatidyl-1D-myo-inositol 4-phosphate (1-16:1, 2-18:1) transport, cell envelope-cytoplasm","Transport [c, ce]",
1002941,r_3630,"1-phosphatidyl-1D-myo-inositol 4-phosphate (1-18:0, 2-18:1) transport, cell envelope-cytoplasm","Transport [c, ce]",
1002942,r_3631,"1-phosphatidyl-1D-myo-inositol 4-phosphate (1-18:1, 2-18:1) transport, cell envelope-cytoplasm","Transport [c, ce]",
1002943,r_3632,"1-phosphatidyl-1D-myo-inositol 4,5-bisphosphate (1-16:0, 2-16:1) transport, nucleus-cytoplasm","Transport [c, n]",
1002944,r_3633,"1-phosphatidyl-1D-myo-inositol 4,5-bisphosphate (1-16:1, 2-16:1) transport, nucleus-cytoplasm","Transport [c, n]",
1002945,r_3634,"1-phosphatidyl-1D-myo-inositol 4,5-bisphosphate (1-18:0, 2-16:1) transport, nucleus-cytoplasm","Transport [c, n]",
1002946,r_3635,"1-phosphatidyl-1D-myo-inositol 4,5-bisphosphate (1-18:1, 2-16:1) transport, nucleus-cytoplasm","Transport [c, n]",
1002947,r_3636,"1-phosphatidyl-1D-myo-inositol 4,5-bisphosphate (1-16:0, 2-18:1) transport, nucleus-cytoplasm","Transport [c, n]",
1002948,r_3637,"1-phosphatidyl-1D-myo-inositol 4,5-bisphosphate (1-16:1, 2-18:1) transport, nucleus-cytoplasm","Transport [c, n]",
1002949,r_3638,"1-phosphatidyl-1D-myo-inositol 4,5-bisphosphate (1-18:0, 2-18:1) transport, nucleus-cytoplasm","Transport [c, n]",
1002950,r_3639,"1-phosphatidyl-1D-myo-inositol 4,5-bisphosphate (1-18:1, 2-18:1) transport, nucleus-cytoplasm","Transport [c, n]",
1002951,r_3640,"diglyceride (1-16:0, 2-16:1) transport, nucleus-cytoplasm","Transport [c, n]",
1002952,r_3641,"diglyceride (1-16:1, 2-16:1) transport, nucleus-cytoplasm","Transport [c, n]",
1002953,r_3642,"diglyceride (1-18:0, 2-16:1) transport, nucleus-cytoplasm","Transport [c, n]",
1002954,r_3643,"diglyceride (1-18:1, 2-16:1) transport, nucleus-cytoplasm","Transport [c, n]",
1002955,r_3644,"diglyceride (1-16:0, 2-18:1) transport, nucleus-cytoplasm","Transport [c, n]",
1002956,r_3645,"diglyceride (1-16:1, 2-18:1) transport, nucleus-cytoplasm","Transport [c, n]",
1002957,r_3646,"diglyceride (1-18:0, 2-18:1) transport, nucleus-cytoplasm","Transport [c, n]",
1002958,r_3647,"diglyceride (1-18:1, 2-18:1) transport, nucleus-cytoplasm","Transport [c, n]",
1002959,r_3648,"H2O transport, cytoplasm-vacuolar membrane","Transport [c, vm]",
1002960,r_3649,"phosphate transport, cytoplasm-vacuolar membrane","Transport [c, vm]",YNR013C
1002961,r_3650,"H+ transport, cytoplasm-vacuolar membrane","Transport [c, vm]",
1002962,r_3651,"ATP transport, cytoplasm-vacuolar membrane","Transport [c, vm]",
1002963,r_3652,"ADP transport, cytoplasm-vacuolar membrane","Transport [c, vm]",
1002964,r_3653,"carbon dioxide transport, cytoplasm-vacuolar membrane","Transport [c, vm]",
1002965,r_3654,"1-phosphatidyl-1D-myo-inositol 3,5-bisphosphate (1-16:0, 2-16:1) transport, vacuolar membrane-cytoplasm","Transport [c, vm]",
1002966,r_3655,"1-phosphatidyl-1D-myo-inositol 3,5-bisphosphate (1-16:1, 2-16:1) transport, vacuolar membrane-cytoplasm","Transport [c, vm]",
1002967,r_3656,"1-phosphatidyl-1D-myo-inositol 3,5-bisphosphate (1-18:0, 2-16:1) transport, vacuolar membrane-cytoplasm","Transport [c, vm]",
1002968,r_3657,"1-phosphatidyl-1D-myo-inositol 3,5-bisphosphate (1-18:1, 2-16:1) transport, vacuolar membrane-cytoplasm","Transport [c, vm]",
1002969,r_3658,"1-phosphatidyl-1D-myo-inositol 3,5-bisphosphate (1-16:0, 2-18:1) transport, vacuolar membrane-cytoplasm","Transport [c, vm]",
1002970,r_3659,"1-phosphatidyl-1D-myo-inositol 3,5-bisphosphate (1-16:1, 2-18:1) transport, vacuolar membrane-cytoplasm","Transport [c, vm]",
1002971,r_3660,"1-phosphatidyl-1D-myo-inositol 3,5-bisphosphate (1-18:0, 2-18:1) transport, vacuolar membrane-cytoplasm","Transport [c, vm]",
1002972,r_3661,"1-phosphatidyl-1D-myo-inositol 3,5-bisphosphate (1-18:1, 2-18:1) transport, vacuolar membrane-cytoplasm","Transport [c, vm]",
1002973,r_3662,"H2O transport, cytoplasm-Golgi membrane","Transport [c, gm]",
1002974,r_3663,"phosphate transport, cytoplasm-Golgi membrane","Transport [c, gm]",
1002975,r_3664,"H+ transport, cytoplasm-Golgi membrane","Transport [c, gm]",
1002976,r_3665,"carbon dioxide transport, cytoplasm-Golgi membrane","Transport [c, gm]",
1002977,r_3666,"ATP transport, cytoplasm-Golgi membrane","Transport [c, gm]",
1002978,r_3667,"ADP transport, cytoplasm-Golgi membrane","Transport [c, gm]",
1002979,r_3668,"H2O transport, cytoplasm-mitochondrial membrane","Transport [c, mm]",
1002980,r_3669,"carbon dioxide transport, cytoplasm-mitochondrial membrane","Transport [c, mm]",
1002981,r_3670,"palmitoleoyl-CoA transport, cytoplasm-mitochondrial membrane","Transport [c, mm]",
1002982,r_3671,"oleoyl-CoA transport, cytoplasm-mitochondrial membrane","Transport [c, mm]",
1002983,r_3672,"diglyceride (1-16:0, 2-16:1) transport, mitochondrial membrane-cytoplasm","Transport [c, mm]",
1002984,r_3673,"diglyceride (1-16:1, 2-16:1) transport, mitochondrial membrane-cytoplasm","Transport [c, mm]",
1002985,r_3674,"diglyceride (1-18:0, 2-16:1) transport, mitochondrial membrane-cytoplasm","Transport [c, mm]",
1002986,r_3675,"diglyceride (1-18:1, 2-16:1) transport, mitochondrial membrane-cytoplasm","Transport [c, mm]",
1002987,r_3676,"diglyceride (1-16:0, 2-18:1) transport, mitochondrial membrane-cytoplasm","Transport [c, mm]",
1002988,r_3677,"diglyceride (1-16:1, 2-18:1) transport, mitochondrial membrane-cytoplasm","Transport [c, mm]",
1002989,r_3678,"palmitate transport, mitochondrial membrane-cytoplasm","Transport [c, mm]",
1002990,r_3679,"stearate transport, mitochondrial membrane-cytoplasm","Transport [c, mm]",
1002991,r_3680,"coenzyme A transport, mitochondrial membrane-cytoplasm","Transport [c, mm]",YHR002W
1002992,r_3681,"laurate transport, ER membrane-lipid particle","Transport [erm, lp]",
1002993,r_3682,"myristate transport, ER membrane-lipid particle","Transport [erm, lp]",
1002994,r_3683,"lignoceric acid transport, ER membrane-lipid particle","Transport [erm, lp]",
1002995,r_3684,"cerotic acid transport, ER membrane-lipid particle","Transport [erm, lp]",
1002996,r_3685,"TAG (1-16:0, 2-16:1, 3-16:0) transport, ER membrane-lipid particle","Transport [erm, lp]",
1002997,r_3686,"TAG (1-16:0, 2-16:1, 3-16:1) transport, ER membrane-lipid particle","Transport [erm, lp]",
1002998,r_3687,"TAG (1-16:0, 2-16:1, 3-18:0) transport, ER membrane-lipid particle","Transport [erm, lp]",
1002999,r_3688,"TAG (1-16:0, 2-16:1, 3-18:1) transport, ER membrane-lipid particle","Transport [erm, lp]",
1003000,r_3689,"TAG (1-16:1, 2-16:1, 3-16:0) transport, ER membrane-lipid particle","Transport [erm, lp]",
1003001,r_3690,"TAG (1-16:1, 2-16:1, 3-16:1) transport, ER membrane-lipid particle","Transport [erm, lp]",
1003002,r_3691,"TAG (1-16:1, 2-16:1, 3-18:0) transport, ER membrane-lipid particle","Transport [erm, lp]",
1003003,r_3692,"TAG (1-16:1, 2-16:1, 3-18:1) transport, ER membrane-lipid particle","Transport [erm, lp]",
1003004,r_3693,"TAG (1-18:0, 2-16:1, 3-16:0) transport, ER membrane-lipid particle","Transport [erm, lp]",
1003005,r_3694,"TAG (1-18:0, 2-16:1, 3-16:1) transport, ER membrane-lipid particle","Transport [erm, lp]",
1003006,r_3695,"TAG (1-18:0, 2-16:1, 3-18:0) transport, ER membrane-lipid particle","Transport [erm, lp]",
1003007,r_3696,"TAG (1-18:0, 2-16:1, 3-18:1) transport, ER membrane-lipid particle","Transport [erm, lp]",
1003008,r_3697,"TAG (1-18:1, 2-16:1, 3-16:0) transport, ER membrane-lipid particle","Transport [erm, lp]",
1003009,r_3698,"TAG (1-18:1, 2-16:1, 3-16:1) transport, ER membrane-lipid particle","Transport [erm, lp]",
1003010,r_3699,"TAG (1-18:1, 2-16:1, 3-18:0) transport, ER membrane-lipid particle","Transport [erm, lp]",
1003011,r_3700,"TAG (1-18:1, 2-16:1, 3-18:1) transport, ER membrane-lipid particle","Transport [erm, lp]",
1003012,r_3701,"TAG (1-16:0, 2-18:1, 3-16:0) transport, ER membrane-lipid particle","Transport [erm, lp]",
1003013,r_3702,"TAG (1-16:0, 2-18:1, 3-16:1) transport, ER membrane-lipid particle","Transport [erm, lp]",
1003014,r_3703,"TAG (1-16:0, 2-18:1, 3-18:0) transport, ER membrane-lipid particle","Transport [erm, lp]",
1003015,r_3704,"TAG (1-16:0, 2-18:1, 3-18:1) transport, ER membrane-lipid particle","Transport [erm, lp]",
1003016,r_3705,"TAG (1-16:1, 2-18:1, 3-16:0) transport, ER membrane-lipid particle","Transport [erm, lp]",
1003017,r_3706,"TAG (1-16:1, 2-18:1, 3-16:1) transport, ER membrane-lipid particle","Transport [erm, lp]",
1003018,r_3707,"TAG (1-16:1, 2-18:1, 3-18:0) transport, ER membrane-lipid particle","Transport [erm, lp]",
1003019,r_3708,"TAG (1-16:1, 2-18:1, 3-18:1) transport, ER membrane-lipid particle","Transport [erm, lp]",
1003020,r_3709,"TAG (1-18:0, 2-18:1, 3-16:0) transport, ER membrane-lipid particle","Transport [erm, lp]",
1003021,r_3710,"TAG (1-18:0, 2-18:1, 3-16:1) transport, ER membrane-lipid particle","Transport [erm, lp]",
1003022,r_3711,"TAG (1-18:0, 2-18:1, 3-18:0) transport, ER membrane-lipid particle","Transport [erm, lp]",
1003023,r_3712,"TAG (1-18:0, 2-18:1, 3-18:1) transport, ER membrane-lipid particle","Transport [erm, lp]",
1003024,r_3713,"TAG (1-18:1, 2-18:1, 3-16:0) transport, ER membrane-lipid particle","Transport [erm, lp]",
1003025,r_3714,"TAG (1-18:1, 2-18:1, 3-16:1) transport, ER membrane-lipid particle","Transport [erm, lp]",
1003026,r_3715,"TAG (1-18:1, 2-18:1, 3-18:0) transport, ER membrane-lipid particle","Transport [erm, lp]",
1003027,r_3716,"TAG (1-18:1, 2-18:1, 3-18:1) transport, ER membrane-lipid particle","Transport [erm, lp]",
1003028,r_3717,"episterol transport, ER membrane-lipid particle","Transport [erm, lp]",
1003029,r_3718,"fecosterol transport, ER membrane-lipid particle","Transport [erm, lp]",
1003030,r_3719,"lanosterol transport, ER membrane-lipid particle","Transport [erm, lp]",
1003031,r_3720,"zymosterol transport, ER membrane-lipid particle","Transport [erm, lp]",
1003032,r_3721,"ergosteryl palmitoleate transport, ER membrane-lipid particle","Transport [erm, lp]",
1003033,r_3722,"ergosteryl oleate transport, ER membrane-lipid particle","Transport [erm, lp]",
1003034,r_3723,"episteryl palmitoleate transport, ER membrane-lipid particle","Transport [erm, lp]",
1003035,r_3724,"episteryl oleate transport, ER membrane-lipid particle","Transport [erm, lp]",
1003036,r_3725,"fecosteryl palmitoleate transport, ER membrane-lipid particle","Transport [erm, lp]",
1003037,r_3726,"fecosteryl oleate transport, ER membrane-lipid particle","Transport [erm, lp]",
1003038,r_3727,"lanosteryl palmitoleate transport, ER membrane-lipid particle","Transport [erm, lp]",
1003039,r_3728,"lanosteryl oleate transport, ER membrane-lipid particle","Transport [erm, lp]",
1003040,r_3729,"zymosteryl palmitoleate transport, ER membrane-lipid particle","Transport [erm, lp]",
1003041,r_3730,"zymosteryl oleate transport, ER membrane-lipid particle","Transport [erm, lp]",
1003042,r_3731,"phosphatidylcholine (1-16:0, 2-16:1) transport, ER membrane-lipid particle","Transport [erm, lp]",
1003043,r_3732,"phosphatidylcholine (1-16:1, 2-16:1) transport, ER membrane-lipid particle","Transport [erm, lp]",
1003044,r_3733,"phosphatidylcholine (1-18:0, 2-16:1) transport, ER membrane-lipid particle","Transport [erm, lp]",
1003045,r_3734,"phosphatidylcholine (1-18:1, 2-16:1) transport, ER membrane-lipid particle","Transport [erm, lp]",
1003046,r_3735,"phosphatidylcholine (1-16:0, 2-18:1) transport, ER membrane-lipid particle","Transport [erm, lp]",
1003047,r_3736,"phosphatidylcholine (1-16:1, 2-18:1) transport, ER membrane-lipid particle","Transport [erm, lp]",
1003048,r_3737,"phosphatidylcholine (1-18:0, 2-18:1) transport, ER membrane-lipid particle","Transport [erm, lp]",
1003049,r_3738,"phosphatidylcholine (1-18:1, 2-18:1) transport, ER membrane-lipid particle","Transport [erm, lp]",
1003050,r_3739,"phosphatidylethanolamine (1-16:0, 2-16:1) transport, ER membrane-lipid particle","Transport [erm, lp]",
1003051,r_3740,"phosphatidylethanolamine (1-16:1, 2-16:1) transport, ER membrane-lipid particle","Transport [erm, lp]",
1003052,r_3741,"phosphatidylethanolamine (1-18:0, 2-16:1) transport, ER membrane-lipid particle","Transport [erm, lp]",
1003053,r_3742,"phosphatidylethanolamine (1-18:1, 2-16:1) transport, ER membrane-lipid particle","Transport [erm, lp]",
1003054,r_3743,"phosphatidylethanolamine (1-16:0, 2-18:1) transport, ER membrane-lipid particle","Transport [erm, lp]",
1003055,r_3744,"phosphatidylethanolamine (1-16:1, 2-18:1) transport, ER membrane-lipid particle","Transport [erm, lp]",
1003056,r_3745,"phosphatidylethanolamine (1-18:0, 2-18:1) transport, ER membrane-lipid particle","Transport [erm, lp]",
1003057,r_3746,"phosphatidylethanolamine (1-18:1, 2-18:1) transport, ER membrane-lipid particle","Transport [erm, lp]",
1003058,r_3747,"1-acylglycerophosphocholine (16:0) transport, ER membrane-lipid particle","Transport [erm, lp]",
1003059,r_3748,"1-acylglycerophosphocholine (16:1) transport, ER membrane-lipid particle","Transport [erm, lp]",
1003060,r_3749,"1-acylglycerophosphocholine (18:0) transport, ER membrane-lipid particle","Transport [erm, lp]",
1003061,r_3750,"1-acylglycerophosphocholine (18:1) transport, ER membrane-lipid particle","Transport [erm, lp]",
1003062,r_3751,"1-acylglycerophosphoethanolamine (16:0) transport, ER membrane-lipid particle","Transport [erm, lp]",
1003063,r_3752,"1-acylglycerophosphoethanolamine (16:1) transport, ER membrane-lipid particle","Transport [erm, lp]",
1003064,r_3753,"1-acylglycerophosphoethanolamine (18:0) transport, ER membrane-lipid particle","Transport [erm, lp]",
1003065,r_3754,"1-acylglycerophosphoethanolamine (18:1) transport, ER membrane-lipid particle","Transport [erm, lp]",
1003066,r_3755,"phosphatidate (1-16:0, 2-18:1) transport, lipid particle-ER membrane","Transport [erm, lp]",
1003067,r_3756,"phosphatidate (1-16:1, 2-18:1) transport, lipid particle-ER membrane","Transport [erm, lp]",
1003068,r_3757,"phosphatidate (1-18:0, 2-18:1) transport, lipid particle-ER membrane","Transport [erm, lp]",
1003069,r_3758,"phosphatidate (1-18:1, 2-18:1) transport, lipid particle-ER membrane","Transport [erm, lp]",
1003070,r_3759,"phosphatidate (1-16:0, 2-16:1) transport, ER membrane-mitochondrial membrane","Transport [erm, mm]",
1003071,r_3760,"phosphatidate (1-16:1, 2-16:1) transport, ER membrane-mitochondrial membrane","Transport [erm, mm]",
1003072,r_3761,"phosphatidate (1-18:0, 2-16:1) transport, ER membrane-mitochondrial membrane","Transport [erm, mm]",
1003073,r_3762,"phosphatidate (1-18:1, 2-16:1) transport, ER membrane-mitochondrial membrane","Transport [erm, mm]",
1003074,r_3763,"phosphatidate (1-16:0, 2-18:1) transport, ER membrane-mitochondrial membrane","Transport [erm, mm]",
1003075,r_3764,"phosphatidate (1-16:1, 2-18:1) transport, ER membrane-mitochondrial membrane","Transport [erm, mm]",
1003076,r_3765,"phosphatidyl-L-serine (1-16:0, 2-16:1) transport, ER membrane-mitochondrial membrane","Transport [erm, mm]",
1003077,r_3766,"phosphatidyl-L-serine (1-16:1, 2-16:1) transport, ER membrane-mitochondrial membrane","Transport [erm, mm]",
1003078,r_3767,"phosphatidyl-L-serine (1-18:0, 2-16:1) transport, ER membrane-mitochondrial membrane","Transport [erm, mm]",
1003079,r_3768,"phosphatidyl-L-serine (1-18:1, 2-16:1) transport, ER membrane-mitochondrial membrane","Transport [erm, mm]",
1003080,r_3769,"phosphatidyl-L-serine (1-16:0, 2-18:1) transport, ER membrane-mitochondrial membrane","Transport [erm, mm]",
1003081,r_3770,"phosphatidyl-L-serine (1-16:1, 2-18:1) transport, ER membrane-mitochondrial membrane","Transport [erm, mm]",
1003082,r_3771,"phosphatidyl-L-serine (1-18:0, 2-18:1) transport, ER membrane-mitochondrial membrane","Transport [erm, mm]",
1003083,r_3772,"phosphatidyl-L-serine (1-18:1, 2-18:1) transport, ER membrane-mitochondrial membrane","Transport [erm, mm]",
1003084,r_3773,"phosphatidylethanolamine (1-16:0, 2-16:1) transport, mitochondrial membrane-ER membrane","Transport [erm, mm]",
1003085,r_3774,"phosphatidylethanolamine (1-16:1, 2-16:1) transport, mitochondrial membrane-ER membrane","Transport [erm, mm]",
1003086,r_3775,"phosphatidylethanolamine (1-18:0, 2-16:1) transport, mitochondrial membrane-ER membrane","Transport [erm, mm]",
1003087,r_3776,"phosphatidylethanolamine (1-18:1, 2-16:1) transport, mitochondrial membrane-ER membrane","Transport [erm, mm]",
1003088,r_3777,"phosphatidylethanolamine (1-16:0, 2-18:1) transport, mitochondrial membrane-ER membrane","Transport [erm, mm]",
1003089,r_3778,"phosphatidylethanolamine (1-16:1, 2-18:1) transport, mitochondrial membrane-ER membrane","Transport [erm, mm]",
1003090,r_3779,"phosphatidylethanolamine (1-18:0, 2-18:1) transport, mitochondrial membrane-ER membrane","Transport [erm, mm]",
1003091,r_3780,"phosphatidylethanolamine (1-18:1, 2-18:1) transport, mitochondrial membrane-ER membrane","Transport [erm, mm]",
1003092,r_3781,"phosphatidylcholine (1-16:0, 2-16:1) transport, ER membrane-mitochondrial membrane","Transport [erm, mm]",
1003093,r_3782,"phosphatidylcholine (1-16:1, 2-16:1) transport, ER membrane-mitochondrial membrane","Transport [erm, mm]",
1003094,r_3783,"phosphatidylcholine (1-18:0, 2-16:1) transport, ER membrane-mitochondrial membrane","Transport [erm, mm]",
1003095,r_3784,"phosphatidylcholine (1-18:1, 2-16:1) transport, ER membrane-mitochondrial membrane","Transport [erm, mm]",
1003096,r_3785,"phosphatidylcholine (1-16:0, 2-18:1) transport, ER membrane-mitochondrial membrane","Transport [erm, mm]",
1003097,r_3786,"phosphatidylcholine (1-16:1, 2-18:1) transport, ER membrane-mitochondrial membrane","Transport [erm, mm]",
1003098,r_3787,"phosphatidylcholine (1-18:0, 2-18:1) transport, ER membrane-mitochondrial membrane","Transport [erm, mm]",
1003099,r_3788,"phosphatidylcholine (1-18:1, 2-18:1) transport, ER membrane-mitochondrial membrane","Transport [erm, mm]",
1003100,r_3789,"diglyceride (1-16:0, 2-16:1) transport, ER membrane-Golgi membrane","Transport [erm, gm]",
1003101,r_3790,"diglyceride (1-16:1, 2-16:1) transport, ER membrane-Golgi membrane","Transport [erm, gm]",
1003102,r_3791,"diglyceride (1-18:0, 2-16:1) transport, ER membrane-Golgi membrane","Transport [erm, gm]",
1003103,r_3792,"diglyceride (1-18:1, 2-16:1) transport, ER membrane-Golgi membrane","Transport [erm, gm]",
1003104,r_3793,"diglyceride (1-16:0, 2-18:1) transport, ER membrane-Golgi membrane","Transport [erm, gm]",
1003105,r_3794,"diglyceride (1-16:1, 2-18:1) transport, ER membrane-Golgi membrane","Transport [erm, gm]",
1003106,r_3795,"diglyceride (1-18:0, 2-18:1) transport, ER membrane-Golgi membrane","Transport [erm, gm]",
1003107,r_3796,"diglyceride (1-18:1, 2-18:1) transport, ER membrane-Golgi membrane","Transport [erm, gm]",
1003108,r_3797,"phosphatidate (1-16:0, 2-16:1) transport, ER membrane-Golgi membrane","Transport [erm, gm]",
1003109,r_3798,"phosphatidate (1-16:1, 2-16:1) transport, ER membrane-Golgi membrane","Transport [erm, gm]",
1003110,r_3799,"phosphatidate (1-18:0, 2-16:1) transport, ER membrane-Golgi membrane","Transport [erm, gm]",
1003111,r_3800,"phosphatidate (1-18:1, 2-16:1) transport, ER membrane-Golgi membrane","Transport [erm, gm]",
1003112,r_3801,"phosphatidate (1-16:0, 2-18:1) transport, ER membrane-Golgi membrane","Transport [erm, gm]",
1003113,r_3802,"phosphatidate (1-16:1, 2-18:1) transport, ER membrane-Golgi membrane","Transport [erm, gm]",
1003114,r_3803,"phosphatidate (1-18:0, 2-18:1) transport, ER membrane-Golgi membrane","Transport [erm, gm]",
1003115,r_3804,"phosphatidate (1-18:1, 2-18:1) transport, ER membrane-Golgi membrane","Transport [erm, gm]",
1003116,r_3805,"1-phosphatidyl-1D-myo-inositol (1-16:0, 2-16:1) transport, ER membrane-Golgi membrane","Transport [erm, gm]",
1003117,r_3806,"1-phosphatidyl-1D-myo-inositol (1-16:1, 2-16:1) transport, ER membrane-Golgi membrane","Transport [erm, gm]",
1003118,r_3807,"1-phosphatidyl-1D-myo-inositol (1-18:0, 2-16:1) transport, ER membrane-Golgi membrane","Transport [erm, gm]",
1003119,r_3808,"1-phosphatidyl-1D-myo-inositol (1-18:1, 2-16:1) transport, ER membrane-Golgi membrane","Transport [erm, gm]",
1003120,r_3809,"1-phosphatidyl-1D-myo-inositol (1-16:0, 2-18:1) transport, ER membrane-Golgi membrane","Transport [erm, gm]",
1003121,r_3810,"1-phosphatidyl-1D-myo-inositol (1-16:1, 2-18:1) transport, ER membrane-Golgi membrane","Transport [erm, gm]",
1003122,r_3811,"1-phosphatidyl-1D-myo-inositol (1-18:0, 2-18:1) transport, ER membrane-Golgi membrane","Transport [erm, gm]",
1003123,r_3812,"1-phosphatidyl-1D-myo-inositol (1-18:1, 2-18:1) transport, ER membrane-Golgi membrane","Transport [erm, gm]",
1003124,r_3813,"phosphatidyl-L-serine (1-16:0, 2-16:1) transport, ER membrane-Golgi membrane","Transport [erm, gm]",YIL048W or YMR162C
1003125,r_3814,"phosphatidyl-L-serine (1-16:1, 2-16:1) transport, ER membrane-Golgi membrane","Transport [erm, gm]",YIL048W or YMR162C
1003126,r_3815,"phosphatidyl-L-serine (1-18:0, 2-16:1) transport, ER membrane-Golgi membrane","Transport [erm, gm]",YIL048W or YMR162C
1003127,r_3816,"phosphatidyl-L-serine (1-18:1, 2-16:1) transport, ER membrane-Golgi membrane","Transport [erm, gm]",YIL048W or YMR162C
1003128,r_3817,"phosphatidyl-L-serine (1-16:0, 2-18:1) transport, ER membrane-Golgi membrane","Transport [erm, gm]",YIL048W or YMR162C
1003129,r_3818,"phosphatidyl-L-serine (1-16:1, 2-18:1) transport, ER membrane-Golgi membrane","Transport [erm, gm]",YIL048W or YMR162C
1003130,r_3819,"phosphatidyl-L-serine (1-18:0, 2-18:1) transport, ER membrane-Golgi membrane","Transport [erm, gm]",YIL048W or YMR162C
1003131,r_3820,"phosphatidyl-L-serine (1-18:1, 2-18:1) transport, ER membrane-Golgi membrane","Transport [erm, gm]",YIL048W or YMR162C
1003132,r_3821,"phosphatidylethanolamine (1-16:0, 2-16:1) transport, Golgi membrane-ER membrane","Transport [erm, gm]",YAL026C
1003133,r_3822,"phosphatidylethanolamine (1-16:1, 2-16:1) transport, Golgi membrane-ER membrane","Transport [erm, gm]",YAL026C
1003134,r_3823,"phosphatidylethanolamine (1-18:0, 2-16:1) transport, Golgi membrane-ER membrane","Transport [erm, gm]",YAL026C
1003135,r_3824,"phosphatidylethanolamine (1-18:1, 2-16:1) transport, Golgi membrane-ER membrane","Transport [erm, gm]",YAL026C
1003136,r_3825,"phosphatidylethanolamine (1-16:0, 2-18:1) transport, Golgi membrane-ER membrane","Transport [erm, gm]",YAL026C
1003137,r_3826,"phosphatidylethanolamine (1-16:1, 2-18:1) transport, Golgi membrane-ER membrane","Transport [erm, gm]",YAL026C
1003138,r_3827,"phosphatidylethanolamine (1-18:0, 2-18:1) transport, Golgi membrane-ER membrane","Transport [erm, gm]",YAL026C
1003139,r_3828,"phosphatidylethanolamine (1-18:1, 2-18:1) transport, Golgi membrane-ER membrane","Transport [erm, gm]",YAL026C
1003140,r_3829,"phosphatidate (1-16:0, 2-16:1) transport, ER membrane-vacuolar membrane","Transport [erm, vm]",
1003141,r_3830,"phosphatidate (1-16:1, 2-16:1) transport, ER membrane-vacuolar membrane","Transport [erm, vm]",
1003142,r_3831,"phosphatidate (1-18:0, 2-16:1) transport, ER membrane-vacuolar membrane","Transport [erm, vm]",
1003143,r_3832,"phosphatidate (1-18:1, 2-16:1) transport, ER membrane-vacuolar membrane","Transport [erm, vm]",
1003144,r_3833,"phosphatidate (1-16:0, 2-18:1) transport, ER membrane-vacuolar membrane","Transport [erm, vm]",
1003145,r_3834,"phosphatidate (1-16:1, 2-18:1) transport, ER membrane-vacuolar membrane","Transport [erm, vm]",
1003146,r_3835,"phosphatidate (1-18:0, 2-18:1) transport, ER membrane-vacuolar membrane","Transport [erm, vm]",
1003147,r_3836,"phosphatidate (1-18:1, 2-18:1) transport, ER membrane-vacuolar membrane","Transport [erm, vm]",
1003148,r_3837,"1-phosphatidyl-1D-myo-inositol (1-16:0, 2-16:1) transport, ER membrane-vacuolar membrane","Transport [erm, vm]",
1003149,r_3838,"1-phosphatidyl-1D-myo-inositol (1-16:1, 2-16:1) transport, ER membrane-vacuolar membrane","Transport [erm, vm]",
1003150,r_3839,"1-phosphatidyl-1D-myo-inositol (1-18:0, 2-16:1) transport, ER membrane-vacuolar membrane","Transport [erm, vm]",
1003151,r_3840,"1-phosphatidyl-1D-myo-inositol (1-18:1, 2-16:1) transport, ER membrane-vacuolar membrane","Transport [erm, vm]",
1003152,r_3841,"1-phosphatidyl-1D-myo-inositol (1-16:0, 2-18:1) transport, ER membrane-vacuolar membrane","Transport [erm, vm]",
1003153,r_3842,"1-phosphatidyl-1D-myo-inositol (1-16:1, 2-18:1) transport, ER membrane-vacuolar membrane","Transport [erm, vm]",
1003154,r_3843,"1-phosphatidyl-1D-myo-inositol (1-18:0, 2-18:1) transport, ER membrane-vacuolar membrane","Transport [erm, vm]",
1003155,r_3844,"1-phosphatidyl-1D-myo-inositol (1-18:1, 2-18:1) transport, ER membrane-vacuolar membrane","Transport [erm, vm]",
1003156,r_3845,"phosphatidyl-L-serine (1-16:0, 2-16:1) transport, ER membrane-vacuolar membrane","Transport [erm, vm]",
1003157,r_3846,"phosphatidyl-L-serine (1-16:1, 2-16:1) transport, ER membrane-vacuolar membrane","Transport [erm, vm]",
1003158,r_3847,"phosphatidyl-L-serine (1-18:0, 2-16:1) transport, ER membrane-vacuolar membrane","Transport [erm, vm]",
1003159,r_3848,"phosphatidyl-L-serine (1-18:1, 2-16:1) transport, ER membrane-vacuolar membrane","Transport [erm, vm]",
1003160,r_3849,"phosphatidyl-L-serine (1-16:0, 2-18:1) transport, ER membrane-vacuolar membrane","Transport [erm, vm]",
1003161,r_3850,"phosphatidyl-L-serine (1-16:1, 2-18:1) transport, ER membrane-vacuolar membrane","Transport [erm, vm]",
1003162,r_3851,"phosphatidyl-L-serine (1-18:0, 2-18:1) transport, ER membrane-vacuolar membrane","Transport [erm, vm]",
1003163,r_3852,"phosphatidyl-L-serine (1-18:1, 2-18:1) transport, ER membrane-vacuolar membrane","Transport [erm, vm]",
1003164,r_3853,"phosphatidylethanolamine (1-16:0, 2-16:1) transport, vacuolar membrane-ER membrane","Transport [erm, vm]",
1003165,r_3854,"phosphatidylethanolamine (1-16:1, 2-16:1) transport, vacuolar membrane-ER membrane","Transport [erm, vm]",
1003166,r_3855,"phosphatidylethanolamine (1-18:0, 2-16:1) transport, vacuolar membrane-ER membrane","Transport [erm, vm]",
1003167,r_3856,"phosphatidylethanolamine (1-18:1, 2-16:1) transport, vacuolar membrane-ER membrane","Transport [erm, vm]",
1003168,r_3857,"phosphatidylethanolamine (1-16:0, 2-18:1) transport, vacuolar membrane-ER membrane","Transport [erm, vm]",
1003169,r_3858,"phosphatidylethanolamine (1-16:1, 2-18:1) transport, vacuolar membrane-ER membrane","Transport [erm, vm]",
1003170,r_3859,"phosphatidylethanolamine (1-18:0, 2-18:1) transport, vacuolar membrane-ER membrane","Transport [erm, vm]",
1003171,r_3860,"phosphatidylethanolamine (1-18:1, 2-18:1) transport, vacuolar membrane-ER membrane","Transport [erm, vm]",
1003172,r_3861,"1-phosphatidyl-1D-myo-inositol 3-phosphate (1-16:0, 2-16:1) transport, vacuolar membrane-ER membrane","Transport [erm, vm]",
1003173,r_3862,"1-phosphatidyl-1D-myo-inositol 3-phosphate (1-16:1, 2-16:1) transport, vacuolar membrane-ER membrane","Transport [erm, vm]",
1003174,r_3863,"1-phosphatidyl-1D-myo-inositol 3-phosphate (1-18:0, 2-16:1) transport, vacuolar membrane-ER membrane","Transport [erm, vm]",
1003175,r_3864,"1-phosphatidyl-1D-myo-inositol 3-phosphate (1-18:1, 2-16:1) transport, vacuolar membrane-ER membrane","Transport [erm, vm]",
1003176,r_3865,"1-phosphatidyl-1D-myo-inositol 3-phosphate (1-16:0, 2-18:1) transport, vacuolar membrane-ER membrane","Transport [erm, vm]",
1003177,r_3866,"1-phosphatidyl-1D-myo-inositol 3-phosphate (1-16:1, 2-18:1) transport, vacuolar membrane-ER membrane","Transport [erm, vm]",
1003178,r_3867,"1-phosphatidyl-1D-myo-inositol 3-phosphate (1-18:0, 2-18:1) transport, vacuolar membrane-ER membrane","Transport [erm, vm]",
1003179,r_3868,"1-phosphatidyl-1D-myo-inositol 3-phosphate (1-18:1, 2-18:1) transport, vacuolar membrane-ER membrane","Transport [erm, vm]",
1003180,r_3869,"1-phosphatidyl-1D-myo-inositol (1-16:0, 2-16:1) transport, ER membrane-cell envelope","Transport [ce, erm]",
1003181,r_3870,"1-phosphatidyl-1D-myo-inositol (1-16:1, 2-16:1) transport, ER membrane-cell envelope","Transport [ce, erm]",
1003182,r_3871,"1-phosphatidyl-1D-myo-inositol (1-18:0, 2-16:1) transport, ER membrane-cell envelope","Transport [ce, erm]",
1003183,r_3872,"1-phosphatidyl-1D-myo-inositol (1-18:1, 2-16:1) transport, ER membrane-cell envelope","Transport [ce, erm]",
1003184,r_3873,"1-phosphatidyl-1D-myo-inositol (1-16:0, 2-18:1) transport, ER membrane-cell envelope","Transport [ce, erm]",
1003185,r_3874,"1-phosphatidyl-1D-myo-inositol (1-16:1, 2-18:1) transport, ER membrane-cell envelope","Transport [ce, erm]",
1003186,r_3875,"1-phosphatidyl-1D-myo-inositol (1-18:0, 2-18:1) transport, ER membrane-cell envelope","Transport [ce, erm]",
1003187,r_3876,"1-phosphatidyl-1D-myo-inositol (1-18:1, 2-18:1) transport, ER membrane-cell envelope","Transport [ce, erm]",
1003188,r_3877,"phosphatidylcholine (1-16:0, 2-16:1) transport, ER membrane-cell envelope","Transport [ce, erm]",
1003189,r_3878,"phosphatidylcholine (1-16:1, 2-16:1) transport, ER membrane-cell envelope","Transport [ce, erm]",
1003190,r_3879,"phosphatidylcholine (1-18:0, 2-16:1) transport, ER membrane-cell envelope","Transport [ce, erm]",
1003191,r_3880,"phosphatidylcholine (1-18:1, 2-16:1) transport, ER membrane-cell envelope","Transport [ce, erm]",
1003192,r_3881,"phosphatidylcholine (1-16:0, 2-18:1) transport, ER membrane-cell envelope","Transport [ce, erm]",
1003193,r_3882,"phosphatidylcholine (1-16:1, 2-18:1) transport, ER membrane-cell envelope","Transport [ce, erm]",
1003194,r_3883,"phosphatidylcholine (1-18:0, 2-18:1) transport, ER membrane-cell envelope","Transport [ce, erm]",
1003195,r_3884,"phosphatidylcholine (1-18:1, 2-18:1) transport, ER membrane-cell envelope","Transport [ce, erm]",
1003196,r_3885,"phosphatidylethanolamine (1-16:0, 2-16:1) transport, ER membrane-cell envelope","Transport [ce, erm]",YAL026C
1003197,r_3886,"phosphatidylethanolamine (1-16:1, 2-16:1) transport, ER membrane-cell envelope","Transport [ce, erm]",YAL026C
1003198,r_3887,"phosphatidylethanolamine (1-18:0, 2-16:1) transport, ER membrane-cell envelope","Transport [ce, erm]",YAL026C
1003199,r_3888,"phosphatidylethanolamine (1-18:1, 2-16:1) transport, ER membrane-cell envelope","Transport [ce, erm]",YAL026C
1003200,r_3889,"phosphatidylethanolamine (1-16:0, 2-18:1) transport, ER membrane-cell envelope","Transport [ce, erm]",YAL026C
1003201,r_3890,"phosphatidylethanolamine (1-16:1, 2-18:1) transport, ER membrane-cell envelope","Transport [ce, erm]",YAL026C
1003202,r_3891,"phosphatidylethanolamine (1-18:0, 2-18:1) transport, ER membrane-cell envelope","Transport [ce, erm]",YAL026C
1003203,r_3892,"phosphatidylethanolamine (1-18:1, 2-18:1) transport, ER membrane-cell envelope","Transport [ce, erm]",YAL026C
1003204,r_3893,"phosphatidyl-L-serine (1-16:0, 2-16:1) transport, ER membrane-cell envelope","Transport [ce, erm]",YIL048W
1003205,r_3894,"phosphatidyl-L-serine (1-16:1, 2-16:1) transport, ER membrane-cell envelope","Transport [ce, erm]",YIL048W
1003206,r_3895,"phosphatidyl-L-serine (1-18:0, 2-16:1) transport, ER membrane-cell envelope","Transport [ce, erm]",YIL048W
1003207,r_3896,"phosphatidyl-L-serine (1-18:1, 2-16:1) transport, ER membrane-cell envelope","Transport [ce, erm]",YIL048W
1003208,r_3897,"phosphatidyl-L-serine (1-16:0, 2-18:1) transport, ER membrane-cell envelope","Transport [ce, erm]",YIL048W
1003209,r_3898,"phosphatidyl-L-serine (1-16:1, 2-18:1) transport, ER membrane-cell envelope","Transport [ce, erm]",YIL048W
1003210,r_3899,"phosphatidyl-L-serine (1-18:0, 2-18:1) transport, ER membrane-cell envelope","Transport [ce, erm]",YIL048W
1003211,r_3900,"phosphatidyl-L-serine (1-18:1, 2-18:1) transport, ER membrane-cell envelope","Transport [ce, erm]",YIL048W
1003212,r_3901,"lignoceric acid transport, cell envelope-ER membrane","Transport [ce, erm]",
1003213,r_3902,"cerotic acid transport, cell envelope-ER membrane","Transport [ce, erm]",
1003214,r_3903,"phosphatidate (1-16:0, 2-16:1) transport, cell envelope-ER membrane","Transport [ce, erm]",
1003215,r_3904,"phosphatidate (1-16:1, 2-16:1) transport, cell envelope-ER membrane","Transport [ce, erm]",
1003216,r_3905,"phosphatidate (1-18:0, 2-16:1) transport, cell envelope-ER membrane","Transport [ce, erm]",
1003217,r_3906,"phosphatidate (1-18:1, 2-16:1) transport, cell envelope-ER membrane","Transport [ce, erm]",
1003218,r_3907,"phosphatidate (1-16:0, 2-18:1) transport, cell envelope-ER membrane","Transport [ce, erm]",
1003219,r_3908,"phosphatidate (1-16:1, 2-18:1) transport, cell envelope-ER membrane","Transport [ce, erm]",
1003220,r_3909,"phosphatidate (1-18:0, 2-18:1) transport, cell envelope-ER membrane","Transport [ce, erm]",
1003221,r_3910,"phosphatidate (1-18:1, 2-18:1) transport, cell envelope-ER membrane","Transport [ce, erm]",
1003222,r_3911,"1-phosphatidyl-1D-myo-inositol 4-phosphate (1-16:0, 2-16:1) transport, cell envelope-ER membrane","Transport [ce, erm]",
1003223,r_3912,"1-phosphatidyl-1D-myo-inositol 4-phosphate (1-16:1, 2-16:1) transport, cell envelope-ER membrane","Transport [ce, erm]",
1003224,r_3913,"1-phosphatidyl-1D-myo-inositol 4-phosphate (1-18:0, 2-16:1) transport, cell envelope-ER membrane","Transport [ce, erm]",
1003225,r_3914,"1-phosphatidyl-1D-myo-inositol 4-phosphate (1-18:1, 2-16:1) transport, cell envelope-ER membrane","Transport [ce, erm]",
1003226,r_3915,"1-phosphatidyl-1D-myo-inositol 4-phosphate (1-16:0, 2-18:1) transport, cell envelope-ER membrane","Transport [ce, erm]",
1003227,r_3916,"1-phosphatidyl-1D-myo-inositol 4-phosphate (1-16:1, 2-18:1) transport, cell envelope-ER membrane","Transport [ce, erm]",
1003228,r_3917,"1-phosphatidyl-1D-myo-inositol 4-phosphate (1-18:0, 2-18:1) transport, cell envelope-ER membrane","Transport [ce, erm]",
1003229,r_3918,"1-phosphatidyl-1D-myo-inositol 4-phosphate (1-18:1, 2-18:1) transport, cell envelope-ER membrane","Transport [ce, erm]",
1003230,r_3919,"1-phosphatidyl-1D-myo-inositol 4,5-bisphosphate (1-16:0, 2-16:1) transport, cell envelope-ER membrane","Transport [ce, erm]",
1003231,r_3920,"1-phosphatidyl-1D-myo-inositol 4,5-bisphosphate (1-16:1, 2-16:1) transport, cell envelope-ER membrane","Transport [ce, erm]",
1003232,r_3921,"1-phosphatidyl-1D-myo-inositol 4,5-bisphosphate (1-18:0, 2-16:1) transport, cell envelope-ER membrane","Transport [ce, erm]",
1003233,r_3922,"1-phosphatidyl-1D-myo-inositol 4,5-bisphosphate (1-18:1, 2-16:1) transport, cell envelope-ER membrane","Transport [ce, erm]",
1003234,r_3923,"1-phosphatidyl-1D-myo-inositol 4,5-bisphosphate (1-16:0, 2-18:1) transport, cell envelope-ER membrane","Transport [ce, erm]",
1003235,r_3924,"1-phosphatidyl-1D-myo-inositol 4,5-bisphosphate (1-16:1, 2-18:1) transport, cell envelope-ER membrane","Transport [ce, erm]",
1003236,r_3925,"1-phosphatidyl-1D-myo-inositol 4,5-bisphosphate (1-18:0, 2-18:1) transport, cell envelope-ER membrane","Transport [ce, erm]",
1003237,r_3926,"1-phosphatidyl-1D-myo-inositol 4,5-bisphosphate (1-18:1, 2-18:1) transport, cell envelope-ER membrane","Transport [ce, erm]",
1003238,r_3927,"zymosteryl palmitoleate transport, ER membrane-cell envelope","Transport [ce, erm]",
1003239,r_3928,"zymosteryl oleate transport, ER membrane-cell envelope","Transport [ce, erm]",
1003240,r_3929,"1-phosphatidyl-1D-myo-inositol (1-16:0, 2-16:1) transport, ER membrane-nucleus","Transport [erm, n]",
1003241,r_3930,"1-phosphatidyl-1D-myo-inositol (1-16:1, 2-16:1) transport, ER membrane-nucleus","Transport [erm, n]",
1003242,r_3931,"1-phosphatidyl-1D-myo-inositol (1-18:0, 2-16:1) transport, ER membrane-nucleus","Transport [erm, n]",
1003243,r_3932,"1-phosphatidyl-1D-myo-inositol (1-18:1, 2-16:1) transport, ER membrane-nucleus","Transport [erm, n]",
1003244,r_3933,"1-phosphatidyl-1D-myo-inositol (1-16:0, 2-18:1) transport, ER membrane-nucleus","Transport [erm, n]",
1003245,r_3934,"1-phosphatidyl-1D-myo-inositol (1-16:1, 2-18:1) transport, ER membrane-nucleus","Transport [erm, n]",
1003246,r_3935,"1-phosphatidyl-1D-myo-inositol (1-18:0, 2-18:1) transport, ER membrane-nucleus","Transport [erm, n]",
1003247,r_3936,"1-phosphatidyl-1D-myo-inositol (1-18:1, 2-18:1) transport, ER membrane-nucleus","Transport [erm, n]",
1003248,r_3937,"lignoceric acid transport, ER membrane-ER","Transport [erm, er]",
1003249,r_3938,"cerotic acid transport, ER membrane-ER","Transport [erm, er]",
1003250,r_3939,"ergosterol transport, ER-ER membrane","Transport [erm, er]",
1003251,r_3940,"phosphate transport, ER-ER membrane","Transport [erm, er]",
1003252,r_3941,"1-phosphatidyl-1D-myo-inositol 3-phosphate (1-16:0, 2-16:1) transport, vacuolar membrane-Golgi membrane","Transport [vm, gm]",
1003253,r_3942,"1-phosphatidyl-1D-myo-inositol 3-phosphate (1-16:1, 2-16:1) transport, vacuolar membrane-Golgi membrane","Transport [vm, gm]",
1003254,r_3943,"1-phosphatidyl-1D-myo-inositol 3-phosphate (1-18:0, 2-16:1) transport, vacuolar membrane-Golgi membrane","Transport [vm, gm]",
1003255,r_3944,"1-phosphatidyl-1D-myo-inositol 3-phosphate (1-18:1, 2-16:1) transport, vacuolar membrane-Golgi membrane","Transport [vm, gm]",
1003256,r_3945,"1-phosphatidyl-1D-myo-inositol 3-phosphate (1-16:0, 2-18:1) transport, vacuolar membrane-Golgi membrane","Transport [vm, gm]",
1003257,r_3946,"1-phosphatidyl-1D-myo-inositol 3-phosphate (1-16:1, 2-18:1) transport, vacuolar membrane-Golgi membrane","Transport [vm, gm]",
1003258,r_3947,"1-phosphatidyl-1D-myo-inositol 3-phosphate (1-18:0, 2-18:1) transport, vacuolar membrane-Golgi membrane","Transport [vm, gm]",
1003259,r_3948,"1-phosphatidyl-1D-myo-inositol 3-phosphate (1-18:1, 2-18:1) transport, vacuolar membrane-Golgi membrane","Transport [vm, gm]",
1003260,r_3949,"1-phosphatidyl-1D-myo-inositol 3,5-bisphosphate (1-16:0, 2-16:1) transport, vacuolar membrane-cell envelope","Transport [vm, ce]",
1003261,r_3950,"1-phosphatidyl-1D-myo-inositol 3,5-bisphosphate (1-16:1, 2-16:1) transport, vacuolar membrane-cell envelope","Transport [vm, ce]",
1003262,r_3951,"1-phosphatidyl-1D-myo-inositol 3,5-bisphosphate (1-18:0, 2-16:1) transport, vacuolar membrane-cell envelope","Transport [vm, ce]",
1003263,r_3952,"1-phosphatidyl-1D-myo-inositol 3,5-bisphosphate (1-18:1, 2-16:1) transport, vacuolar membrane-cell envelope","Transport [vm, ce]",
1003264,r_3953,"1-phosphatidyl-1D-myo-inositol 3,5-bisphosphate (1-16:0, 2-18:1) transport, vacuolar membrane-cell envelope","Transport [vm, ce]",
1003265,r_3954,"1-phosphatidyl-1D-myo-inositol 3,5-bisphosphate (1-16:1, 2-18:1) transport, vacuolar membrane-cell envelope","Transport [vm, ce]",
1003266,r_3955,"1-phosphatidyl-1D-myo-inositol 3,5-bisphosphate (1-18:0, 2-18:1) transport, vacuolar membrane-cell envelope","Transport [vm, ce]",
1003267,r_3956,"1-phosphatidyl-1D-myo-inositol 3,5-bisphosphate (1-18:1, 2-18:1) transport, vacuolar membrane-cell envelope","Transport [vm, ce]",
1003268,r_3957,"H+ transport, mitochondrion-mitochondrial membrane","Transport [m, mm]",
1003269,r_3958,"glycerol 3-phosphate transport, mitochondrion-mitochondrial membrane","Transport [m, mm]",
1003270,r_3959,"CMP transport, mitochondrion-mitochondrial membrane","Transport [m, mm]",YBR192W
1003271,r_3960,"CTP transport, mitochondrion-mitochondrial membrane","Transport [m, mm]",YBR192W
1003272,r_3961,"phosphate transport, mitochondrion-mitochondrial membrane","Transport [m, mm]",YER053C or YJR077C
1003273,r_3962,"diphosphate transport, mitochondrion-mitochondrial membrane","Transport [m, mm]",
1003274,r_3963,"1-phosphatidyl-1D-myo-inositol (1-16:0, 2-16:1) [cytoplasm] SLIME rxn",SLIME reaction,
1003275,r_3964,"1-phosphatidyl-1D-myo-inositol (1-16:1, 2-16:1) [cytoplasm] SLIME rxn",SLIME reaction,
1003276,r_3965,"1-phosphatidyl-1D-myo-inositol (1-18:0, 2-16:1) [cytoplasm] SLIME rxn",SLIME reaction,
1003277,r_3966,"1-phosphatidyl-1D-myo-inositol (1-18:1, 2-16:1) [cytoplasm] SLIME rxn",SLIME reaction,
1003278,r_3967,"1-phosphatidyl-1D-myo-inositol (1-16:0, 2-18:1) [cytoplasm] SLIME rxn",SLIME reaction,
1003279,r_3968,"1-phosphatidyl-1D-myo-inositol (1-16:1, 2-18:1) [cytoplasm] SLIME rxn",SLIME reaction,
1003280,r_3969,"1-phosphatidyl-1D-myo-inositol (1-18:0, 2-18:1) [cytoplasm] SLIME rxn",SLIME reaction,
1003281,r_3970,"1-phosphatidyl-1D-myo-inositol (1-18:1, 2-18:1) [cytoplasm] SLIME rxn",SLIME reaction,
1003282,r_3971,ergosteryl palmitoleate [endoplasmic reticulum membrane] SLIME rxn,SLIME reaction,
1003283,r_3972,ergosteryl oleate [endoplasmic reticulum membrane] SLIME rxn,SLIME reaction,
1003284,r_3973,"ergosterol ester transport, ER membrane-cytoplasm","Transport [c, erm]",
1003285,r_3975,palmitate [cytoplasm] SLIME rxn,SLIME reaction,
1003286,r_3976,palmitoleate [cytoplasm] SLIME rxn,SLIME reaction,
1003287,r_3977,stearate [cytoplasm] SLIME rxn,SLIME reaction,
1003288,r_3978,oleate [cytoplasm] SLIME rxn,SLIME reaction,
1003289,r_3979,"phosphatidyl-L-serine (1-16:0, 2-16:1) [endoplasmic reticulum membrane] SLIME rxn",SLIME reaction,
1003290,r_3980,"phosphatidyl-L-serine (1-16:1, 2-16:1) [endoplasmic reticulum membrane] SLIME rxn",SLIME reaction,
1003291,r_3981,"phosphatidyl-L-serine (1-18:0, 2-16:1) [endoplasmic reticulum membrane] SLIME rxn",SLIME reaction,
1003292,r_3982,"phosphatidyl-L-serine (1-18:1, 2-16:1) [endoplasmic reticulum membrane] SLIME rxn",SLIME reaction,
1003293,r_3983,"phosphatidyl-L-serine (1-16:0, 2-18:1) [endoplasmic reticulum membrane] SLIME rxn",SLIME reaction,
1003294,r_3984,"phosphatidyl-L-serine (1-16:1, 2-18:1) [endoplasmic reticulum membrane] SLIME rxn",SLIME reaction,
1003295,r_3985,"phosphatidyl-L-serine (1-18:0, 2-18:1) [endoplasmic reticulum membrane] SLIME rxn",SLIME reaction,
1003296,r_3986,"phosphatidyl-L-serine (1-18:1, 2-18:1) [endoplasmic reticulum membrane] SLIME rxn",SLIME reaction,
1003297,r_3987,"phosphatidyl-L-serine transport, ER membrane-cytoplasm","Transport [c, erm]",
1003298,r_3988,"phosphatidylcholine (1-16:0, 2-16:1) [endoplasmic reticulum membrane] SLIME rxn",SLIME reaction,
1003299,r_3989,"phosphatidylcholine (1-16:1, 2-16:1) [endoplasmic reticulum membrane] SLIME rxn",SLIME reaction,
1003300,r_3990,"phosphatidylcholine (1-18:0, 2-16:1) [endoplasmic reticulum membrane] SLIME rxn",SLIME reaction,
1003301,r_3991,"phosphatidylcholine (1-18:1, 2-16:1) [endoplasmic reticulum membrane] SLIME rxn",SLIME reaction,
1003302,r_3992,"phosphatidylcholine (1-16:0, 2-18:1) [endoplasmic reticulum membrane] SLIME rxn",SLIME reaction,
1003303,r_3993,"phosphatidylcholine (1-16:1, 2-18:1) [endoplasmic reticulum membrane] SLIME rxn",SLIME reaction,
1003304,r_3994,"phosphatidylcholine (1-18:0, 2-18:1) [endoplasmic reticulum membrane] SLIME rxn",SLIME reaction,
1003305,r_3995,"phosphatidylcholine (1-18:1, 2-18:1) [endoplasmic reticulum membrane] SLIME rxn",SLIME reaction,
1003306,r_3996,"phosphatidylcholine transport, ER membrane-cytoplasm","Transport [c, erm]",
1003307,r_3997,"phosphatidylethanolamine (1-16:0, 2-16:1) [endoplasmic reticulum membrane] SLIME rxn",SLIME reaction,
1003308,r_3998,"phosphatidylethanolamine (1-16:1, 2-16:1) [endoplasmic reticulum membrane] SLIME rxn",SLIME reaction,
1003309,r_3999,"phosphatidylethanolamine (1-18:0, 2-16:1) [endoplasmic reticulum membrane] SLIME rxn",SLIME reaction,
1003310,r_4000,"phosphatidylethanolamine (1-18:1, 2-16:1) [endoplasmic reticulum membrane] SLIME rxn",SLIME reaction,
1003311,r_4001,"phosphatidylethanolamine (1-16:0, 2-18:1) [endoplasmic reticulum membrane] SLIME rxn",SLIME reaction,
1003312,r_4002,"phosphatidylethanolamine (1-16:1, 2-18:1) [endoplasmic reticulum membrane] SLIME rxn",SLIME reaction,
1003313,r_4003,"phosphatidylethanolamine (1-18:0, 2-18:1) [endoplasmic reticulum membrane] SLIME rxn",SLIME reaction,
1003314,r_4004,"phosphatidylethanolamine (1-18:1, 2-18:1) [endoplasmic reticulum membrane] SLIME rxn",SLIME reaction,
1003315,r_4005,"phosphatidylethanolamine transport, ER membrane-cytoplasm","Transport [c, erm]",
1003316,r_4006,"triglyceride (1-16:0, 2-16:1, 3-16:0) [endoplasmic reticulum membrane] SLIME rxn",SLIME reaction,
1003317,r_4007,"triglyceride (1-16:0, 2-18:1, 3-16:0) [endoplasmic reticulum membrane] SLIME rxn",SLIME reaction,
1003318,r_4008,"triglyceride (1-16:1, 2-16:1, 3-16:0) [endoplasmic reticulum membrane] SLIME rxn",SLIME reaction,
1003319,r_4009,"triglyceride (1-16:1, 2-18:1, 3-16:0) [endoplasmic reticulum membrane] SLIME rxn",SLIME reaction,
1003320,r_4010,"triglyceride (1-18:0, 2-16:1, 3-16:0) [endoplasmic reticulum membrane] SLIME rxn",SLIME reaction,
1003321,r_4011,"triglyceride (1-18:0, 2-18:1, 3-16:0) [endoplasmic reticulum membrane] SLIME rxn",SLIME reaction,
1003322,r_4012,"triglyceride (1-18:1, 2-16:1, 3-16:0) [endoplasmic reticulum membrane] SLIME rxn",SLIME reaction,
1003323,r_4013,"triglyceride (1-18:1, 2-18:1, 3-16:0) [endoplasmic reticulum membrane] SLIME rxn",SLIME reaction,
1003324,r_4014,"triglyceride (1-16:0, 2-16:1, 3-16:1) [endoplasmic reticulum membrane] SLIME rxn",SLIME reaction,
1003325,r_4015,"triglyceride (1-16:0, 2-18:1, 3-16:1) [endoplasmic reticulum membrane] SLIME rxn",SLIME reaction,
1003326,r_4016,"triglyceride (1-16:1, 2-16:1, 3-16:1) [endoplasmic reticulum membrane] SLIME rxn",SLIME reaction,
1003327,r_4017,"triglyceride (1-16:1, 2-18:1, 3-16:1) [endoplasmic reticulum membrane] SLIME rxn",SLIME reaction,
1003328,r_4018,"triglyceride (1-18:0, 2-16:1, 3-16:1) [endoplasmic reticulum membrane] SLIME rxn",SLIME reaction,
1003329,r_4019,"triglyceride (1-18:0, 2-18:1, 3-16:1) [endoplasmic reticulum membrane] SLIME rxn",SLIME reaction,
1003330,r_4020,"triglyceride (1-18:1, 2-16:1, 3-16:1) [endoplasmic reticulum membrane] SLIME rxn",SLIME reaction,
1003331,r_4021,"triglyceride (1-18:1, 2-18:1, 3-16:1) [endoplasmic reticulum membrane] SLIME rxn",SLIME reaction,
1003332,r_4022,"triglyceride (1-16:0, 2-16:1, 3-18:0) [endoplasmic reticulum membrane] SLIME rxn",SLIME reaction,
1003333,r_4023,"triglyceride (1-16:0, 2-18:1, 3-18:0) [endoplasmic reticulum membrane] SLIME rxn",SLIME reaction,
1003334,r_4024,"triglyceride (1-16:1, 2-16:1, 3-18:0) [endoplasmic reticulum membrane] SLIME rxn",SLIME reaction,
1003335,r_4025,"triglyceride (1-16:1, 2-18:1, 3-18:0) [endoplasmic reticulum membrane] SLIME rxn",SLIME reaction,
1003336,r_4026,"triglyceride (1-18:0, 2-16:1, 3-18:0) [endoplasmic reticulum membrane] SLIME rxn",SLIME reaction,
1003337,r_4027,"triglyceride (1-18:0, 2-18:1, 3-18:0) [endoplasmic reticulum membrane] SLIME rxn",SLIME reaction,
1003338,r_4028,"triglyceride (1-18:1, 2-16:1, 3-18:0) [endoplasmic reticulum membrane] SLIME rxn",SLIME reaction,
1003339,r_4029,"triglyceride (1-18:1, 2-18:1, 3-18:0) [endoplasmic reticulum membrane] SLIME rxn",SLIME reaction,
1003340,r_4030,"triglyceride (1-16:0, 2-16:1, 3-18:1) [endoplasmic reticulum membrane] SLIME rxn",SLIME reaction,
1003341,r_4031,"triglyceride (1-16:0, 2-18:1, 3-18:1) [endoplasmic reticulum membrane] SLIME rxn",SLIME reaction,
1003342,r_4032,"triglyceride (1-16:1, 2-16:1, 3-18:1) [endoplasmic reticulum membrane] SLIME rxn",SLIME reaction,
1003343,r_4033,"triglyceride (1-16:1, 2-18:1, 3-18:1) [endoplasmic reticulum membrane] SLIME rxn",SLIME reaction,
1003344,r_4034,"triglyceride (1-18:0, 2-16:1, 3-18:1) [endoplasmic reticulum membrane] SLIME rxn",SLIME reaction,
1003345,r_4035,"triglyceride (1-18:0, 2-18:1, 3-18:1) [endoplasmic reticulum membrane] SLIME rxn",SLIME reaction,
1003346,r_4036,"triglyceride (1-18:1, 2-16:1, 3-18:1) [endoplasmic reticulum membrane] SLIME rxn",SLIME reaction,
1003347,r_4037,"triglyceride (1-18:1, 2-18:1, 3-18:1) [endoplasmic reticulum membrane] SLIME rxn",SLIME reaction,
1003348,r_4038,"triglyceride transport, ER membrane-cytoplasm","Transport [c, erm]",
1003349,r_4039,succinyl-CoA:acetate CoA transferase,Pyruvate metabolism,YBL015W
1003350,r_4040,heme a transport,"Transport [c, m]",
1003351,r_4041,biomass pseudoreaction,Growth,
1003352,r_4042,raffinose invertase,Histidine metabolism,
1003353,r_4045,uridine hydrolase,Pyrimidine metabolism,YDR400W
1003354,r_4046,non-growth associated maintenance reaction,Growth,
1003355,r_4047,protein pseudoreaction,Growth,
1003356,r_4048,carbohydrate pseudoreaction,Growth,
1003357,r_4049,RNA pseudoreaction,Growth,
1003358,r_4050,DNA pseudoreaction,Growth,
1003359,r_4051,ceramide transport,"Transport [c, g]",
1003360,r_4052,inositol phosphomannosylinositol phosphoceramide transport,"Transport [c, g]",
1003361,r_4053,inositol-P-ceramide transport,"Transport [c, g]",
1003362,r_4054,mannosylinositol phosphorylceramide transport,"Transport [c, g]",
1003363,r_4055,long-chain base transport,"Transport [c, er]",
1003364,r_4056,long-chain base phosphate transport,"Transport [c, er]",
1003365,r_4057,phosphatidate transport,"Transport [c, erm]",
1003366,r_4058,diglyceride transport,"Transport [c, erm]",
1003367,r_4059,sn-2-acyl-1-lysophosphatidylinositol transport,"Transport [c, erm]",
1003368,r_4060,phosphatidylglycerol transport,"Transport [c, mm]",
1003369,r_4061,cardiolipin transport,"Transport [c, mm]",
1003370,r_4063,lipid backbone pseudoreaction,SLIME reaction,
1003371,r_4065,lipid chain pseudoreaction,SLIME reaction,
1003372,r_4066,ceramide-1 (C24) [Golgi] SLIME rxn,SLIME reaction,
1003373,r_4067,ceramide-1 (C26) [Golgi] SLIME rxn,SLIME reaction,
1003374,r_4068,ceramide-2 (C24) [Golgi] SLIME rxn,SLIME reaction,
1003375,r_4069,ceramide-2 (C26) [Golgi] SLIME rxn,SLIME reaction,
1003376,r_4070,ceramide-2' (C24) [Golgi] SLIME rxn,SLIME reaction,
1003377,r_4071,ceramide-2' (C26) [Golgi] SLIME rxn,SLIME reaction,
1003378,r_4072,ceramide-3 (C24) [Golgi] SLIME rxn,SLIME reaction,
1003379,r_4073,ceramide-3 (C26) [Golgi] SLIME rxn,SLIME reaction,
1003380,r_4074,ceramide-4 (C24) [Golgi] SLIME rxn,SLIME reaction,
1003381,r_4075,ceramide-4 (C26) [Golgi] SLIME rxn,SLIME reaction,
1003382,r_4076,phytosphingosine [endoplasmic reticulum] SLIME rxn,SLIME reaction,
1003383,r_4077,phytosphingosine 1-phosphate [endoplasmic reticulum] SLIME rxn,SLIME reaction,
1003384,r_4078,sphinganine [endoplasmic reticulum] SLIME rxn,SLIME reaction,
1003385,r_4079,sphinganine 1-phosphate [endoplasmic reticulum] SLIME rxn,SLIME reaction,
1003386,r_4080,"phosphatidate (1-16:0, 2-16:1) [endoplasmic reticulum membrane] SLIME rxn",SLIME reaction,
1003387,r_4081,"phosphatidate (1-16:0, 2-18:1) [endoplasmic reticulum membrane] SLIME rxn",SLIME reaction,
1003388,r_4082,"phosphatidate (1-16:1, 2-16:1) [endoplasmic reticulum membrane] SLIME rxn",SLIME reaction,
1003389,r_4083,"phosphatidate (1-16:1, 2-18:1) [endoplasmic reticulum membrane] SLIME rxn",SLIME reaction,
1003390,r_4084,"phosphatidate (1-18:0, 2-16:1) [endoplasmic reticulum membrane] SLIME rxn",SLIME reaction,
1003391,r_4085,"phosphatidate (1-18:0, 2-18:1) [endoplasmic reticulum membrane] SLIME rxn",SLIME reaction,
1003392,r_4086,"phosphatidate (1-18:1, 2-16:1) [endoplasmic reticulum membrane] SLIME rxn",SLIME reaction,
1003393,r_4087,"phosphatidate (1-18:1, 2-18:1) [endoplasmic reticulum membrane] SLIME rxn",SLIME reaction,
1003394,r_4088,"diglyceride (1-16:0, 2-16:1) [endoplasmic reticulum membrane] SLIME rxn",SLIME reaction,
1003395,r_4089,"diglyceride (1-16:0, 2-18:1) [endoplasmic reticulum membrane] SLIME rxn",SLIME reaction,
1003396,r_4090,"diglyceride (1-16:1, 2-16:1) [endoplasmic reticulum membrane] SLIME rxn",SLIME reaction,
1003397,r_4091,"diglyceride (1-16:1, 2-18:1) [endoplasmic reticulum membrane] SLIME rxn",SLIME reaction,
1003398,r_4092,"diglyceride (1-18:0, 2-16:1) [endoplasmic reticulum membrane] SLIME rxn",SLIME reaction,
1003399,r_4093,"diglyceride (1-18:0, 2-18:1) [endoplasmic reticulum membrane] SLIME rxn",SLIME reaction,
1003400,r_4094,"diglyceride (1-18:1, 2-16:1) [endoplasmic reticulum membrane] SLIME rxn",SLIME reaction,
1003401,r_4095,"diglyceride (1-18:1, 2-18:1) [endoplasmic reticulum membrane] SLIME rxn",SLIME reaction,
1003402,r_4096,sn-2-acyl-1-lysophosphatidylinositol (16:1) [endoplasmic reticulum membrane] SLIME rxn,SLIME reaction,
1003403,r_4097,sn-2-acyl-1-lysophosphatidylinositol (18:1) [endoplasmic reticulum membrane] SLIME rxn,SLIME reaction,
1003404,r_4098,"phosphatidylglycerol (1-16:0, 2-16:1) [mitochondrial membrane] SLIME rxn",SLIME reaction,
1003405,r_4099,"phosphatidylglycerol (1-16:1, 2-16:1) [mitochondrial membrane] SLIME rxn",SLIME reaction,
1003406,r_4100,"phosphatidylglycerol (1-18:0, 2-16:1) [mitochondrial membrane] SLIME rxn",SLIME reaction,
1003407,r_4101,"phosphatidylglycerol (1-18:1, 2-16:1) [mitochondrial membrane] SLIME rxn",SLIME reaction,
1003408,r_4102,"phosphatidylglycerol (1-16:0, 2-18:1) [mitochondrial membrane] SLIME rxn",SLIME reaction,
1003409,r_4103,"phosphatidylglycerol (1-16:1, 2-18:1) [mitochondrial membrane] SLIME rxn",SLIME reaction,
1003410,r_4104,"cardiolipin (1-16:0, 2-16:1, 3-16:0, 4-16:1) [mitochondrial membrane] SLIME rxn",SLIME reaction,
1003411,r_4105,"cardiolipin (1-16:0, 2-16:1, 3-16:1, 4-16:1) [mitochondrial membrane] SLIME rxn",SLIME reaction,
1003412,r_4106,"cardiolipin (1-16:0, 2-16:1, 3-18:0, 4-16:1) [mitochondrial membrane] SLIME rxn",SLIME reaction,
1003413,r_4107,"cardiolipin (1-16:0, 2-16:1, 3-18:1, 4-16:1) [mitochondrial membrane] SLIME rxn",SLIME reaction,
1003414,r_4108,"cardiolipin (1-16:0, 2-16:1, 3-16:0, 4-18:1) [mitochondrial membrane] SLIME rxn",SLIME reaction,
1003415,r_4109,"cardiolipin (1-16:0, 2-16:1, 3-16:1, 4-18:1) [mitochondrial membrane] SLIME rxn",SLIME reaction,
1003416,r_4110,"cardiolipin (1-16:1, 2-16:1, 3-16:0, 4-16:1) [mitochondrial membrane] SLIME rxn",SLIME reaction,
1003417,r_4111,"cardiolipin (1-16:1, 2-16:1, 3-16:1, 4-16:1) [mitochondrial membrane] SLIME rxn",SLIME reaction,
1003418,r_4112,"cardiolipin (1-16:1, 2-16:1, 3-18:0, 4-16:1) [mitochondrial membrane] SLIME rxn",SLIME reaction,
1003419,r_4113,"cardiolipin (1-16:1, 2-16:1, 3-18:1, 4-16:1) [mitochondrial membrane] SLIME rxn",SLIME reaction,
1003420,r_4114,"cardiolipin (1-16:1, 2-16:1, 3-16:0, 4-18:1) [mitochondrial membrane] SLIME rxn",SLIME reaction,
1003421,r_4115,"cardiolipin (1-16:1, 2-16:1, 3-16:1, 4-18:1) [mitochondrial membrane] SLIME rxn",SLIME reaction,
1003422,r_4116,"cardiolipin (1-18:0, 2-16:1, 3-16:0, 4-16:1) [mitochondrial membrane] SLIME rxn",SLIME reaction,
1003423,r_4117,"cardiolipin (1-18:0, 2-16:1, 3-16:1, 4-16:1) [mitochondrial membrane] SLIME rxn",SLIME reaction,
1003424,r_4118,"cardiolipin (1-18:0, 2-16:1, 3-18:0, 4-16:1) [mitochondrial membrane] SLIME rxn",SLIME reaction,
1003425,r_4119,"cardiolipin (1-18:0, 2-16:1, 3-18:1, 4-16:1) [mitochondrial membrane] SLIME rxn",SLIME reaction,
1003426,r_4120,"cardiolipin (1-18:0, 2-16:1, 3-16:0, 4-18:1) [mitochondrial membrane] SLIME rxn",SLIME reaction,
1003427,r_4121,"cardiolipin (1-18:0, 2-16:1, 3-16:1, 4-18:1) [mitochondrial membrane] SLIME rxn",SLIME reaction,
1003428,r_4122,"cardiolipin (1-18:1, 2-16:1, 3-16:0, 4-16:1) [mitochondrial membrane] SLIME rxn",SLIME reaction,
1003429,r_4123,"cardiolipin (1-18:1, 2-16:1, 3-16:1, 4-16:1) [mitochondrial membrane] SLIME rxn",SLIME reaction,
1003430,r_4124,"cardiolipin (1-18:1, 2-16:1, 3-18:0, 4-16:1) [mitochondrial membrane] SLIME rxn",SLIME reaction,
1003431,r_4125,"cardiolipin (1-18:1, 2-16:1, 3-18:1, 4-16:1) [mitochondrial membrane] SLIME rxn",SLIME reaction,
1003432,r_4126,"cardiolipin (1-18:1, 2-16:1, 3-16:0, 4-18:1) [mitochondrial membrane] SLIME rxn",SLIME reaction,
1003433,r_4127,"cardiolipin (1-18:1, 2-16:1, 3-16:1, 4-18:1) [mitochondrial membrane] SLIME rxn",SLIME reaction,
1003434,r_4128,"cardiolipin (1-16:0, 2-18:1, 3-16:0, 4-16:1) [mitochondrial membrane] SLIME rxn",SLIME reaction,
1003435,r_4129,"cardiolipin (1-16:0, 2-18:1, 3-16:1, 4-16:1) [mitochondrial membrane] SLIME rxn",SLIME reaction,
1003436,r_4130,"cardiolipin (1-16:0, 2-18:1, 3-18:0, 4-16:1) [mitochondrial membrane] SLIME rxn",SLIME reaction,
1003437,r_4131,"cardiolipin (1-16:0, 2-18:1, 3-18:1, 4-16:1) [mitochondrial membrane] SLIME rxn",SLIME reaction,
1003438,r_4132,"cardiolipin (1-16:0, 2-18:1, 3-16:0, 4-18:1) [mitochondrial membrane] SLIME rxn",SLIME reaction,
1003439,r_4133,"cardiolipin (1-16:0, 2-18:1, 3-16:1, 4-18:1) [mitochondrial membrane] SLIME rxn",SLIME reaction,
1003440,r_4134,"cardiolipin (1-16:1, 2-18:1, 3-16:0, 4-16:1) [mitochondrial membrane] SLIME rxn",SLIME reaction,
1003441,r_4135,"cardiolipin (1-16:1, 2-18:1, 3-16:1, 4-16:1) [mitochondrial membrane] SLIME rxn",SLIME reaction,
1003442,r_4136,"cardiolipin (1-16:1, 2-18:1, 3-18:0, 4-16:1) [mitochondrial membrane] SLIME rxn",SLIME reaction,
1003443,r_4137,"cardiolipin (1-16:1, 2-18:1, 3-18:1, 4-16:1) [mitochondrial membrane] SLIME rxn",SLIME reaction,
1003444,r_4138,"cardiolipin (1-16:1, 2-18:1, 3-16:0, 4-18:1) [mitochondrial membrane] SLIME rxn",SLIME reaction,
1003445,r_4139,"cardiolipin (1-16:1, 2-18:1, 3-16:1, 4-18:1) [mitochondrial membrane] SLIME rxn",SLIME reaction,
1003446,r_4140,"cardiolipin (1-18:1, 2-18:1, 3-16:0, 4-16:1) [mitochondrial membrane] SLIME rxn",SLIME reaction,
1003447,r_4141,"cardiolipin (1-18:1, 2-18:1, 3-16:1, 4-16:1) [mitochondrial membrane] SLIME rxn",SLIME reaction,
1003448,r_4142,"cardiolipin (1-18:1, 2-18:1, 3-18:0, 4-16:1) [mitochondrial membrane] SLIME rxn",SLIME reaction,
1003449,r_4143,"cardiolipin (1-18:1, 2-18:1, 3-18:1, 4-16:1) [mitochondrial membrane] SLIME rxn",SLIME reaction,
1003450,r_4144,"cardiolipin (1-18:1, 2-18:1, 3-16:0, 4-18:1) [mitochondrial membrane] SLIME rxn",SLIME reaction,
1003451,r_4145,"cardiolipin (1-18:1, 2-18:1, 3-16:1, 4-18:1) [mitochondrial membrane] SLIME rxn",SLIME reaction,
1003452,r_4146,"cardiolipin (1-16:0, 2-16:1, 3-18:1, 4-18:1) [mitochondrial membrane] SLIME rxn",SLIME reaction,
1003453,r_4147,"cardiolipin (1-16:1, 2-16:1, 3-18:1, 4-18:1) [mitochondrial membrane] SLIME rxn",SLIME reaction,
1003454,r_4148,"cardiolipin (1-18:0, 2-16:1, 3-18:1, 4-18:1) [mitochondrial membrane] SLIME rxn",SLIME reaction,
1003455,r_4149,"cardiolipin (1-18:1, 2-16:1, 3-18:1, 4-18:1) [mitochondrial membrane] SLIME rxn",SLIME reaction,
1003456,r_4150,"cardiolipin (1-16:0, 2-18:1, 3-18:1, 4-18:1) [mitochondrial membrane] SLIME rxn",SLIME reaction,
1003457,r_4151,"cardiolipin (1-16:1, 2-18:1, 3-18:1, 4-18:1) [mitochondrial membrane] SLIME rxn",SLIME reaction,
1003458,r_4152,Cytochrome c apocytochrome-c-lyase,Porphyrin and chlorophyll metabolism,YAL039C or YKL087C
1003459,r_4153,(R)-Acetoin:NAD+ oxidoreductase,Butanoate metabolism,YAL061W
1003460,r_4154,Probable diacetyl reductase [(R)-acetoin forming] 2 (EC 1.1.1.303),Butanoate metabolism,YAL061W
1003461,r_4155,"Glutamyl-tRNA(Gln) amidotransferase subunit B, mitochondrial (Glu-AdT subunit B) (EC 6.3.5.-) (Cytochrome c oxidase assembly factor PET112)",tRNA metabolism,YBL080C
1003462,r_4156,Methionine aminopeptidase 2 (MAP 2) (MetAP 2) (EC 3.4.11.18) (Peptidase M),Dipeptidases,YBL091C or YLR244C
1003463,r_4157,ADP-ribose 1''-phosphate phosphatase (EC 3.1.3.84) (EC 3.2.2.-) ([Protein ADP-ribosylglutamate] hydrolase),Purine metabolism,YBR022W or YMR087W
1003464,r_4158,NADPH2:quinone oxidoreductase,Ubiquinone and other terpenoid-quinone biosynthesis,YBR046C
1003465,r_4159,UDP-N-acetylglucosamine transferase subunit ALG14 (Asparagine-linked glycosylation protein 14),N-glycan biosynthesis,YBR070C and YGL047W
1003466,r_4160,ADP-ribose pyrophosphatase (EC 3.6.1.13) (ADP-ribose diphosphatase) (ADP-ribose phosphohydrolase) (Adenosine diphosphoribose pyrophosphatase) (ADPR-PPase),Purine metabolism,YBR111C
1003467,r_4161,Probable vacuolar amino acid transporter YPQ3 (PQ-loop repeat-containing protein 3) (Protein RTC2) (Restriction of telomere capping protein 2),"Transport [c, v]",YBR147W or YDR352W
1003468,r_4162,Probable vacuolar amino acid transporter YPQ3 (PQ-loop repeat-containing protein 3) (Protein RTC2) (Restriction of telomere capping protein 2),"Transport [c, v]",YBR147W or YDR352W
1003469,r_4163,Probable vacuolar amino acid transporter YPQ3 (PQ-loop repeat-containing protein 3) (Protein RTC2) (Restriction of telomere capping protein 2),"Transport [c, v]",YBR147W or YDR352W
1003470,r_4164,oxalate:CoA ligase (AMP-forming),Glyoxylate and dicarboxylate metabolism,YBR222C
1003471,r_4165,Glucosidase 2 subunit alpha (EC 3.2.1.84) (Alpha-glucosidase II subunit alpha) (Glucosidase II subunit alpha) (Reversal of TOR2 lethality protein 2),N-glycan biosynthesis,YBR229C
1003472,r_4166,Glucosidase 2 subunit alpha (EC 3.2.1.84) (Alpha-glucosidase II subunit alpha) (Glucosidase II subunit alpha) (Reversal of TOR2 lethality protein 2),N-glycan biosynthesis,YBR229C
1003473,r_4167,Vacuolar cation-chloride cotransporter 1 (Vacuolar homolog of CCC family protein 1),"Transport [c, v]",YBR235W
1003474,r_4168,Probable metabolite transport protein YBR241C,"Transport [c, v]",YBR241C
1003475,r_4169,Probable metabolite transport protein YBR241C,"Transport [c, v]",YBR241C
1003476,r_4170,UDP-N-acetyl-D-glucosamine:dolichyl-phosphate N-acetyl-D-glucosamine phosphotransferase,N-glycan biosynthesis,YBR243C
1003477,r_4171,(5-glutamyl)-peptide:amino-acid 5-glutamyltransferase,Glutathione metabolism,YBR281C and YNL191W
1003478,r_4172,P-type cation-transporting ATPase (EC 3.6.3.3) (Cadmium resistance protein 2) (Cadmium-translocating P-type ATPase) (Cd(2+)-exporting ATPase),"Transport [c, e]",YBR295W
1003479,r_4173,L-cysteine:sulfur-acceptor sulfurtransferase,Thiamine metabolism,YCL017C
1003480,r_4174,Probable ATP-dependent permease,"Transport [erm, er]",YCR011C
1003481,r_4175,Putative aryl-alcohol dehydrogenase AAD3 (EC 1.1.1.-),Methylglyoxal metabolism,YCR107W or YDL243C or YJR155W or YNL331C or YOL165C or YPL088W
1003482,r_4176,Putative aryl-alcohol dehydrogenase AAD3 (EC 1.1.1.-),Methylglyoxal metabolism,YCR107W or YDL243C or YJR155W or YNL331C or YOL165C or YPL088W
1003483,r_4177,Putative aryl-alcohol dehydrogenase AAD3 (EC 1.1.1.-),Methylglyoxal metabolism,YCR107W or YDL243C or YJR155W or YNL331C or YOL165C or YPL088W
1003484,r_4178,Putative aryl-alcohol dehydrogenase AAD3 (EC 1.1.1.-),Methylglyoxal metabolism,YCR107W or YDL243C or YJR155W or YNL331C or YOL165C or YPL088W
1003485,r_4179,Putative aryl-alcohol dehydrogenase AAD3 (EC 1.1.1.-),Methylglyoxal metabolism,YCR107W or YDL243C or YJR155W or YNL331C or YOL165C or YPL088W
1003486,r_4180,Benzyl alcohol:NAD+ oxidoreductase,Methylglyoxal metabolism,YCR107W or YDL243C or YJR155W or YNL331C or YOL165C or YPL088W
1003487,r_4181,Manganese-transporting ATPase 1 (EC 3.6.3.-),"Transport [c, er]",YEL031W
1003488,r_4183,D-Mannitol:NAD+ 2-oxidoreductase,Fructose and mannose metabolism,YEL070W or YNR073C
1003489,r_4184,4-hydroxy-4-methyl-2-oxoglutarate pyruvate-lyase (pyruvate-forming),C5-branched dibasic acid metabolism,YER010C
1003490,r_4185,oxaloacetate carboxy-lyase (pyruvate-forming),Pyruvate metabolism,YER010C
1003491,r_4186,L-methionine:thioredoxin-disulfide S-oxidoreductase,Cysteine and methionine metabolism,YER042W
1003492,r_4187,L-proline:tRNA(Pro) ligase (AMP-forming),tRNA metabolism,YER087W
1003493,r_4188,Glutathione-specific gamma-glutamylcyclotransferase (Gamma-GCG) (EC 4.3.2.-),Glutathione metabolism,YER163C
1003494,r_4189,4a-hydroxytetrahydrobiopterin hydro-lyase,Folate biosynthesis,YHL018W
1003495,r_4190,superoxide:superoxide oxidoreductase,Superoxide metabolism,YHR008C
1003496,r_4191,2-Deoxy-D-glucose 6-phosphate phosphohydrolase,Alternate carbon metabolism,YHR043C or YHR044C
1003497,r_4192,Cytochrome c lysine N-methyltransferase 1 (EC 2.1.1.59),Lysine metabolism,YHR109W
1003498,r_4193,S-Adenosyl-L-methionine:histone-L-lysine N6-methyltransferase,Lysine metabolism,YHR119W or YDR440W or YJL168C
1003499,r_4194,Zinc transporter YKE4,"Transport [c, er]",YIL023C
1003500,r_4195,Zinc transporter YKE4,"Transport [m, v]",YMR243C or YOR316C
1003501,r_4196,NADH:ferricytochrome-b5 oxidoreductase,Amino sugar and nucleotide sugar metabolism,YIL043C or YML125C
1003502,r_4197,NADH-cytochrome b5 reductase 1 (EC 1.6.2.2) (Microsomal cytochrome b reductase) (P35),Amino sugar and nucleotide sugar metabolism,YIL043C or YKL150W or YML125C
1003503,r_4198,Benzil reductase ((S)-benzoin forming) IRC24 (EC 1.1.1.320) (Increased recombination centers protein 24),Other,YIR036C
1003504,r_4199,Glutathione S-transferase 1 (EC 2.5.1.18) (GST-I),Glutathione metabolism,YIR038C
1003505,r_4200,Glutathione S-transferase 1 (EC 2.5.1.18) (GST-I),Glutathione metabolism,YMR251W or YKR076W
1003506,r_4201,Glutathione S-transferase 1 (EC 2.5.1.18) (GST-I),Glutathione metabolism,YLL060C
1003507,r_4202,L-methionine:oxidized-thioredoxin S-oxidoreductase,Cysteine and methionine metabolism,YKL069W
1003508,r_4203,Vacuolar aminopeptidase 1 (EC 3.4.11.22) (Aminopeptidase yscI) (Leucine aminopeptidase IV) (LAPIV) (Lysosomal aminopeptidase III) (Polypeptidase) (Vacuolar aminopeptidase I),Dipeptidases,YKL103C
1003509,r_4204,Vacuolar aminopeptidase 1 (EC 3.4.11.22) (Aminopeptidase yscI) (Leucine aminopeptidase IV) (LAPIV) (Lysosomal aminopeptidase III) (Polypeptidase) (Vacuolar aminopeptidase I),Dipeptidases,YKL103C
1003510,r_4205,5-oxo-L-proline amidohydrolase (ATP-hydrolysing),Glutathione metabolism,YKL215C
1003511,r_4206,threo-3-hydroxy-L-aspartate ammonia-lyase,"Alanine, aspartate and glutamate metabolism",YKL218C
1003512,r_4207,Glutathione S-transferase omega-like 2 (EC 2.5.1.18) (Extracellular mutant protein 4) (Glutathione-dependent dehydroascorbate reductase) (EC 1.8.5.1),Glutathione metabolism,YGR154C
1003513,r_4208,glutathione:dehydroascorbate oxidoreductase,Glutathione metabolism,YKR076W
1003514,r_4209,Glutathione S-transferase omega-like 2 (EC 2.5.1.18) (Extracellular mutant protein 4) (Glutathione-dependent dehydroascorbate reductase) (EC 1.8.5.1),Glutathione metabolism,YGR154C
1003515,r_4210,urea hydro-lyase (cyanamide-forming),Alternate carbon metabolism,YFL061W or YNL335W
1003516,r_4211,"D-ribose 5-phosphate,D-glyceraldehyde 3-phosphate pyridoxal 5-phosphate-lyase (glutamine-hydrolyzing)",Vitamin b6 metabolism,YFL060C or YNL334C
1003517,r_4212,"D-ribulose 5-phosphate,D-glyceraldehyde 3-phosphate pyridoxal 5-phosphate-lyase",Vitamin b6 metabolism,YFL059W or YNL333W
1003518,r_4214,L-cysteinylglycine dipeptidase,Glutathione metabolism,YFR044C
1003519,r_4215,Cys-Gly metallodipeptidase DUG1 (EC 3.4.13.-) (Deficient in utilization of glutathione protein 1) (GSH degradosomal complex subunit DUG1),Glutathione metabolism,YFR044C
1003520,r_4216,riboflavin-5-phosphate phosphohydrolase,Riboflavin metabolism,YDL024C
1003521,r_4217,Fe(II):oxygen oxidoreductase; Fe2+:oxygen oxidoreductase,Porphyrin and chlorophyll metabolism,YDL120W
1003522,r_4218,D-aminoacyl-tRNA deacylase (DTD) (EC 3.1.1.96) (D-tyrosyl-tRNA(Tyr) deacylase) (Gly-tRNA(Ala) deacylase) (EC 3.1.1.-),tRNA metabolism,YDL219W
1003523,r_4219,D-aminoacyl-tRNA deacylase (DTD) (EC 3.1.1.96) (D-tyrosyl-tRNA(Tyr) deacylase) (Gly-tRNA(Ala) deacylase) (EC 3.1.1.-),tRNA metabolism,YDL219W
1003524,r_4220,4-nitrophenyl phosphate phosphohydrolase,Alternate carbon metabolism,YDL236W
1003525,r_4221,D-Iditol:NAD+ 2-oxidoreductase,Pentose and glucuronate interconversions,YDL246C
1003526,r_4222,ATP:alpha-D-galactose 1-phosphotransferase,Galactose metabolism,YDR009W
1003527,r_4223,3-Hydroxy-2-methylpropanoyl-CoA hydrolase,"Valine, leucine and isoleucine metabolism",YDR036C
1003528,r_4224,Sodium transport ATPase 5 (EC 3.6.3.7),"Transport [c, e]",YDR038C or YDR039C or YDR040C
1003529,r_4225,Broad-range acid phosphatase DET1 (EC 3.1.3.-) (Decreased ergosterol transport protein 1),"Transport [c, e]",YDR051C or YOL075C
1003530,r_4226,L-Alanine:2-oxoglutarate aminotransferase,"Alanine, aspartate and glutamate metabolism",YDR111C
1003531,r_4227,2-phenylacetamide amidohydrolase,Phenylalanine metabolism,YDR242W
1003532,r_4228,Indole-3-acetamide amidohydrolase,Tryptophan metabolism,YDR242W
1003533,r_4230,Probable amidase (EC 3.5.1.4),Alternate carbon metabolism,YDR242W
1003534,r_4231,Acylamide aminohydrolase,Other,YDR242W
1003535,r_4232,ATP:D-Gluconate 6-phosphotransferase,Pentose phosphate pathway,YDR248C
1003536,r_4233,S-Adenosyl-L-methionine:protein-C-terminal-S-farnesyl-L-cysteine O-methyltransferase,Terpenoid backbone biosynthesis,YDR410C
1003537,r_4234,Phosphatidylinositol N-acetylglucosaminyltransferase subunit GPI19 (GPI-GlcNAc transferase complex subunit GPI19) (GPI-GnT subunit GPI19) (EC 2.4.1.198),Glycosylphosphatidylinositol (gpi)-anchor biosynthesis,YDR437W and YGR216C and YNL038W and YPL076W and YPL175W and YPL096C-A
1003538,r_4236,(R)-lactate hydro-lyase,Pyruvate metabolism,YDR533C or YMR322C or YOR391C or YPL280W
1003539,r_4237,Calcium-transporting ATPase 2 (EC 3.6.3.8) (Vacuolar Ca(2+)-ATPase),"Transport [c, v]",YGL006W
1003540,r_4238,Calcium-transporting ATPase 2 (EC 3.6.3.8) (Golgi Ca(2+)-ATPase),"Transport [c, g]",YGL167C
1003541,r_4239,L-arginyl-tRNA(Arg):protein arginyltransferase,tRNA metabolism,YGL017W
1003542,r_4241,Mannosyl-oligosaccharide glucosidase (EC 3.2.1.106) (Processing A-glucosidase I) (Glucosidase I),N-glycan biosynthesis,YGL027C
1003543,r_4242,"Initiation-specific alpha-1,6-mannosyltransferase (EC 2.4.1.232) (Outer chain elongation protein 1)",N-glycan biosynthesis,YGL038C
1003544,r_4243,"Alpha-1,3/1,6-mannosyltransferase ALG2 (EC 2.4.1.132) (EC 2.4.1.257) (Asparagine-linked glycosylation protein 2) (GDP-Man:Man(1)GlcNAc(2)-PP-Dol alpha-1,3-mannosyltransferase) (GDP-Man:Man(1)GlcNAc(2)-PP-dolichol mannosyltransferase) (GDP-Man:Man(2)GlcNAc(2)-PP-Dol alpha-1,6-mannosyltransferase)",N-glycan biosynthesis,YGL065C
1003545,r_4244,GDP-D-mannose:D-Man-alpha-(1->3)-D-Man-beta-(1->4)-D-GlcNAc-beta-(1->4)-D-GlcNAc-diphosphodolichol alpha-6-mannosyltransferase,N-glycan biosynthesis,YGL065C
1003546,r_4245,2-O-(6-phospho-alpha-D-mannosyl)-D-glycerate 6-phosphomannohydrolase,Fructose and mannose metabolism,YGL156W
1003547,r_4246,Alpha-mannosidase (EC 3.2.1.24) (Alpha-D-mannoside mannohydrolase),Fructose and mannose metabolism,YGL156W
1003548,r_4247,"ATP:L-threonyl,bicarbonate adenylyltransferase",Threonylcarbamoyladenosine metabolism,YGL169W
1003549,r_4248,D-serine ammonia-lyase,"Glycine, serine and threonine metabolism",YGL196W
1003550,r_4249,O3-acetyl-L-serine:hydrogen-sulfide 2-amino-2-carboxyethyltransferase; O3-acetyl-L-serine acetate-lyase (adding hydrogen sulfide),Cysteine and methionine metabolism,YGR012W
1003551,r_4250,Dolichyl-diphosphate phosphohydrolase,N-glycan biosynthesis,YGR036C
1003552,r_4251,CTP:phosphatidate cytidyltransferase,Glycerophospholipid metabolism,YGR046W
1003553,r_4252,Thiamine thiazole synthase (Thiazole biosynthetic enzyme),Thiamine metabolism,YGR144W
1003554,r_4253,"dolichyl beta-D-glucosyl phosphate:D-Glc-alpha-(1->3)-D-Glc-alpha-(1->3)-D-Man-alpha-(1->2)-D-Man-alpha-(1->2)-D-Man-alpha-(1->3)-[D-Man-alpha-(1->2)-D-Man-alpha-(1->3)-[D-Man-alpha-(1->2)-D-Man-alpha-(1->6)]-D-Man-alpha-(1->6)]-D-Man-beta-(1->4)-D-GlcNAc-beta-(1->4)-D-GlcNAc-diphosphodolichol alpha-1,2-glucosyltransferase",N-glycan biosynthesis,YGR227W
1003555,r_4254,"nitric oxide, NADH2:oxygen oxidoreductase",Nitrogen metabolism,YGR234W
1003556,r_4255,"nitric oxide, NADPH2:oxygen oxidoreductase",Nitrogen metabolism,YGR234W
1003557,r_4256,Putative lipoate-protein ligase A (EC 6.3.1.20) (Altered inheritance rate of mitochondria protein 22),Lipoic acid metabolism,YJL046W
1003558,r_4258,[lipoyl-carrier protein]-L-lysine:lipoate ligase (AMP-forming),Lipoic acid metabolism,YJL046W
1003559,r_4260,Deaminated glutathione amidase (dGSH amidase) (EC 3.5.1.-) (Nitrilase homolog 1),Glutathione metabolism,YJL126W
1003560,r_4261,Deaminated glutathione amidase (dGSH amidase) (EC 3.5.1.-) (Nitrilase homolog 1),Glutathione metabolism,YJL126W
1003561,r_4262,citrate hydroxymutase,Lysine metabolism,YJL200C
1003562,r_4263,Anion/proton exchange transporter GEF1 (CLC protein GEF1) (ClC-A) (ClC-Y1) (Voltage-gated chloride channel) [Cleaved into: GEF1 N-terminal; GEF1 C-terminal],"Transport [c, g]",YJR040W
1003563,r_4264,succinate:NAD+ oxidoreductase,Cellular response to anaerobic conditions,YJR051W
1003564,r_4265,nucleoside-triphosphate diphosphohydrolase,Purine metabolism,YJR069C
1003565,r_4266,Inosine triphosphate pyrophosphatase (ITPase) (Inosine triphosphatase) (EC 3.6.1.9) (Hydroxylaminopurine sensitivity protein 1) (Non-canonical purine NTP pyrophosphatase) (Non-standard purine NTP pyrophosphatase) (Nucleoside-triphosphate diphosphatase) (Nucleoside-triphosphate pyrophosphatase) (NTPase),Purine metabolism,YJR069C
1003566,r_4267,2'-Deoxyguanosine 5'-triphosphate diphosphohydrolase,Purine metabolism,YJR069C
1003567,r_4268,dTTP diphosphohydrolase,Purine metabolism,YJR069C
1003568,r_4269,Inosine triphosphate pyrophosphatase (ITPase) (Inosine triphosphatase) (EC 3.6.1.9) (Hydroxylaminopurine sensitivity protein 1) (Non-canonical purine NTP pyrophosphatase) (Non-standard purine NTP pyrophosphatase) (Nucleoside-triphosphate diphosphatase) (Nucleoside-triphosphate pyrophosphatase) (NTPase),Purine metabolism,YJR069C
1003569,r_4270,superoxide:superoxide oxidoreductase,Superoxide metabolism,YJR104C
1003570,r_4271,"Endoplasmic reticulum mannosyl-oligosaccharide 1,2-alpha-mannosidase (EC 3.2.1.113) (ER alpha-1,2-mannosidase) (Man(9)-alpha-mannosidase)",N-glycan biosynthesis,YJR131W or YLR057W
1003571,r_4272,"alpha 1,2-mannosyloligosaccharide alpha-D-mannohydrolase",N-glycan biosynthesis,YJR131W or YLR057W
1003572,r_4273,ethylnitronate:oxygen 2-oxidoreductase (nitrite-forming),Nitrogen metabolism,YJR149W
1003573,r_4274,O-Succinyl-L-homoserine succinate-lyase (deaminating; 2-oxobutanoate-forming),Cysteine and methionine metabolism,YLL058W or YML082W
1003574,r_4275,Fe(II):NADP+ oxidoreductase,Porphyrin and chlorophyll metabolism,YLR047C or YKL220C or YLR214W or YNR060W or YOL152W or YOR381W or YOR384W
1003575,r_4276,Fe(II):NADP+ oxidoreductase,Porphyrin and chlorophyll metabolism,YLL051C
1003576,r_4277,acyl-CoA:sn-glycerol-3-phosphate 1-O-acyltransferase,Glycerolipid metabolism,YLR099C or YPR139C
1003577,r_4278,diphthine:ammonia ligase (AMP-forming),Peptidyl-diphthamide biosynthetic process,YLR143W
1003578,r_4279,8-oxo-dGTP diphosphohydrolase,DNA repair,YLR151C
1003579,r_4280,octanoyl-[acp]:protein N6-octanoyltransferase,Lipoic acid metabolism,YLR239C
1003580,r_4281,lipoyl-[acp]:protein N6-lipoyltransferase,Lipoic acid metabolism,YLR239C
1003581,r_4282,ATP:D-fructose-6-phosphate 2-phosphotransferase,Fructose and mannose metabolism,YLR345W
1003582,r_4283,ATP:D-fructose 6-phosphotransferase,Glycolysis / gluconeogenesis,YLR446W
1003583,r_4284,ATP:beta-D-glucose 6-phosphotransferase,Glycolysis / gluconeogenesis,YLR446W
1003584,r_4285,ATP:alpha-D-glucose 6-phosphotransferase,Glycolysis / gluconeogenesis,YLR446W
1003585,r_4286,ATP:D-glucosamine 6-phosphotransferase,Glycolysis / gluconeogenesis,YLR446W
1003586,r_4287,ATP:D-fructose 6-phosphotransferase,Glycolysis / gluconeogenesis,YLR446W
1003587,r_4288,alpha-D-Glucose 6-phosphate ketol-isomerase,Glycolysis / gluconeogenesis,YMR099C
1003588,r_4291,D-Glyceraldehyde:NAD+ oxidoreductase,Glycerolipid metabolism,YMR110C
1003589,r_4292,4-Aminobutyraldehyde:NAD+ oxidoreductase,Arginine and proline metabolism,YMR110C
1003590,r_4293,4-aminobutanal:NAD+ 1-oxidoreductase; 4-aminobutyraldehyde:NAD+ oxidoreductase,Arginine and proline metabolism,YMR110C
1003591,r_4294,Indole-3-acetaldehyde:NAD+ oxidoreductase,Tryptophan metabolism,YMR110C
1003592,r_4295,2-Propyn-1-al:NAD+ oxidoreductase,Sphingolipid metabolism,YMR110C
1003593,r_4296,D-Glucuronolactone:NAD+ oxidoreductase,Ascorbate and aldarate metabolism,YMR110C
1003594,r_4297,4-Trimethylammoniobutanal:NAD+ 1-oxidoreductase; 4-Trimethylammoniobutanal:NAD+ oxidoreductase,Ascorbate and aldarate metabolism,YMR110C
1003595,r_4298,(S)-Methylmalonate semialdehyde:NAD+ oxidoreductase,"Valine, leucine and isoleucine metabolism",YMR110C
1003596,r_4299,Imidazole acetaldehyde:NAD+ oxidoreductase,Histidine metabolism,YMR110C
1003597,r_4300,"3alpha,7alpha-Dihydroxy-5beta-cholestan-26-al:NAD+ oxidoreductase",Sphingolipid metabolism,YMR110C
1003598,r_4301,5-Hydroxyindoleacetaldehyde:NAD+ oxidoreductase,Tryptophan metabolism,YMR110C
1003599,r_4302,N4-Acetylaminobutanal:NAD+ oxidoreductase,Arginine and proline metabolism,YMR110C
1003600,r_4303,Fatty aldehyde dehydrogenase HFD1 (EC 1.2.1.3),Alternate carbon metabolism,YMR110C
1003601,r_4304,Fatty aldehyde dehydrogenase HFD1 (EC 1.2.1.3),Alternate carbon metabolism,YMR110C
1003602,r_4305,Chloroacetaldehyde:NAD+ oxidoreductase,Alternate carbon metabolism,YMR110C
1003603,r_4306,Aldehyde:NAD+ oxidoreductase,Alternate carbon metabolism,YMR110C
1003604,r_4307,farnesal:NAD+ oxidoreductase,Insect hormone biosynthesis,YMR110C
1003605,r_4308,Probable phospholipid-transporting ATPase DNF3 (EC 3.6.3.1) (Aminophospholipid translocase) (APT) (Phospholipid translocase) (PLT),"Transport [erm, gm]",YMR162C
1003606,r_4309,Putative esterase YMR210W (EC 3.1.1.-),Glycerophospholipid metabolism,YMR210W
1003607,r_4310,"GDP-mannose:glycolipid 1,2-alpha-D-mannosyltransferase",N-glycan biosynthesis,YNL048W
1003608,r_4311,"GDP-mannose:glycolipid 1,2-alpha-D-mannosyltransferase",N-glycan biosynthesis,YNL048W
1003609,r_4312,S-adenosyl-L-methionine:carnosine N-methyltransferase,Histidine metabolism,YNL092W
1003610,r_4313,"Alpha-1,2-mannosyltransferase ALG9 (EC 2.4.1.259) (EC 2.4.1.261) (Asparagine-linked glycosylation protein 9) (Dol-P-Man:Man(6)GlcNAc(2)-PP-Dol alpha-1,2-mannosyltransferase) (Dol-P-Man:Man(8)GlcNAc(2)-PP-Dol alpha-1,2-mannosyltransferase)",N-glycan biosynthesis,YNL219C
1003611,r_4314,"Alpha-1,2-mannosyltransferase ALG9 (EC 2.4.1.259) (EC 2.4.1.261) (Asparagine-linked glycosylation protein 9) (Dol-P-Man:Man(6)GlcNAc(2)-PP-Dol alpha-1,2-mannosyltransferase) (Dol-P-Man:Man(8)GlcNAc(2)-PP-Dol alpha-1,2-mannosyltransferase)",N-glycan biosynthesis,YNL219C
1003612,r_4315,Glycolate:NAD+ oxidoreductase,Glyoxylate and dicarboxylate metabolism,YNL274C
1003613,r_4316,"Dol-P-Man:Man(7)GlcNAc(2)-PP-Dol alpha-1,6-mannosyltransferase (EC 2.4.1.260) (Asparagine-linked glycosylation protein 12) (Dolichyl-P-Man:Man(7)GlcNAc(2)-PP-dolichyl-alpha-1,6-mannosyltransferase) (Extracellular mutant protein 39) (Mannosyltransferase ALG12)",N-glycan biosynthesis,YNR030W
1003614,r_4317,sucrose glucohydrolase,Starch and sucrose metabolism,YOL157C
1003615,r_4318,Isomaltose 6-alpha-D-glucanohydrolase,Starch and sucrose metabolism,YOL157C
1003616,r_4319,Dextrin 6-alpha-D-glucanohydrolase,Starch and sucrose metabolism,YOL157C
1003617,r_4320,"dolichyl beta-D-glucosyl phosphate:D-Man-alpha-(1->2)-D-Man-alpha-(1->2)-D-Man-alpha-(1->3)-[D-Man-alpha-(1->2)-D-Man-alpha-(1->3)-[D-Man-alpha-(1->2)-D-Man-alpha-(1->6)]-D-Man-alpha-(1->6)]-D-Man-beta-(1->4)-D-GlcNAc-beta-(1->4)-D-GlcNAc-diphosphodolichol alpha-1,3-glucosyltransferase",N-glycan biosynthesis,YOR002W
1003618,r_4321,"dolichyl beta-D-glucosyl phosphate:D-Glc-alpha-(1->3)-D-Man-alpha-(1->2)-D-Man-alpha-(1->2)-D-Man-alpha-(1->3)-[D-Man-alpha-(1->2)-D-Man-alpha-(1->3)-[D-Man-alpha-(1->2)-D-Man-alpha-(1->6)]-D-Man-alpha-(1->6)]-D-Man-beta-(1->4)-D-GlcNAc-beta-(1->4)-D-GlcNAc-diphosphodolichol alpha-1,3-glucosyltransferase",N-glycan biosynthesis,YOR067C
1003619,r_4322,GPI mannosyltransferase 4 (EC 2.4.1.-) (GPI mannosyltransferase IV) (GPI-MT-IV),Glycosylphosphatidylinositol (gpi)-anchor biosynthesis,YOR149C
1003620,r_4323,protein N6-(octanoyl)lysine:sulfur sulfurtransferase,Lipoic acid metabolism,YOR196C
1003621,r_4324,octanoyl-[acp]:sulfur sulfurtransferase,Lipoic acid metabolism,YOR196C
1003622,r_4325,"Iron sulfur cluster assembly protein 2, mitochondrial (Iron sulfur cluster scaffold protein 2)",Cysteine and methionine metabolism,YOR226C or YPL135W
1003623,r_4326,thiosulfate:cyanide sulfurtranserase,Sulfur metabolism,YOR251C or YOR285W or YOR286W
1003624,r_4327,"Magnesium transporter MRS2, mitochondrial (RNA-splicing protein MRS2)","Transport [c, m]",YOR334W or YPL060W
1003625,r_4328,UDPglucose:dolichyl-phosphate beta-D-glucosyltransferase,N-glycan biosynthesis,YPL227C
1003626,r_4329,Putative sulfate transporter YPR003C,"Transport [c, er]",YPR003C
1003627,r_4330,Pyridoxine:NADP+ 4-oxidoreductase,Vitamin b6 metabolism,YPR127W
1003628,r_4331,"[1,4-(N-Acetyl-beta-D-glucosaminyl)]n glycanohydrolase",Amino sugar and nucleotide sugar metabolism,YDR371W or YLR286C
1003629,r_4332,Protein PNS1 (pH nine-sensitive protein 1),"Transport [c, e]",YOR161C
1003630,r_4333,Polyphosphate phosphohydrolase,Purine metabolism,YHR201C or YDR452W
1003631,r_4334,Copper-transporting ATPase (EC 3.6.3.54) (Cu(2+)-ATPase),"Transport [c, g]",YDR270W
1003632,r_4335,Endopolyphosphatase (EC 3.6.1.10) (Deoxyadenosine triphosphate phosphohydrolase) (dATP phosphohydrolase) (EC 3.6.1.-) (Exopolyphosphatase) (EC 3.6.1.11) (Phosphate metabolism protein 5),Purine metabolism,YDR452W
1003633,r_4336,Monoamide of a dicarboxylic acid amidohydrolase,"Alanine, aspartate and glutamate metabolism",YLR351C
1003634,r_4337,"Iron-sulfur clusters transporter ATM1, mitochondrial","Transport [c, m]",YMR301C
1003635,r_4338,"Oligo-1,6-glucosidase IMA2 (EC 3.2.1.10) (Alpha-glucosidase) (Isomaltase 2)",Starch and sucrose metabolism,YOL157C
1003636,r_4339,UDP-N-acetylglucosamine transporter YEA4,"Transport [er, g]",YEL004W
1003637,r_4340,D-amino-acid N-acetyltransferase HPA3 (DNT) (EC 2.3.1.36) (EC 2.3.1.48) (Histone and other protein acetyltransferase 3),Phenylalanine metabolism,YEL066W
1003638,r_4341,glycerol 2-phosphate(2-) transport,"Transport [c, e]",
1003639,r_4342,Glycerol-2-phosphate phosphohydrolase,Glycerolipid metabolism,
1003640,r_4343,L-Threonine phosphate transport in via proton symport,"Transport [c, e]",
1003641,r_4344,acid phosphatase / phosphotransferase,"Glycine, serine and threonine metabolism",
1003642,r_4345,alkaline phosphatase,Purine metabolism,
1003643,r_4346,Guanosine transport via proton symport,"Transport [c, e]",
1003644,r_4347,Guanosine 3'-phosphate phosphohydrolase,Purine metabolism,
1003645,r_4348,Guanosine transport via proton symport(for 3'-GMP),"Transport [c, e]",
1003646,r_4349,2-Phosphoglycolate transport in/out via proton symport,"Transport [c, e]",
1003647,r_4350,2-phosphoglycolate phosphohydrolase,Glyoxylate and dicarboxylate metabolism,
1003648,r_4351,alkaline phosphatase,Taurine and hypotaurine metabolism,
1003649,r_4352,cysteamine S-phosphate transport via proton symport,"Transport [c, e]",
1003650,r_4353,Cysteamine:oxygen oxidoreductase,Taurine and hypotaurine metabolism,
1003651,r_4354,hypotaurine:NAD+ oxidoreductase,Sulfur metabolism,
1003652,r_4355,2-aminobutanoate:2-oxoglutarate aminotransferase,Cysteine and methionine metabolism,
1003653,r_4356,2-aminobutyrate transport,"Transport [c, e]",
1003654,r_4357,alkaline phosphatase,Pyrimidine metabolism,
1003655,r_4358,Uridine 2'-phosphate transport in via proton symport,"Transport [c, e]",
1003656,r_4359,Uridine 3'-monophosphate phosphohydrolase,Pyrimidine metabolism,
1003657,r_4360,3'-UMP transport in via proton symport,"Transport [c, e]",
1003658,r_4361,Gly-Met transport via proton symport,"Transport [c, e]",YJR152W or YKR093W
1003659,r_4362,dipeptidase,Dipeptidases,
1003660,r_4363,R07420,Arginine and proline metabolism,
1003661,r_4364,N-phosphocreatine transport,"Transport [c, e]",
1003662,r_4365,creatinine transport,"Transport [c, e]",
1003663,r_4366,ATP:L-arginine Nomega-phosphotransferase,Arginine and proline metabolism,
1003664,r_4367,L-arginine phosphate transport in/out via proton symport,"Transport [c, e]",
1003665,r_4368,acid phosphatase / phosphotransferase,Tyrosine metabolism,
1003666,r_4369,Tripolyphosphate transport in via proton symport,"Transport [c, e]",
1003667,r_4370,alkaline phosphatase,Pyrimidine metabolism,
1003668,r_4371,Cytidine- 2'- Monophosphate transport in via proton symport,"Transport [c, e]",
1003669,r_4372,cyclic phosphodiesterase,Cyclic nucleotide metabolism,YGR247W
1003670,r_4373,"2',3'-Cyclic UMP transport in via proton symport","Transport [c, e]",
1003671,r_4374,3-Sulfino-L-alanine 4-carboxy-lyase,Cysteine and methionine metabolism,
1003672,r_4375,3-Sulfino-L-alanine transport via proton antiport,"Transport [c, e]",
1003673,r_4376,adenosine 3'-phosphate phosphohydrolase,Purine metabolism,
1003674,r_4377,3AMP transport via diffusion (extracellular to periplasm),"Transport [c, e]",
1003675,r_4378,alpha-glucosidase,Starch and sucrose metabolism,
1003676,r_4379,Palatinose transport in via proton symport,"Transport [c, e]",
1003677,r_4380,Amino-Acid N-Acetyltransferase,Cysteine and methionine metabolism,
1003678,r_4381,Acetylcysteine transport via proton symport,"Transport [c, e]",
1003679,r_4382,thiosulfate:ferricytochrome-c oxidoreductase,Oxidative phosphorylation,
1003680,r_4383,etrathionate transport via diffusion,"Transport [c, e]",
1003681,r_4384,D-Gluconate:NADP+ 5-oxidoreductase,Pentose phosphate pathway,
1003682,r_4385,5-Dehydro-D-gluconate transport via proton symport,"Transport [c, e]",
1003683,r_4386,dipeptidase,Dipeptidases,
1003684,r_4387,ala-L-asp-L transport via proton symport,"Transport [c, e]",YJR152W or YKR093W
1003685,r_4388,cyclic phosphodiesterase,Cyclic nucleotide metabolism,YGR247W
1003686,r_4389,"2',3'-Cyclic CMP transport in via proton symport","Transport [c, e]",
1003687,r_4390,beta-glucosidase (methyl-alpha-D-glucoside),Alternate carbon metabolism,
1003688,r_4391,Methanol diffusion,"Transport [c, e]",
1003689,r_4392,alpha-Methyl-D-glucoside transport via proton symport,"Transport [c, e]",
1003690,r_4393,ATP:D-tagatose 6-phosphotransferase,Galactose metabolism,
1003691,r_4394,D-tagatose 6-phosphate 4-epimerase,Galactose metabolism,
1003692,r_4395,D-tagatose uptake via diffusion,"Transport [c, e]",YDL245C or YDR342C or YDR343C or YDR345C or YEL069C or YFL011W or YHR092C or YHR094C or YHR096C or YJL214W or YJL219W or YJR158W or YMR011W or YNR072W or YOL156W
1003693,r_4396,Acetoacetate:CoA ligase (AMP-forming),Butanoate metabolism,
1003694,r_4397,N-Acyl-Aliphatic-L-Amino Acid Amidohydrolase,Cysteine and methionine metabolism,
1003695,r_4398,Ala-Gln transport via proton symport,"Transport [c, e]",YJR152W or YKR093W
1003696,r_4399,L-alanyl-L-glutamate transport in via proton symport,"Transport [c, v]",
1003697,r_4400,Maltodextrin glucosidase (maltotriose),Starch and sucrose metabolism,YBR299W or YGR292W
1003698,r_4401,Ala-Thr transport via proton symport,"Transport [c, v]",
1003699,r_4402,Ala-Thr transport via proton symport (extracellular to cytosol),"Transport [c, e]",YJR152W or YKR093W
1003700,r_4403,Triphosphate phosphohydrolase,Purine metabolism,YHR201C or YDR452W
1003701,r_4404,Gly-Asn transport via proton symport (extracellular to cytosol),"Transport [c, e]",YJR152W or YKR093W
1003702,r_4405,glycerol 1-phosphate transport,"Transport [c, e]",
1003703,r_4406,D-O-Phosphoserine transport in/out via proton symport,"Transport [c, e]",
1003704,r_4407,D-O-Phosphoserine phosphohydrolase,"Glycine, serine and threonine metabolism",
1003705,r_4408,L-alanyl-L-glutamate transport in via proton symport,"Transport [c, e]",YJR152W or YKR093W
1003706,r_4409,L-alanyl-gamma-L-glutamate peptidase,Dipeptidases,
1003707,r_4410,3-oxalomalate glyoxylate-lyase (oxaloacetate-forming),Glyoxylate and dicarboxylate metabolism,
1003708,r_4411,L-cysteate bisulfite-lyase (deaminating),Cysteine and methionine metabolism,
1003709,r_4412,cyclic phosphodiesterase,Purine metabolism,YGR247W
1003710,r_4413,deoxynucleotide 3'-phosphatase,Pyrimidine metabolism,
1003711,r_4414,cytosol nonspecific dipeptidase,Dipeptidases,
1003712,r_4415,Cytosol non-specific dipeptidase,Dipeptidases,
1003713,r_4416,Cytosol non-specific dipeptidase,Dipeptidases,
1003714,r_4417,Cytosol non-specific dipeptidase,Dipeptidases,
1003715,r_4418,Cytosol non-specific dipeptidase,Dipeptidases,
1003716,r_4419,L-Cysteate transport via proton symport,"Transport [c, e]",
1003717,r_4420,alpha-glucosidase,Starch and sucrose metabolism,YBR299W or YGR292W
1003718,r_4421,2-Hydroxyethanesulfonate transport via proton symport,"Transport [c, e]",
1003719,r_4422,3-Oxalomalate transport via proton symport,"Transport [c, e]",
1003720,r_4423,Gly-Met transport via proton symport,"Transport [c, v]",
1003721,r_4424,Gly-Gln transport via proton symport,"Transport [c, e]",YJR152W or YKR093W
1003722,r_4425,Gly-Gln transport via proton symport,"Transport [c, v]",
1003723,r_4426,Ala-Gln transport via proton symport,"Transport [c, v]",
1003724,r_4427,N-Acetylmethionine transport via proton symport,"Transport [c, e]",
1003725,r_4428,Phosphotyrosine transport via proton symport,"Transport [c, e]",
1003726,r_4429,Ala-His transport via proton symport,"Transport [c, e]",YJR152W or YKR093W
1003727,r_4430,Ala-His transport via proton symport,"Transport [c, v]",
1003728,r_4431,ala-L-asp-L transport via proton symport,"Transport [c, v]",
1003729,r_4432,FMNH2-dependent alkanesulfonate monooxygenase,Sulfur metabolism,
1003730,r_4433,thymidine 3-monophosphate transport,"Transport [c, e]",
1003731,r_4434,thymidine 5-monophosphate transport,"Transport [c, e]",
1003732,r_4435,glycerol-1-phosphate phosphohydrolase,Glycerolipid metabolism,YIL053W or YER062C
1003733,r_4436,nucleotide-specific phosphatase (thymidine 5'-monophosphate),Pyrimidine metabolism,
1003734,r_4437,Gly-Glu transport via proton symport (extracellular to cytosol),"Transport [c, e]",YJR152W or YKR093W
1003735,r_4438,Gly-Glu transport via proton symport (cytosol to vacuole),"Transport [c, v]",
1003736,r_4439,cytosol nonspecific dipeptidase,Dipeptidases,
1003737,r_4440,"L-methionine transport, vacuoluar","Transport [c, v]",
1003738,r_4441,"L-threonine transport, vacuoluar","Transport [c, v]",
1003739,r_4443,23cGMP transport via diffusion (extracellular to periplasm),"Transport [c, e]",
1003740,r_4444,D-Glycerate 2-phosphate transport in/out via proton symport,"Transport [c, e]",
1003741,r_4445,3-Phospho-D-glycerate transport in/out via proton symport,"Transport [c, e]",
1003742,r_4446,D-glucose 1-phosphate transport via diffusion,"Transport [c, e]",
1003743,r_4447,carbamoyl phosphate nuclear transport via diffusion,"Transport [c, e]",
1003744,r_4448,Met-Ala transport via proton symport (extracellular to cytosol),"Transport [c, e]",YJR152W or YKR093W
1003745,r_4449,Met-Ala transport via proton symport (cytosol to vacuole),"Transport [c, v]",
1003746,r_4450,O-Phospho-L-serine transport in via proton symport,"Transport [c, e]",
1003747,r_4451,GMP transport via proton symport,"Transport [c, e]",
1003748,r_4452,myo-inositol phosphate transport via diffusion (extracellular to periplasm),"Transport [c, e]",
1003749,r_4453,D-glucose 6-phosphate transport,"Transport [c, e]",
1003750,r_4454,UMP transport,"Transport [c, e]",
1003751,r_4455,Phosphoenolpyruvate transport in via proton symport,"Transport [c, e]",
1003752,r_4456,Mannose 6-phosphate transport via diffusion (extracellular to periplasm),"Transport [c, e]",
1003753,r_4457,O-Phosphoryl-Ethanolamine transport in via proton symport,"Transport [c, e]",YDR093W
1003754,r_4458,6-Phospho-D-gluconate transport in/out via proton symport,"Transport [c, e]",
1003755,r_4459,MAN1P transport in/out via proton symport,"Transport [c, e]",
1003756,r_4460,Pyrophosphate transport in via proton symport,"Transport [c, e]",
1003757,r_4461,Choline phosphate intracellular transport,"Transport [c, e]",
1003758,r_4462,thiosulfate transport,"Transport [c, e]",
1003759,r_4463,AMP transport in/out via proton symport,"Transport [c, e]",
1003760,r_4464,23cAMP transport via diffusion (extracellular to periplasm),"Transport [c, e]",
1003761,r_4465,Adenosine- 2'-Monophosphate transport in via proton symport,"Transport [c, e]",
1003762,r_4466,CMP transport in/out via proton symport,"Transport [c, e]",
1003763,r_4467,D-glucosamine transport via diffusion (extracellular to periplasm),"Transport [c, e]",
1003764,r_4468,2-deoxy-D-ribose transport,"Transport [c, e]",YDR342C or YHR092C
1003765,r_4469,L-Citrulline transport in via proton symport,"Transport [c, e]",YKR039W
1003766,r_4470,Dihydroxyacetone transport via facilitated diffusion,"Transport [c, e]",
1003767,r_4471,Ala-Leu transport via proton symport (extracellular to cytosol),"Transport [c, e]",YJR152W or YKR093W
1003768,r_4472,Ala-Leu transport via proton symport (cytosol to vacuole),"Transport [c, v]",
1003769,r_4473,L-alanylglycine transport via proton antiport,"Transport [c, e]",YJR152W or YKR093W
1003770,r_4474,L-alanylglycine transport via proton antiport,"Transport [c, v]",
1003771,r_4475,N-acetyl-L-glutamate transport,"Transport [c, e]",
1003772,r_4476,N-acetyl-L-glutamate transport,"Transport [c, m]",
1003773,r_4477,Lipoamide transport via proton symport,"Transport [c, e]",
1003774,r_4478,L-methionine S-oxide transport via diffusion (extracellular),"Transport [c, e]",
1003775,r_4479,Gly-Asn transport via proton symport,"Transport [c, v]",
1003776,r_4480,Cysteamine transport via proton antiport,"Transport [c, e]",
1003777,r_4481,Hydrogen sulfide oxidation,Sulfur metabolism,
1003778,r_4482,L-alanine transport in via proton symport,"Transport [c, v]",
1003779,r_4483,Glycine transport (vacuole),"Transport [c, v]",
1003780,r_4484,O4-succinyl-L-homoserine:hydrogen sulfide S-(3-amino-3-carboxypropyl)transferase; O-succinyl-L-homoserine succinate-lyase (adding hydrogen sulfide),Cysteine and methionine metabolism,YJR130C or YLL058W or YML082W
1003781,r_4485,"4-Hydroxyphenylpyruvate:oxygen oxidoreductase (hydroxylating,decarboxylating)",Tyrosine metabolism,
1003782,r_4486,"Homogentisate:oxygen 1,2-oxidoreductase (decyclizing)",Tyrosine metabolism,
1003783,r_4487,4-Maleylacetoacetate cis-trans-isomerase,Tyrosine metabolism,
1003784,r_4488,4-fumarylacetoacetate fumarylhydrolase,Tyrosine metabolism,
1003785,r_4489,L-arabinitol:NAD+ 4-oxidoreductase (L-xylulose-forming),Pentose and glucuronate interconversions,
1003786,r_4490,Xylitol:NADP+ 4-oxidoreductase (L-xylulose-forming),Pentose and glucuronate interconversions,
1003787,r_4491,arabinose reductase (D-arabinose),Alternate carbon metabolism,
1003788,r_4492,D-arabinitol:NAT 4-oxidoreductase,Pentose and glucuronate interconversions,
1003789,r_4493,Acetoacetate transport via diffusion,"Transport [c, e]",YNL065W
1003790,r_4495,alkaline phosphatase,Purine metabolism,
1003791,r_4567,6-phosphogluconate phosphatase,Pentose phosphate pathway,
1003792,r_4568,R06790,Phenylalanine metabolism,
1003793,r_4569,Carboxylic ester hydrolases,Alternate carbon metabolism,
1003794,r_4570,phosphoglycerate dehydrogenase,"Glycine, serine and threonine metabolism",YIL074C or YER081W
1003795,r_4571,seed:rxn00681,Glyoxylate and dicarboxylate metabolism,
1003796,r_4572,beta-alanine:2-oxoglutarate aminotransferase,Beta-alanine metabolism,
1003797,r_4573,"3-Oxopropanoate:NAD+ oxidoreductase (decarboxylating, CoA-acetylating)",Beta-alanine metabolism,
1003798,r_4574,"3-Oxopropanoate:NADP+ oxidoreductase (decarboxylating, CoA-acetylating)",Beta-alanine metabolism,
1003799,r_4575,3-oxopropanoate carboxy-lyase,Alternate carbon metabolism,
1003800,r_4581,"(2R,3S)-3-methylmalate:NAD+ oxidoreductase","Valine, leucine and isoleucine metabolism",
1003801,r_4582,malate/beta-methylmalate synthase,Glyoxylate and dicarboxylate metabolism,
1003802,r_4583,palmitoyl-CoA hydrolase,Biosynthesis of unsaturated fatty acids,
1003803,r_4584,long-chain-fatty-acid---CoA ligase,Fatty acid biosynthesis,YOR317W or YER015W or YMR246W or YIL009W
1003804,r_4585,a-galactosidase (stachyose),Galactose metabolism,
1003805,r_4586,stachyose synthase,Galactose metabolism,
1003806,r_4587,Ca(2+) transport,"Transport [c, e]",YOL122C
1003807,r_4588,chloride transport,"Transport [c, e]",YNL275W
1003808,r_4589,Cu2(+) transport,"Transport [c, e]",YOL122C
1003809,r_4590,Mn(2+) transport,"Transport [c, e]",YOL130W
1003810,r_4591,Zn(2+) transport,"Transport [c, e]",YGL255W or YLR130C
1003811,r_4592,Mg(2+) transport,"Transport [c, e]",YGR191W or YOL130W
1003812,r_4598,cofactor pseudoreaction,Growth,
1003813,r_4599,ion pseudoreaction,Growth,
1003814,r_4601,3-(4-hydroxyphenyl)pyruvate transport,"Transport [c, p]",
1003815,r_4602,acetate transport,"Transport [c, er]",
1003816,r_4603,ADP-ribose transport,"Transport [c, n]",
1003817,r_4604,farnesyl diphosphate transport,"Transport [c, lp]",
1003818,r_4605,nicotinate transport,"Transport [c, m]",
1003819,r_4606,O-phosphoethanolamine transport,"Transport [c, er]",
1003820,r_4607,phosphate transport,"Transport [c, g]",
1003821,r_4608,propionyl-CoA transport,"Transport [c, m]",
1003822,r_4609,UDP transport,"Transport [c, g]",
1003823,r_4610,UDP transport,"Transport [c, n]",
1003824,r_4611,UMP transport,"Transport [c, g]",
1003825,r_4612,TRX1 disulphide transport,"Transport [c, n]",
1003826,r_4613,oleate transport,"Transport [c, m]",
1003827,r_4614,(R)-acetoin transport,"Transport [c, n]",
1003828,r_4615,L-glutamine transport,"Transport [c, m]",
1003829,r_4616,UMP transport,"Transport [c, er]",
1003830,r_4617,S-adenosyl-L-methionine transport,"Transport [c, n]",
1003831,r_4618,glutathione transport,"Transport [c, er]",
1003832,r_4619,ATP transport,"Transport [c, v]",
1003833,r_4620,D-mannose 6-phosphate transport,"Transport [c, v]",
1003834,r_4621,O-acetyl-L-serine transport,"Transport [c, m]",
1003835,r_4622,hydrogen sulfide transport,"Transport [c, m]",
1003836,r_4623,L-cysteinylglycine transport,"Transport [c, m]",
1003837,r_4624,ATP transport,"Transport [c, erm]",
1003838,r_4625,thiosulfate transport,"Transport [c, m]",
1003839,r_4626,sulphite transport,"Transport [c, m]",
1003840,r_4627,UDP-D-glucose transport,"Transport [c, er]",
1003841,r_4628,UDP-N-acetyl-alpha-D-glucosamine transport,"Transport [c, g]",
1003842,r_4629,alcohol acyltransferase (hexanoyl-CoA),Fatty acid ester pathway,YBR177C or YPL095C
1003843,r_4630,alcohol acyltransferase (octanoyl-CoA),Fatty acid ester pathway,YBR177C or YPL095C
1003844,r_4631,alcohol acyltransferase (butyryl-CoA),Fatty acid ester pathway,YBR177C or YPL095C
1003845,r_4632,alcohol acetyltransferase (hexanol),Fatty acid ester pathway,YGR177C or YOR377W or YGR015C
1003846,r_4633,alcohol acyltransferase (decanoyl-CoA),Fatty acid ester pathway,YBR177C or YPL095C
1003847,r_4634,"ethyl hexanoate transport, mitochondrial","Transport [c, m]",
1003848,r_4635,"ethyl octanoate transport, mitochondrial","Transport [c, m]",
1003849,r_4636,"ethyl butanoate transport, mitochondrial","Transport [c, m]",
1003850,r_4637,"hexyl acetate transport, mitochondrial","Transport [c, m]",
1003851,r_4638,"ethyl decanoate transport, mitochondrial","Transport [c, m]",
1003852,r_4639,ethyl hexanoate transport,"Transport [c, e]",
1003853,r_4640,ethyl octanoate transport,"Transport [c, e]",
1003854,r_4641,ethyl butanoate transport,"Transport [c, e]",
1003855,r_4642,hexyl acetate transport,"Transport [c, e]",
1003856,r_4643,ethyl decanoate transport,"Transport [c, e]",
1003857,r_4649,mitochondrial ethanol O-acetyltransferase,Fatty acid ester pathway,YGR015C
1003858,r_4650,"ethyl acetate transport, mitochondrial","Transport [c, m]",
1003859,r_4651,pyruvate decarboxylase (aldedyde-forming),Fatty acid ester pathway,YGR087C or YLR044C or YLR134W
1003860,r_4652,"aldehyde dehydrogenase (1-propanol, NAD)",Fatty acid ester pathway,YBR145W or YDL168W or YOL086C
1003861,r_4653,"aldehyde dehydrogenase (1-propanol, NAD)",Fatty acid ester pathway,YGL256W or YMR083W
1003862,r_4654,"aldehyde dehydrogenase (1-propanol, NADP)",Fatty acid ester pathway,YCR105W or YDR368W or YMR318C
1003863,r_4655,"1-propyl alcohol transport, mitochondrial","Transport [c, m]",
1003864,r_4656,"propanal transport, cytosol","Transport [c, e]",
1003865,r_4657,"1-propyl alcohol transport, cytosol","Transport [c, e]",
1003866,r_4660,2-oxo acid decarboxylase,Fatty acid ester pathway,YHR137W
1003867,r_4661,"aldehyde dehydrogenase (methionol, NAD)",Fatty acid ester pathway,YBR145W or YDL168W or YOL086C
1003868,r_4662,"aldehyde dehydrogenase (methionol, NAD)",Fatty acid ester pathway,YGL256W or YMR083W
1003869,r_4663,"aldehyde dehydrogenase (methionol, NADP)",Fatty acid ester pathway,YCR105W or YDR368W or YMR318C
1003870,r_4664,"methionol transport, mitochondrial","Transport [c, m]",
1003871,r_4665,"methional transport, cytosol","Transport [c, e]",
1003872,r_4666,"methionol transport, cytosol","Transport [c, e]",
1003873,r_4669,pyruvate decarboxylase (hydroxy-phenyl),Fatty acid ester pathway,YGR087C or YLR044C or YLR134W
1003874,r_4670,"aldehyde dehydrogenase (tyrosol, NAD)",Fatty acid ester pathway,YBR145W or YDL168W or YOL086C
1003875,r_4671,"aldehyde dehydrogenase (tyrosol, NAD)",Fatty acid ester pathway,YGL256W or YMR083W
1003876,r_4672,"aldehyde dehydrogenase (tyrosol, NADP)",Fatty acid ester pathway,YCR105W or YDR368W or YMR318C
1003877,r_4673,"tyrosol transport, mitochondrial","Transport [c, m]",
1003878,r_4674,"(4-hydroxyphenyl)acetaldehyde transport, cytosol","Transport [c, e]",
1003879,r_4675,"tyrosol transport, cytosol","Transport [c, e]",
1003880,r_4678,aldehyde dehydrogenase,Fatty acid ester pathway,YMR170C or YMR169C or YOR374W
1003881,r_4679,short-chain-fatty-acid-CoA ligase (propionate),Fatty acid ester pathway,YOR317W or YER015W or YIL009W or YMR246W
1003882,r_4680,alcohol acyltransferase (propionyl-CoA),Fatty acid ester pathway,YBR177C or YPL095C
1003883,r_4681,"propionyl-CoA transport, mitochondrial","Transport [p, m]",
1003884,r_4682,"butyryl-CoA transport, mitochondrial","Transport [p, m]",
1003885,r_4683,"hexanoyl-CoA transport, mitochondrial","Transport [p, m]",
1003886,r_4684,"octanoyl-CoA transport, mitochondrial","Transport [p, m]",
1003887,r_4685,"decanoyl-CoA transport, mitochondrial","Transport [p, m]",
1003888,r_4686,"propionate transport, cytosol","Transport [c, p]",
1003889,r_4687,alcohol acetyltransferase (tyrosol),Fatty acid ester pathway,YGR177C or YOR377W or YGR015C
1003890,r_4688,tyrosyl acetate transport,"Transport [c, e]",
1003891,r_4690,alcohol acetyltransferase (methionol),Fatty acid ester pathway,YGR177C or YOR377W or YGR015C
1003892,r_4691,methionyl acetate transport,"Transport [c, e]",
1003893,r_4693,alcohol acetyltransferase (propanol),Fatty acid ester pathway,YGR177C or YOR377W or YGR015C
1003894,r_4694,propyl acetate transport,"Transport [c, e]",
1003895,r_4697,"ethyl propionate transport, mitochondrial","Transport [c, m]",
1003896,r_4698,ethyl propionate transport,"Transport [c, e]",YNL065W or YKL217W
1003897,r_4700,hydrogen sulfide transport,"Transport[c, e]",YIL166C
1003898,r_4701,L-cysteine hydrogen-sulfide-lyase (deaminating; pyruvate-forming),Sulfur metabolism,YFR055W
1003899,r_4702,L-cysteine:2-oxoglutarate aminotransferase,Sulfur metabolism,
1003900,r_4703,3-mercaptopyruvate sulfurtransferase,Sulfur metabolism,YOR251C
1003901,r_4704,alkanesulfonate transport,"Transport[c, e]",YIL166C
1003902,r_4705,taurocholate transport,"Transport[c, e]",YIL166C
1003903,r_4706,alkanesulfonate dioxygenase,Sulfur metabolism,YLL057C
1003904,r_4707,trithionate thiosulfohydrolase,Sulfur metabolism,
1003905,r_4711,"ethyl-(2S)-lactate esterase, c",Fatty acid ester pathway,YOR126C
1003906,r_4712,"ethyl-(2R)-lactate esterase, c",Fatty acid ester pathway,YOR126C
1003907,r_4713,"diethyl-succinate esterase, c",Fatty acid ester pathway,YOR126C
1003908,r_4714,"monoethyl-succinate esterase, c",Fatty acid ester pathway,YOR126C
1003909,r_4715,"ethyl-benzoate esterase, c",Fatty acid ester pathway,YOR126C
1003910,r_4716,"ethyl-pyruvate esterase, c",Fatty acid ester pathway,YOR126C
1003911,r_4717,"benzyl-acetate esterase, c",Fatty acid ester pathway,YOR126C
1003912,r_4718,"isobutyraldehyde dehydrogenase, c",Fatty acid ester pathway,YOR374W or YPL061W
1003913,r_4719,"2-methylbutanal dehydrogenase, c",Fatty acid ester pathway,YOR374W or YPL061W
1003914,r_4720,"ethyl-isobutyrate esterase, c",Fatty acid ester pathway,YOR126C
1003915,r_4721,"ethyl-2-methylbutyrate esterase, c",Fatty acid ester pathway,YOR126C
1003916,r_4722,"polyphosphate polymerase, c",Oxidative phosphorylation,YJL012C
1003917,r_4723,"polyphosphate phosphohydrolase, v",Oxidative phosphorylation,YHR201C or YDR452W
1003918,r_4724,"polyphosphate phosphohydrolase, m",Oxidative phosphorylation,YHR201C or YDR452W
1003919,r_4725,"polyphosphate phosphohydrolase, n",Oxidative phosphorylation,YHR201C or YDR452W
1003920,r_4726,ethyl-(2S)-lactate transport,"Transport [c, e]",
1003921,r_4728,ethyl-(2R)-lactate transport,"Transport [c, e]",
1003922,r_4730,diethyl-succinate transport,"Transport [c, e]",
1003923,r_4732,monoethyl-succinate transport,"Transport [c, e]",
1003924,r_4734,ethyl-benzoate transport,"Transport [c, e]",
1003925,r_4736,ethyl-pyruvate transport,"Transport [c, e]",
1003926,r_4738,benzyl-acetate transport,"Transport [c, e]",
1003927,r_4740,ethyl-isobutyrate transport,"Transport [c, e]",
1003928,r_4742,ethyl-2-methylbutyrate transport,"Transport [c, e]",
1003929,r_4744,"polyphosphate transport, v-c","Transport [c, v]",
1003930,r_4745,"polyphosphate transport, c-m","Transport [c, m]",
1003931,r_4746,"polyphosphate transport, c-n","Transport [c, n]",
1003932,r_4747,cytidine kinase (ATP),Pyrimidine metabolism,YNR012W or YDR020C
1003933,r_4748,D-glyceraldehyde kinase,Fructose and mannose metabolism,YML070W or YFL053W
1003934,r_4749,adenosine phosphorylase,Purine metabolism,YLR209C
1003935,r_4750,D-glucose 1-epimerase,Glycolysis / gluconeogenesis,YBR019C
1003936,r_4751,D-phenylalanine N-acetyltransferase,Phenylalanine metabolism,YEL066W or YPR193C
1003937,r_4752,S-adenosylmethioninamine:cadaverine 3-aminopropyltransferase,Glutathione metabolism,YPR069C or YLR146C
1003938,r_4753,thiamine phosphate synthase,Thiamine metabolism,YPL214C
1003939,r_4754,flavin prenyltransferase,Riboflavin metabolism,YDR538W
1003940,r_4755,(R)-2-hydroxyglutarate:pyruvate oxidoreductase,Pyruvate metabolism,YDL178W or YEL071W
1003941,r_4756,cytidine nucleosidase,Pyrimidine metabolism,YDR400W
1003942,r_4757,D-ribulokinase,Alternate carbon metabolism,YDR109C
1003943,r_4758,deoxyguanosine phosphorylase,Purine metabolism,YLR209C
1003944,r_4759,deamino-NAD diphosphatase,Nicotinate and nicotinamide metabolism,YGL067W
1003945,r_4760,trans-4-hydroxy-L-proline dehydrogenase,Arginine and proline metabolism,YER023W
1003946,r_4761,3-hydroxykynurenine aminotransferase (2-oxoglutarate),Tryptophan metabolism,YJL060W
1003947,r_4762,(S)-3-hydroxyisobutyryl-CoA hydrolase,"Valine, leucine and isoleucine metabolism",YDR036C
1003948,r_4763,"meso-2,3-butanediol dehydrogenase",Butanoate metabolism,YAL061W or YAL060W
1003949,r_4764,5-methylcytosine deaminase,Pyrimidine metabolism,YPR062W
1003950,r_4765,ureidoglycolate hydrolase,Purine metabolism,YIR032C
1003951,r_4766,guanylate cyclase,Purine metabolism,YJL005W
1003952,r_4767,kynurenine aminotransferase (2-oxoglutarate),Tryptophan metabolism,YJL060W
1003953,r_4768,farnesyl diphosphatase,Thiamine metabolism,YDR481C
1003954,r_4769,bis(5'-adenosyl)-triphosphatase,Purine metabolism,YDR305C
1003955,r_4770,nucleoside diphosphate kinase,Pyrimidine metabolism,YKL067W
1003956,r_4771,nucleoside diphosphate kinase,Pyrimidine metabolism,YKL067W
1003957,r_4772,nucleoside diphosphate kinase,Pyrimidine metabolism,YKL067W
1003958,r_4773,nucleoside diphosphate kinase,Pyrimidine metabolism,YKL067W
1003959,r_4774,nucleoside diphosphate kinase,Pyrimidine metabolism,YKL067W
1003960,r_4775,nucleoside diphosphate kinase,Pyrimidine metabolism,YKL067W
1003961,r_4776,nucleoside diphosphate kinase,Pyrimidine metabolism,YKL067W
1003962,r_4777,nucleoside diphosphate kinase,Pyrimidine metabolism,YKL067W
1003963,r_4778,nucleoside diphosphate kinase,Pyrimidine metabolism,YKL067W
1003964,r_4779,"heme a transport, cytoplasm-extracellular",Transport between c and e,
1003965,r_4781,HET-P synthase (thiazole synthase),Thiamine metabolism,YGR144W
1003966,r_4782,adenylated thiazole synthase,Thiamine metabolism,YGR144W
