,gl_number,met_id,role
0,1000100,1,SUBSTRATE
1,1000100,2,SUBSTRATE
2,1000100,3,SUBSTRATE
3,1000100,4,PRODUCT
4,1000100,5,PRODUCT
5,1000100,6,PRODUCT
6,1000101,4,SUBSTRATE
7,1000101,7,SUBSTRATE
8,1000101,9,SUBSTRATE
9,1000101,10,PRODUCT
10,1000101,11,PRODUCT
11,1000101,12,PRODUCT
12,1000102,12,SUBSTRATE
13,1000102,13,SUBSTRATE
14,1000102,15,PRODUCT
15,1000102,16,PRODUCT
16,1000103,2,SUBSTRATE
17,1000103,3,SUBSTRATE
18,1000103,6,PRODUCT
19,1000103,7,SUBSTRATE
20,1000103,10,PRODUCT
21,1000103,11,PRODUCT
22,1000103,16,SUBSTRATE
23,1000103,23,PRODUCT
24,1000104,7,SUBSTRATE
25,1000104,10,PRODUCT
26,1000104,11,PRODUCT
27,1000104,23,SUBSTRATE
28,1000104,29,PRODUCT
29,1000105,7,SUBSTRATE
30,1000105,10,PRODUCT
31,1000105,11,PRODUCT
32,1000105,29,SUBSTRATE
33,1000105,31,SUBSTRATE
34,1000105,33,PRODUCT
35,1000106,7,SUBSTRATE
36,1000106,10,PRODUCT
37,1000106,11,PRODUCT
38,1000106,33,SUBSTRATE
39,1000106,38,SUBSTRATE
40,1000106,41,PRODUCT
41,1000107,41,SUBSTRATE
42,1000107,43,PRODUCT
43,1000107,44,PRODUCT
44,1000108,13,SUBSTRATE
45,1000108,15,PRODUCT
46,1000108,44,SUBSTRATE
47,1000108,48,PRODUCT
48,1000109,2,PRODUCT
49,1000109,48,SUBSTRATE
50,1000109,50,PRODUCT
51,1000110,123,SUBSTRATE
52,1000110,635,SUBSTRATE
53,1000110,636,PRODUCT
54,1000110,1177,PRODUCT
55,1000111,125,SUBSTRATE
56,1000111,635,SUBSTRATE
57,1000111,636,PRODUCT
58,1000111,1179,PRODUCT
59,1000112,133,SUBSTRATE
60,1000112,1041,SUBSTRATE
61,1000112,118,PRODUCT
62,1000112,700,PRODUCT
63,1000112,1046,PRODUCT
64,1000113,148,SUBSTRATE
65,1000113,635,SUBSTRATE
66,1000113,636,PRODUCT
67,1000113,1177,PRODUCT
68,1000114,1287,SUBSTRATE
69,1000114,100,PRODUCT
70,1000114,700,PRODUCT
71,1000114,1282,PRODUCT
72,1000115,1287,SUBSTRATE
73,1000115,103,PRODUCT
74,1000115,700,PRODUCT
75,1000115,1282,PRODUCT
76,1000116,157,SUBSTRATE
77,1000116,320,PRODUCT
78,1000117,168,SUBSTRATE
79,1000117,713,SUBSTRATE
80,1000117,1043,SUBSTRATE
81,1000117,705,PRODUCT
82,1000117,885,PRODUCT
83,1000117,1048,PRODUCT
84,1000118,319,SUBSTRATE
85,1000118,709,SUBSTRATE
86,1000118,302,PRODUCT
87,1000118,646,PRODUCT
88,1000118,700,PRODUCT
89,1000118,1134,PRODUCT
90,1000119,189,SUBSTRATE
91,1000119,700,SUBSTRATE
92,1000119,709,SUBSTRATE
93,1000119,321,PRODUCT
94,1000119,409,PRODUCT
95,1000120,188,SUBSTRATE
96,1000120,700,SUBSTRATE
97,1000120,1054,SUBSTRATE
98,1000120,189,PRODUCT
99,1000120,1050,PRODUCT
100,1000121,222,SUBSTRATE
101,1000121,705,SUBSTRATE
102,1000121,1179,SUBSTRATE
103,1000121,137,PRODUCT
104,1000121,445,PRODUCT
105,1000122,195,SUBSTRATE
106,1000122,425,SUBSTRATE
107,1000122,104,PRODUCT
108,1000122,413,PRODUCT
109,1000122,705,PRODUCT
110,1000123,219,SUBSTRATE
111,1000123,883,SUBSTRATE
112,1000123,223,PRODUCT
113,1000123,845,PRODUCT
114,1000124,196,SUBSTRATE
115,1000124,700,SUBSTRATE
116,1000124,1054,SUBSTRATE
117,1000124,128,PRODUCT
118,1000124,1050,PRODUCT
119,1000125,518,SUBSTRATE
120,1000125,713,SUBSTRATE
121,1000125,1145,SUBSTRATE
122,1000125,357,PRODUCT
123,1000125,1138,PRODUCT
124,1000126,201,SUBSTRATE
125,1000126,1194,SUBSTRATE
126,1000126,202,PRODUCT
127,1000126,705,PRODUCT
128,1000126,1191,PRODUCT
129,1000127,203,SUBSTRATE
130,1000127,1105,SUBSTRATE
131,1000127,201,PRODUCT
132,1000127,713,PRODUCT
133,1000128,209,SUBSTRATE
134,1000128,709,SUBSTRATE
135,1000128,206,PRODUCT
136,1000129,262,SUBSTRATE
137,1000129,373,SUBSTRATE
138,1000129,709,SUBSTRATE
139,1000129,206,PRODUCT
140,1000129,499,PRODUCT
141,1000129,700,PRODUCT
142,1000130,263,SUBSTRATE
143,1000130,374,SUBSTRATE
144,1000130,713,SUBSTRATE
145,1000130,208,PRODUCT
146,1000130,502,PRODUCT
147,1000130,705,PRODUCT
148,1000131,302,SUBSTRATE
149,1000131,883,SUBSTRATE
150,1000131,223,PRODUCT
151,1000131,919,PRODUCT
152,1000132,733,SUBSTRATE
153,1000132,440,PRODUCT
154,1000132,713,PRODUCT
155,1000133,713,SUBSTRATE
156,1000133,1100,SUBSTRATE
157,1000133,1160,SUBSTRATE
158,1000133,218,PRODUCT
159,1000133,502,PRODUCT
160,1000133,705,PRODUCT
161,1000134,108,SUBSTRATE
162,1000134,700,SUBSTRATE
163,1000134,299,PRODUCT
164,1000134,442,PRODUCT
165,1000135,109,SUBSTRATE
166,1000135,705,SUBSTRATE
167,1000135,300,PRODUCT
168,1000135,445,PRODUCT
169,1000136,383,SUBSTRATE
170,1000136,709,SUBSTRATE
171,1000136,412,PRODUCT
172,1000136,1134,PRODUCT
173,1000137,235,SUBSTRATE
174,1000137,709,SUBSTRATE
175,1000137,412,PRODUCT
176,1000137,700,PRODUCT
177,1000138,237,SUBSTRATE
178,1000138,709,SUBSTRATE
179,1000138,548,PRODUCT
180,1000138,700,PRODUCT
181,1000139,239,SUBSTRATE
182,1000139,709,SUBSTRATE
183,1000139,700,PRODUCT
184,1000139,747,PRODUCT
185,1000140,238,SUBSTRATE
186,1000140,709,SUBSTRATE
187,1000140,689,PRODUCT
188,1000140,700,PRODUCT
189,1000141,236,SUBSTRATE
190,1000141,709,SUBSTRATE
191,1000141,497,PRODUCT
192,1000141,700,PRODUCT
193,1000142,541,SUBSTRATE
194,1000142,204,PRODUCT
195,1000142,646,PRODUCT
196,1000142,700,PRODUCT
197,1000143,248,SUBSTRATE
198,1000143,249,PRODUCT
199,1000143,709,PRODUCT
200,1000144,356,SUBSTRATE
201,1000144,248,PRODUCT
202,1000144,1134,PRODUCT
203,1000145,261,SUBSTRATE
204,1000145,701,SUBSTRATE
205,1000145,1055,SUBSTRATE
206,1000145,1051,PRODUCT
207,1000145,1218,PRODUCT
208,1000146,517,SUBSTRATE
209,1000146,709,SUBSTRATE
210,1000146,1144,SUBSTRATE
211,1000146,356,PRODUCT
212,1000146,1134,PRODUCT
213,1000147,253,SUBSTRATE
214,1000147,1102,SUBSTRATE
215,1000147,250,PRODUCT
216,1000148,252,SUBSTRATE
217,1000148,705,SUBSTRATE
218,1000148,203,PRODUCT
219,1000148,445,PRODUCT
220,1000149,258,SUBSTRATE
221,1000149,709,SUBSTRATE
222,1000149,259,PRODUCT
223,1000149,700,PRODUCT
224,1000149,847,PRODUCT
225,1000150,142,SUBSTRATE
226,1000150,1045,SUBSTRATE
227,1000150,272,PRODUCT
228,1000150,707,PRODUCT
229,1000150,1049,PRODUCT
230,1000151,259,SUBSTRATE
231,1000151,1102,SUBSTRATE
232,1000151,194,PRODUCT
233,1000152,107,SUBSTRATE
234,1000152,1192,SUBSTRATE
235,1000152,255,PRODUCT
236,1000152,1190,PRODUCT
237,1000153,107,SUBSTRATE
238,1000153,209,PRODUCT
239,1000153,709,PRODUCT
240,1000154,107,SUBSTRATE
241,1000154,1041,SUBSTRATE
242,1000154,108,PRODUCT
243,1000154,700,PRODUCT
244,1000154,1046,PRODUCT
245,1000155,262,SUBSTRATE
246,1000155,700,SUBSTRATE
247,1000155,442,PRODUCT
248,1000155,831,PRODUCT
249,1000156,263,SUBSTRATE
250,1000156,315,SUBSTRATE
251,1000156,713,SUBSTRATE
252,1000156,197,PRODUCT
253,1000156,1250,PRODUCT
254,1000157,143,SUBSTRATE
255,1000157,700,SUBSTRATE
256,1000157,210,PRODUCT
257,1000157,442,PRODUCT
258,1000158,276,SUBSTRATE
259,1000158,1144,SUBSTRATE
260,1000158,332,PRODUCT
261,1000158,1134,PRODUCT
262,1000159,490,SUBSTRATE
263,1000159,890,SUBSTRATE
264,1000159,282,PRODUCT
265,1000159,883,PRODUCT
266,1000160,282,SUBSTRATE
267,1000160,284,PRODUCT
268,1000160,700,PRODUCT
269,1000160,1177,PRODUCT
270,1000161,223,SUBSTRATE
271,1000161,652,SUBSTRATE
272,1000161,883,PRODUCT
273,1000161,1230,PRODUCT
274,1000162,279,SUBSTRATE
275,1000162,709,SUBSTRATE
276,1000162,295,PRODUCT
277,1000162,1134,PRODUCT
278,1000163,298,SUBSTRATE
279,1000163,713,SUBSTRATE
280,1000163,297,PRODUCT
281,1000163,502,PRODUCT
282,1000163,705,PRODUCT
283,1000164,299,SUBSTRATE
284,1000164,700,SUBSTRATE
285,1000164,264,PRODUCT
286,1000164,442,PRODUCT
287,1000165,289,SUBSTRATE
288,1000165,709,SUBSTRATE
289,1000165,700,PRODUCT
290,1000165,1017,PRODUCT
291,1000165,1134,PRODUCT
292,1000166,289,SUBSTRATE
293,1000166,423,SUBSTRATE
294,1000166,700,SUBSTRATE
295,1000166,278,PRODUCT
296,1000166,387,PRODUCT
297,1000167,311,SUBSTRATE
298,1000167,1134,SUBSTRATE
299,1000167,377,PRODUCT
300,1000167,1197,PRODUCT
301,1000168,497,SUBSTRATE
302,1000168,709,SUBSTRATE
303,1000168,509,PRODUCT
304,1000168,1134,PRODUCT
305,1000169,709,SUBSTRATE
306,1000169,747,SUBSTRATE
307,1000169,754,PRODUCT
308,1000169,1134,PRODUCT
309,1000170,709,SUBSTRATE
310,1000170,1289,SUBSTRATE
311,1000170,1134,PRODUCT
312,1000170,1300,PRODUCT
313,1000171,309,SUBSTRATE
314,1000171,423,SUBSTRATE
315,1000171,709,SUBSTRATE
316,1000171,890,SUBSTRATE
317,1000171,310,PRODUCT
318,1000171,387,PRODUCT
319,1000171,700,PRODUCT
320,1000171,883,PRODUCT
321,1000171,1134,PRODUCT
322,1000172,314,SUBSTRATE
323,1000172,700,SUBSTRATE
324,1000172,1054,SUBSTRATE
325,1000172,330,PRODUCT
326,1000172,1050,PRODUCT
327,1000173,705,SUBSTRATE
328,1000173,896,SUBSTRATE
329,1000173,1231,SUBSTRATE
330,1000173,325,PRODUCT
331,1000173,445,PRODUCT
332,1000173,502,PRODUCT
333,1000174,326,SUBSTRATE
334,1000174,709,SUBSTRATE
335,1000174,700,PRODUCT
336,1000174,1017,PRODUCT
337,1000174,1134,PRODUCT
338,1000175,423,SUBSTRATE
339,1000175,1017,SUBSTRATE
340,1000175,326,PRODUCT
341,1000175,387,PRODUCT
342,1000176,327,SUBSTRATE
343,1000176,423,SUBSTRATE
344,1000176,312,PRODUCT
345,1000176,387,PRODUCT
346,1000176,1134,PRODUCT
347,1000177,331,SUBSTRATE
348,1000177,903,SUBSTRATE
349,1000177,919,PRODUCT
350,1000177,1248,PRODUCT
351,1000178,1198,SUBSTRATE
352,1000178,319,PRODUCT
353,1000178,709,PRODUCT
354,1000179,1197,SUBSTRATE
355,1000179,1198,PRODUCT
356,1000180,326,SUBSTRATE
357,1000180,700,SUBSTRATE
358,1000180,1134,SUBSTRATE
359,1000180,278,PRODUCT
360,1000180,709,PRODUCT
361,1000181,326,SUBSTRATE
362,1000181,700,SUBSTRATE
363,1000181,1134,SUBSTRATE
364,1000181,317,PRODUCT
365,1000181,709,PRODUCT
366,1000182,423,SUBSTRATE
367,1000182,523,SUBSTRATE
368,1000182,387,PRODUCT
369,1000182,429,PRODUCT
370,1000182,700,PRODUCT
371,1000183,343,SUBSTRATE
372,1000183,709,SUBSTRATE
373,1000183,347,PRODUCT
374,1000183,700,PRODUCT
375,1000184,341,SUBSTRATE
376,1000184,709,SUBSTRATE
377,1000184,700,PRODUCT
378,1000184,1017,PRODUCT
379,1000184,1134,PRODUCT
380,1000185,341,SUBSTRATE
381,1000185,423,SUBSTRATE
382,1000185,700,SUBSTRATE
383,1000185,317,PRODUCT
384,1000185,387,PRODUCT
385,1000186,700,SUBSTRATE
386,1000186,847,SUBSTRATE
387,1000186,1150,SUBSTRATE
388,1000186,358,PRODUCT
389,1000186,442,PRODUCT
390,1000186,499,PRODUCT
391,1000187,362,SUBSTRATE
392,1000187,118,PRODUCT
393,1000188,193,SUBSTRATE
394,1000188,705,SUBSTRATE
395,1000188,1056,SUBSTRATE
396,1000188,114,PRODUCT
397,1000188,1052,PRODUCT
398,1000189,705,SUBSTRATE
399,1000189,1179,SUBSTRATE
400,1000189,193,PRODUCT
401,1000189,445,PRODUCT
402,1000190,374,SUBSTRATE
403,1000190,1362,SUBSTRATE
404,1000190,372,PRODUCT
405,1000190,502,PRODUCT
406,1000191,270,SUBSTRATE
407,1000191,504,SUBSTRATE
408,1000191,376,PRODUCT
409,1000191,1118,PRODUCT
410,1000192,268,SUBSTRATE
411,1000192,504,SUBSTRATE
412,1000192,376,PRODUCT
413,1000192,1246,PRODUCT
414,1000193,271,SUBSTRATE
415,1000193,504,SUBSTRATE
416,1000193,376,PRODUCT
417,1000193,1023,PRODUCT
418,1000194,373,SUBSTRATE
419,1000194,370,PRODUCT
420,1000194,499,PRODUCT
421,1000195,374,SUBSTRATE
422,1000195,371,PRODUCT
423,1000195,502,PRODUCT
424,1000196,272,SUBSTRATE
425,1000196,504,SUBSTRATE
426,1000196,376,PRODUCT
427,1000196,955,PRODUCT
428,1000197,267,SUBSTRATE
429,1000197,504,SUBSTRATE
430,1000197,376,PRODUCT
431,1000197,1088,PRODUCT
432,1000198,269,SUBSTRATE
433,1000198,504,SUBSTRATE
434,1000198,376,PRODUCT
435,1000198,560,PRODUCT
436,1000199,374,SUBSTRATE
437,1000199,425,SUBSTRATE
438,1000199,434,SUBSTRATE
439,1000199,389,PRODUCT
440,1000199,705,PRODUCT
441,1000199,969,PRODUCT
442,1000199,1138,PRODUCT
443,1000200,373,SUBSTRATE
444,1000200,423,SUBSTRATE
445,1000200,432,SUBSTRATE
446,1000200,387,PRODUCT
447,1000200,700,PRODUCT
448,1000200,968,PRODUCT
449,1000200,1134,PRODUCT
450,1000201,374,SUBSTRATE
451,1000201,713,SUBSTRATE
452,1000201,368,PRODUCT
453,1000201,502,PRODUCT
454,1000201,705,PRODUCT
455,1000202,365,SUBSTRATE
456,1000202,423,SUBSTRATE
457,1000202,499,SUBSTRATE
458,1000202,373,PRODUCT
459,1000202,412,PRODUCT
460,1000202,582,PRODUCT
461,1000203,368,SUBSTRATE
462,1000203,425,SUBSTRATE
463,1000203,502,SUBSTRATE
464,1000203,374,PRODUCT
465,1000203,413,PRODUCT
466,1000203,584,PRODUCT
467,1000204,369,SUBSTRATE
468,1000204,426,SUBSTRATE
469,1000204,503,SUBSTRATE
470,1000204,375,PRODUCT
471,1000204,414,PRODUCT
472,1000204,585,PRODUCT
473,1000205,425,SUBSTRATE
474,1000205,1036,SUBSTRATE
475,1000205,389,PRODUCT
476,1000205,1035,PRODUCT
477,1000206,640,SUBSTRATE
478,1000206,711,SUBSTRATE
479,1000206,1136,PRODUCT
480,1000206,1183,PRODUCT
481,1000207,218,SUBSTRATE
482,1000207,110,PRODUCT
483,1000208,192,SUBSTRATE
484,1000208,885,SUBSTRATE
485,1000208,225,PRODUCT
486,1000208,1026,PRODUCT
487,1000209,502,SUBSTRATE
488,1000209,713,SUBSTRATE
489,1000209,385,PRODUCT
490,1000209,705,PRODUCT
491,1000209,1120,PRODUCT
492,1000210,560,SUBSTRATE
493,1000210,1106,SUBSTRATE
494,1000210,739,PRODUCT
495,1000210,1261,PRODUCT
496,1000211,955,SUBSTRATE
497,1000211,1106,SUBSTRATE
498,1000211,739,PRODUCT
499,1000211,1262,PRODUCT
500,1000212,724,SUBSTRATE
501,1000212,1106,SUBSTRATE
502,1000212,739,PRODUCT
503,1000212,1263,PRODUCT
504,1000213,1106,SUBSTRATE
505,1000213,1118,SUBSTRATE
506,1000213,725,PRODUCT
507,1000213,739,PRODUCT
508,1000214,1106,SUBSTRATE
509,1000214,1226,SUBSTRATE
510,1000214,739,PRODUCT
511,1000214,1264,PRODUCT
512,1000215,1023,SUBSTRATE
513,1000215,1106,SUBSTRATE
514,1000215,739,PRODUCT
515,1000215,1265,PRODUCT
516,1000216,1418,SUBSTRATE
517,1000216,2025,SUBSTRATE
518,1000216,1382,PRODUCT
519,1000216,2026,PRODUCT
520,1000217,1418,SUBSTRATE
521,1000217,2034,SUBSTRATE
522,1000217,1382,PRODUCT
523,1000217,2035,PRODUCT
524,1000218,1418,SUBSTRATE
525,1000218,2028,SUBSTRATE
526,1000218,1382,PRODUCT
527,1000218,2029,PRODUCT
528,1000219,1418,SUBSTRATE
529,1000219,2031,SUBSTRATE
530,1000219,1382,PRODUCT
531,1000219,2032,PRODUCT
532,1000220,1418,SUBSTRATE
533,1000220,2037,SUBSTRATE
534,1000220,1382,PRODUCT
535,1000220,2038,PRODUCT
536,1000221,1416,SUBSTRATE
537,1000221,2025,SUBSTRATE
538,1000221,1382,PRODUCT
539,1000221,2027,PRODUCT
540,1000222,1416,SUBSTRATE
541,1000222,2034,SUBSTRATE
542,1000222,1382,PRODUCT
543,1000222,2036,PRODUCT
544,1000223,1416,SUBSTRATE
545,1000223,2028,SUBSTRATE
546,1000223,1382,PRODUCT
547,1000223,2030,PRODUCT
548,1000224,1416,SUBSTRATE
549,1000224,2031,SUBSTRATE
550,1000224,1382,PRODUCT
551,1000224,2033,PRODUCT
552,1000225,1416,SUBSTRATE
553,1000225,2037,SUBSTRATE
554,1000225,1382,PRODUCT
555,1000225,2039,PRODUCT
556,1000226,337,SUBSTRATE
557,1000226,1117,SUBSTRATE
558,1000226,338,PRODUCT
559,1000226,500,PRODUCT
560,1000227,377,SUBSTRATE
561,1000227,700,SUBSTRATE
562,1000227,709,SUBSTRATE
563,1000227,409,PRODUCT
564,1000227,741,PRODUCT
565,1000228,377,SUBSTRATE
566,1000228,1164,SUBSTRATE
567,1000228,412,PRODUCT
568,1000228,582,PRODUCT
569,1000229,380,SUBSTRATE
570,1000229,700,SUBSTRATE
571,1000229,709,SUBSTRATE
572,1000229,409,PRODUCT
573,1000229,754,PRODUCT
574,1000230,380,SUBSTRATE
575,1000230,423,SUBSTRATE
576,1000230,387,PRODUCT
577,1000230,412,PRODUCT
578,1000230,700,PRODUCT
579,1000231,412,SUBSTRATE
580,1000231,700,SUBSTRATE
581,1000231,709,SUBSTRATE
582,1000231,409,PRODUCT
583,1000231,747,PRODUCT
584,1000232,709,SUBSTRATE
585,1000232,1190,SUBSTRATE
586,1000232,380,PRODUCT
587,1000232,903,PRODUCT
588,1000233,700,SUBSTRATE
589,1000233,1192,SUBSTRATE
590,1000233,442,PRODUCT
591,1000233,1195,PRODUCT
592,1000234,358,SUBSTRATE
593,1000234,1192,SUBSTRATE
594,1000234,348,PRODUCT
595,1000234,1189,PRODUCT
596,1000235,423,SUBSTRATE
597,1000235,235,PRODUCT
598,1000235,582,PRODUCT
599,1000236,412,SUBSTRATE
600,1000236,423,SUBSTRATE
601,1000236,387,PRODUCT
602,1000237,413,SUBSTRATE
603,1000237,425,SUBSTRATE
604,1000237,389,PRODUCT
605,1000238,413,SUBSTRATE
606,1000238,692,SUBSTRATE
607,1000238,389,PRODUCT
608,1000238,657,PRODUCT
609,1000239,307,SUBSTRATE
610,1000239,393,PRODUCT
611,1000239,649,PRODUCT
612,1000240,386,SUBSTRATE
613,1000240,412,PRODUCT
614,1000240,649,PRODUCT
615,1000241,691,SUBSTRATE
616,1000241,747,SUBSTRATE
617,1000241,865,SUBSTRATE
618,1000241,386,PRODUCT
619,1000241,655,PRODUCT
620,1000241,700,PRODUCT
621,1000241,1134,PRODUCT
622,1000242,306,SUBSTRATE
623,1000242,423,SUBSTRATE
624,1000242,242,PRODUCT
625,1000242,387,PRODUCT
626,1000242,700,PRODUCT
627,1000243,178,SUBSTRATE
628,1000243,709,SUBSTRATE
629,1000243,382,PRODUCT
630,1000243,700,PRODUCT
631,1000244,686,SUBSTRATE
632,1000244,847,SUBSTRATE
633,1000244,894,PRODUCT
634,1000244,1177,PRODUCT
635,1000245,423,SUBSTRATE
636,1000245,847,SUBSTRATE
637,1000245,1320,SUBSTRATE
638,1000245,394,PRODUCT
639,1000245,412,PRODUCT
640,1000245,582,PRODUCT
641,1000246,213,SUBSTRATE
642,1000246,373,SUBSTRATE
643,1000246,216,PRODUCT
644,1000246,499,PRODUCT
645,1000247,373,SUBSTRATE
646,1000247,618,SUBSTRATE
647,1000247,499,PRODUCT
648,1000247,623,PRODUCT
649,1000248,373,SUBSTRATE
650,1000248,823,SUBSTRATE
651,1000248,499,PRODUCT
652,1000248,821,PRODUCT
653,1000249,373,SUBSTRATE
654,1000249,826,SUBSTRATE
655,1000249,499,PRODUCT
656,1000249,829,PRODUCT
657,1000250,228,SUBSTRATE
658,1000250,373,SUBSTRATE
659,1000250,499,PRODUCT
660,1000250,1128,PRODUCT
661,1000251,618,SUBSTRATE
662,1000251,1041,SUBSTRATE
663,1000251,362,PRODUCT
664,1000251,700,PRODUCT
665,1000251,1046,PRODUCT
666,1000252,534,SUBSTRATE
667,1000252,700,SUBSTRATE
668,1000252,1054,SUBSTRATE
669,1000252,675,PRODUCT
670,1000252,1050,PRODUCT
671,1000253,364,SUBSTRATE
672,1000253,705,SUBSTRATE
673,1000253,1048,SUBSTRATE
674,1000253,620,PRODUCT
675,1000253,1043,PRODUCT
676,1000254,210,SUBSTRATE
677,1000254,700,SUBSTRATE
678,1000254,1046,SUBSTRATE
679,1000254,213,PRODUCT
680,1000254,1041,PRODUCT
681,1000255,212,SUBSTRATE
682,1000255,705,SUBSTRATE
683,1000255,1048,SUBSTRATE
684,1000255,215,PRODUCT
685,1000255,1043,PRODUCT
686,1000256,210,SUBSTRATE
687,1000256,700,SUBSTRATE
688,1000256,1054,SUBSTRATE
689,1000256,213,PRODUCT
690,1000256,1050,PRODUCT
691,1000257,700,SUBSTRATE
692,1000257,1046,SUBSTRATE
693,1000257,1130,SUBSTRATE
694,1000257,228,PRODUCT
695,1000257,1041,PRODUCT
696,1000258,705,SUBSTRATE
697,1000258,1048,SUBSTRATE
698,1000258,1132,SUBSTRATE
699,1000258,230,PRODUCT
700,1000258,1043,PRODUCT
701,1000259,700,SUBSTRATE
702,1000259,1054,SUBSTRATE
703,1000259,1130,SUBSTRATE
704,1000259,228,PRODUCT
705,1000259,1050,PRODUCT
706,1000260,246,SUBSTRATE
707,1000260,709,SUBSTRATE
708,1000260,1041,SUBSTRATE
709,1000260,428,PRODUCT
710,1000260,700,PRODUCT
711,1000260,1046,PRODUCT
712,1000261,362,SUBSTRATE
713,1000261,709,SUBSTRATE
714,1000261,1050,SUBSTRATE
715,1000261,365,PRODUCT
716,1000261,700,PRODUCT
717,1000261,1054,PRODUCT
718,1000262,364,SUBSTRATE
719,1000262,713,SUBSTRATE
720,1000262,1043,SUBSTRATE
721,1000262,368,PRODUCT
722,1000262,705,PRODUCT
723,1000262,1048,PRODUCT
724,1000263,364,SUBSTRATE
725,1000263,713,SUBSTRATE
726,1000263,1052,SUBSTRATE
727,1000263,368,PRODUCT
728,1000263,705,PRODUCT
729,1000263,1056,PRODUCT
730,1000264,713,SUBSTRATE
731,1000264,750,SUBSTRATE
732,1000264,1043,SUBSTRATE
733,1000264,705,PRODUCT
734,1000264,752,PRODUCT
735,1000264,1048,PRODUCT
736,1000265,709,SUBSTRATE
737,1000265,748,SUBSTRATE
738,1000265,1050,SUBSTRATE
739,1000265,700,PRODUCT
740,1000265,751,PRODUCT
741,1000265,1054,PRODUCT
742,1000266,713,SUBSTRATE
743,1000266,750,SUBSTRATE
744,1000266,1052,SUBSTRATE
745,1000266,705,PRODUCT
746,1000266,752,PRODUCT
747,1000266,1056,PRODUCT
748,1000267,264,SUBSTRATE
749,1000267,700,SUBSTRATE
750,1000267,1046,SUBSTRATE
751,1000267,823,PRODUCT
752,1000267,1041,PRODUCT
753,1000268,266,SUBSTRATE
754,1000268,705,SUBSTRATE
755,1000268,1048,SUBSTRATE
756,1000268,825,PRODUCT
757,1000268,1043,PRODUCT
758,1000269,264,SUBSTRATE
759,1000269,700,SUBSTRATE
760,1000269,1054,SUBSTRATE
761,1000269,823,PRODUCT
762,1000269,1050,PRODUCT
763,1000270,700,SUBSTRATE
764,1000270,831,SUBSTRATE
765,1000270,1046,SUBSTRATE
766,1000270,826,PRODUCT
767,1000270,1041,PRODUCT
768,1000271,705,SUBSTRATE
769,1000271,833,SUBSTRATE
770,1000271,1048,SUBSTRATE
771,1000271,828,PRODUCT
772,1000271,1043,PRODUCT
773,1000272,700,SUBSTRATE
774,1000272,831,SUBSTRATE
775,1000272,1054,SUBSTRATE
776,1000272,826,PRODUCT
777,1000272,1050,PRODUCT
778,1000273,709,SUBSTRATE
779,1000273,1041,SUBSTRATE
780,1000273,1130,SUBSTRATE
781,1000273,700,PRODUCT
782,1000273,1046,PRODUCT
783,1000273,1133,PRODUCT
784,1000274,700,SUBSTRATE
785,1000274,748,SUBSTRATE
786,1000274,1046,SUBSTRATE
787,1000274,1041,PRODUCT
788,1000274,1274,PRODUCT
789,1000275,705,SUBSTRATE
790,1000275,750,SUBSTRATE
791,1000275,1048,SUBSTRATE
792,1000275,1043,PRODUCT
793,1000275,1276,PRODUCT
794,1000276,353,SUBSTRATE
795,1000276,709,SUBSTRATE
796,1000276,350,PRODUCT
797,1000276,700,PRODUCT
798,1000276,1134,PRODUCT
799,1000277,395,SUBSTRATE
800,1000277,709,SUBSTRATE
801,1000277,1296,PRODUCT
802,1000277,1299,PRODUCT
803,1000278,397,SUBSTRATE
804,1000278,709,SUBSTRATE
805,1000278,395,PRODUCT
806,1000278,700,PRODUCT
807,1000279,700,SUBSTRATE
808,1000279,709,SUBSTRATE
809,1000279,1298,SUBSTRATE
810,1000279,409,PRODUCT
811,1000279,442,PRODUCT
812,1000280,431,SUBSTRATE
813,1000280,660,SUBSTRATE
814,1000280,703,SUBSTRATE
815,1000280,404,PRODUCT
816,1000280,656,PRODUCT
817,1000281,716,SUBSTRATE
818,1000281,1268,SUBSTRATE
819,1000281,531,PRODUCT
820,1000282,709,SUBSTRATE
821,1000282,1266,SUBSTRATE
822,1000282,529,PRODUCT
823,1000283,533,SUBSTRATE
824,1000283,1287,SUBSTRATE
825,1000283,399,PRODUCT
826,1000283,700,PRODUCT
827,1000283,1282,PRODUCT
828,1000284,709,SUBSTRATE
829,1000284,970,SUBSTRATE
830,1000284,529,PRODUCT
831,1000285,290,SUBSTRATE
832,1000285,709,SUBSTRATE
833,1000285,291,PRODUCT
834,1000285,409,PRODUCT
835,1000286,408,SUBSTRATE
836,1000286,709,SUBSTRATE
837,1000286,1102,SUBSTRATE
838,1000286,409,PRODUCT
839,1000286,736,PRODUCT
840,1000286,1012,PRODUCT
841,1000287,288,SUBSTRATE
842,1000287,713,SUBSTRATE
843,1000287,1043,SUBSTRATE
844,1000287,654,PRODUCT
845,1000287,705,PRODUCT
846,1000287,1048,PRODUCT
847,1000288,416,SUBSTRATE
848,1000288,1164,SUBSTRATE
849,1000288,582,PRODUCT
850,1000288,1031,PRODUCT
851,1000289,490,SUBSTRATE
852,1000289,890,SUBSTRATE
853,1000289,416,PRODUCT
854,1000289,700,PRODUCT
855,1000289,883,PRODUCT
856,1000289,1177,PRODUCT
857,1000290,709,SUBSTRATE
858,1000290,1107,SUBSTRATE
859,1000290,387,PRODUCT
860,1000290,700,PRODUCT
861,1000291,700,SUBSTRATE
862,1000291,855,SUBSTRATE
863,1000291,1054,SUBSTRATE
864,1000291,853,PRODUCT
865,1000291,1050,PRODUCT
866,1000292,709,SUBSTRATE
867,1000292,857,SUBSTRATE
868,1000292,1093,PRODUCT
869,1000292,1296,PRODUCT
870,1000293,113,SUBSTRATE
871,1000293,649,PRODUCT
872,1000293,857,PRODUCT
873,1000294,423,SUBSTRATE
874,1000294,865,SUBSTRATE
875,1000294,871,SUBSTRATE
876,1000294,113,PRODUCT
877,1000294,412,PRODUCT
878,1000294,582,PRODUCT
879,1000294,700,PRODUCT
880,1000295,423,SUBSTRATE
881,1000295,857,SUBSTRATE
882,1000295,1321,SUBSTRATE
883,1000295,412,PRODUCT
884,1000295,417,PRODUCT
885,1000295,582,PRODUCT
886,1000296,425,SUBSTRATE
887,1000296,859,SUBSTRATE
888,1000296,1322,SUBSTRATE
889,1000296,413,PRODUCT
890,1000296,418,PRODUCT
891,1000296,584,PRODUCT
892,1000297,423,SUBSTRATE
893,1000297,709,SUBSTRATE
894,1000297,865,SUBSTRATE
895,1000297,890,SUBSTRATE
896,1000297,412,PRODUCT
897,1000297,582,PRODUCT
898,1000297,700,PRODUCT
899,1000297,861,PRODUCT
900,1000297,883,PRODUCT
901,1000298,423,SUBSTRATE
902,1000298,861,SUBSTRATE
903,1000298,1323,SUBSTRATE
904,1000298,412,PRODUCT
905,1000298,419,PRODUCT
906,1000298,582,PRODUCT
907,1000299,425,SUBSTRATE
908,1000299,863,SUBSTRATE
909,1000299,1324,SUBSTRATE
910,1000299,413,PRODUCT
911,1000299,420,PRODUCT
912,1000299,584,PRODUCT
913,1000300,441,SUBSTRATE
914,1000300,865,SUBSTRATE
915,1000300,700,PRODUCT
916,1000300,1038,PRODUCT
917,1000300,1134,PRODUCT
918,1000301,423,SUBSTRATE
919,1000301,865,SUBSTRATE
920,1000301,303,PRODUCT
921,1000301,387,PRODUCT
922,1000302,223,SUBSTRATE
923,1000302,865,SUBSTRATE
924,1000302,883,PRODUCT
925,1000302,1098,PRODUCT
926,1000303,885,SUBSTRATE
927,1000303,1100,SUBSTRATE
928,1000303,225,PRODUCT
929,1000303,867,PRODUCT
930,1000304,227,SUBSTRATE
931,1000304,868,SUBSTRATE
932,1000304,887,PRODUCT
933,1000304,1101,PRODUCT
934,1000305,303,SUBSTRATE
935,1000305,700,SUBSTRATE
936,1000305,1054,SUBSTRATE
937,1000305,870,PRODUCT
938,1000305,1050,PRODUCT
939,1000305,1134,PRODUCT
940,1000306,423,SUBSTRATE
941,1000306,865,SUBSTRATE
942,1000306,1325,SUBSTRATE
943,1000306,412,PRODUCT
944,1000306,421,PRODUCT
945,1000306,582,PRODUCT
946,1000307,425,SUBSTRATE
947,1000307,867,SUBSTRATE
948,1000307,1326,SUBSTRATE
949,1000307,413,PRODUCT
950,1000307,422,PRODUCT
951,1000307,584,PRODUCT
952,1000308,387,SUBSTRATE
953,1000308,423,SUBSTRATE
954,1000308,700,SUBSTRATE
955,1000308,1107,PRODUCT
956,1000308,1134,PRODUCT
957,1000309,387,SUBSTRATE
958,1000309,691,SUBSTRATE
959,1000309,700,SUBSTRATE
960,1000309,1109,PRODUCT
961,1000309,1134,PRODUCT
962,1000310,655,SUBSTRATE
963,1000310,691,SUBSTRATE
964,1000310,700,SUBSTRATE
965,1000310,1108,PRODUCT
966,1000310,1134,PRODUCT
967,1000311,423,SUBSTRATE
968,1000311,1164,SUBSTRATE
969,1000311,334,PRODUCT
970,1000311,582,PRODUCT
971,1000312,389,SUBSTRATE
972,1000312,700,SUBSTRATE
973,1000312,1138,SUBSTRATE
974,1000312,425,PRODUCT
975,1000312,705,PRODUCT
976,1000312,713,PRODUCT
977,1000313,423,SUBSTRATE
978,1000313,709,SUBSTRATE
979,1000313,387,PRODUCT
980,1000313,702,PRODUCT
981,1000313,1134,PRODUCT
982,1000314,659,SUBSTRATE
983,1000314,1028,SUBSTRATE
984,1000314,430,PRODUCT
985,1000314,655,PRODUCT
986,1000314,700,PRODUCT
987,1000315,567,SUBSTRATE
988,1000315,1151,SUBSTRATE
989,1000315,437,PRODUCT
990,1000315,700,PRODUCT
991,1000316,423,SUBSTRATE
992,1000316,437,SUBSTRATE
993,1000316,700,SUBSTRATE
994,1000316,439,PRODUCT
995,1000316,582,PRODUCT
996,1000317,277,SUBSTRATE
997,1000317,700,SUBSTRATE
998,1000317,1054,SUBSTRATE
999,1000317,171,PRODUCT
1000,1000317,1050,PRODUCT
1001,1000318,607,SUBSTRATE
1002,1000318,700,SUBSTRATE
1003,1000318,1054,SUBSTRATE
1004,1000318,1102,SUBSTRATE
1005,1000318,605,PRODUCT
1006,1000318,709,PRODUCT
1007,1000318,1050,PRODUCT
1008,1000319,1050,SUBSTRATE
1009,1000319,1318,SUBSTRATE
1010,1000319,442,PRODUCT
1011,1000319,1054,PRODUCT
1012,1000319,1319,PRODUCT
1013,1000320,305,SUBSTRATE
1014,1000320,1041,SUBSTRATE
1015,1000320,247,PRODUCT
1016,1000320,442,PRODUCT
1017,1000320,1046,PRODUCT
1018,1000321,247,SUBSTRATE
1019,1000321,700,SUBSTRATE
1020,1000321,1054,SUBSTRATE
1021,1000321,304,PRODUCT
1022,1000321,1050,PRODUCT
1023,1000322,700,SUBSTRATE
1024,1000322,1054,SUBSTRATE
1025,1000322,1319,SUBSTRATE
1026,1000322,1050,PRODUCT
1027,1000322,1313,PRODUCT
1028,1000323,304,SUBSTRATE
1029,1000323,700,SUBSTRATE
1030,1000323,1054,SUBSTRATE
1031,1000323,1102,SUBSTRATE
1032,1000323,709,PRODUCT
1033,1000323,1050,PRODUCT
1034,1000323,1316,PRODUCT
1035,1000324,700,SUBSTRATE
1036,1000324,1054,SUBSTRATE
1037,1000324,1102,SUBSTRATE
1038,1000324,1316,SUBSTRATE
1039,1000324,709,PRODUCT
1040,1000324,1050,PRODUCT
1041,1000324,1317,PRODUCT
1042,1000325,1054,SUBSTRATE
1043,1000325,1102,SUBSTRATE
1044,1000325,1317,SUBSTRATE
1045,1000325,709,PRODUCT
1046,1000325,1050,PRODUCT
1047,1000325,1318,PRODUCT
1048,1000326,171,SUBSTRATE
1049,1000326,700,SUBSTRATE
1050,1000326,1102,SUBSTRATE
1051,1000326,2783,SUBSTRATE
1052,1000326,305,PRODUCT
1053,1000326,709,PRODUCT
1054,1000326,2784,PRODUCT
1055,1000327,603,SUBSTRATE
1056,1000327,700,SUBSTRATE
1057,1000327,1054,SUBSTRATE
1058,1000327,1102,SUBSTRATE
1059,1000327,607,PRODUCT
1060,1000327,709,PRODUCT
1061,1000327,1050,PRODUCT
1062,1000328,632,SUBSTRATE
1063,1000328,603,PRODUCT
1064,1000329,606,SUBSTRATE
1065,1000329,701,SUBSTRATE
1066,1000329,1055,SUBSTRATE
1067,1000329,610,PRODUCT
1068,1000329,1051,PRODUCT
1069,1000330,296,SUBSTRATE
1070,1000330,1072,SUBSTRATE
1071,1000330,582,PRODUCT
1072,1000330,1071,PRODUCT
1073,1000331,423,SUBSTRATE
1074,1000331,432,SUBSTRATE
1075,1000331,709,SUBSTRATE
1076,1000331,890,SUBSTRATE
1077,1000331,387,PRODUCT
1078,1000331,441,PRODUCT
1079,1000331,700,PRODUCT
1080,1000331,883,PRODUCT
1081,1000331,1134,PRODUCT
1082,1000332,119,SUBSTRATE
1083,1000332,373,SUBSTRATE
1084,1000332,499,PRODUCT
1085,1000332,1076,PRODUCT
1086,1000333,122,SUBSTRATE
1087,1000333,376,SUBSTRATE
1088,1000333,504,PRODUCT
1089,1000333,1078,PRODUCT
1090,1000334,502,SUBSTRATE
1091,1000334,1077,SUBSTRATE
1092,1000334,121,PRODUCT
1093,1000334,374,PRODUCT
1094,1000335,736,SUBSTRATE
1095,1000335,709,PRODUCT
1096,1000335,1102,PRODUCT
1097,1000336,739,SUBSTRATE
1098,1000336,715,PRODUCT
1099,1000336,1106,PRODUCT
1100,1000337,453,SUBSTRATE
1101,1000337,701,SUBSTRATE
1102,1000337,1055,SUBSTRATE
1103,1000337,1103,SUBSTRATE
1104,1000337,459,PRODUCT
1105,1000337,710,PRODUCT
1106,1000337,1051,PRODUCT
1107,1000338,453,SUBSTRATE
1108,1000338,701,SUBSTRATE
1109,1000338,1055,SUBSTRATE
1110,1000338,1103,SUBSTRATE
1111,1000338,465,PRODUCT
1112,1000338,710,PRODUCT
1113,1000338,1051,PRODUCT
1114,1000339,456,SUBSTRATE
1115,1000339,701,SUBSTRATE
1116,1000339,1055,SUBSTRATE
1117,1000339,1103,SUBSTRATE
1118,1000339,462,PRODUCT
1119,1000339,710,PRODUCT
1120,1000339,1051,PRODUCT
1121,1000340,456,SUBSTRATE
1122,1000340,701,SUBSTRATE
1123,1000340,1055,SUBSTRATE
1124,1000340,1103,SUBSTRATE
1125,1000340,468,PRODUCT
1126,1000340,710,PRODUCT
1127,1000340,1051,PRODUCT
1128,1000341,1218,SUBSTRATE
1129,1000341,1245,SUBSTRATE
1130,1000341,453,PRODUCT
1131,1000341,500,PRODUCT
1132,1000341,701,PRODUCT
1133,1000342,723,SUBSTRATE
1134,1000342,1218,SUBSTRATE
1135,1000342,456,PRODUCT
1136,1000342,500,PRODUCT
1137,1000342,701,PRODUCT
1138,1000343,1148,SUBSTRATE
1139,1000343,1245,SUBSTRATE
1140,1000343,459,PRODUCT
1141,1000343,500,PRODUCT
1142,1000343,701,PRODUCT
1143,1000344,723,SUBSTRATE
1144,1000344,1148,SUBSTRATE
1145,1000344,462,PRODUCT
1146,1000344,500,PRODUCT
1147,1000344,701,PRODUCT
1148,1000345,459,SUBSTRATE
1149,1000345,701,SUBSTRATE
1150,1000345,1055,SUBSTRATE
1151,1000345,1103,SUBSTRATE
1152,1000345,471,PRODUCT
1153,1000345,710,PRODUCT
1154,1000345,1051,PRODUCT
1155,1000346,462,SUBSTRATE
1156,1000346,701,SUBSTRATE
1157,1000346,1055,SUBSTRATE
1158,1000346,1103,SUBSTRATE
1159,1000346,474,PRODUCT
1160,1000346,710,PRODUCT
1161,1000346,1051,PRODUCT
1162,1000347,471,SUBSTRATE
1163,1000347,701,SUBSTRATE
1164,1000347,1055,SUBSTRATE
1165,1000347,1103,SUBSTRATE
1166,1000347,477,PRODUCT
1167,1000347,710,PRODUCT
1168,1000347,1051,PRODUCT
1169,1000348,474,SUBSTRATE
1170,1000348,701,SUBSTRATE
1171,1000348,1055,SUBSTRATE
1172,1000348,1103,SUBSTRATE
1173,1000348,480,PRODUCT
1174,1000348,710,PRODUCT
1175,1000348,1051,PRODUCT
1176,1000349,484,SUBSTRATE
1177,1000349,709,SUBSTRATE
1178,1000349,365,PRODUCT
1179,1000349,485,PRODUCT
1180,1000349,700,PRODUCT
1181,1000350,1288,SUBSTRATE
1182,1000350,484,PRODUCT
1183,1000350,700,PRODUCT
1184,1000350,1282,PRODUCT
1185,1000351,423,SUBSTRATE
1186,1000351,487,SUBSTRATE
1187,1000351,387,PRODUCT
1188,1000351,489,PRODUCT
1189,1000351,700,PRODUCT
1190,1000352,489,SUBSTRATE
1191,1000352,506,SUBSTRATE
1192,1000352,700,SUBSTRATE
1193,1000352,451,PRODUCT
1194,1000352,582,PRODUCT
1195,1000353,490,SUBSTRATE
1196,1000353,1157,PRODUCT
1197,1000354,332,SUBSTRATE
1198,1000354,490,PRODUCT
1199,1000354,1134,PRODUCT
1200,1000355,492,SUBSTRATE
1201,1000355,713,SUBSTRATE
1202,1000355,835,PRODUCT
1203,1000356,629,SUBSTRATE
1204,1000356,838,SUBSTRATE
1205,1000356,583,PRODUCT
1206,1000356,662,PRODUCT
1207,1000357,662,SUBSTRATE
1208,1000357,838,SUBSTRATE
1209,1000357,583,PRODUCT
1210,1000357,1124,PRODUCT
1211,1000358,838,SUBSTRATE
1212,1000358,1124,SUBSTRATE
1213,1000358,583,PRODUCT
1214,1000358,729,PRODUCT
1215,1000359,729,SUBSTRATE
1216,1000359,838,SUBSTRATE
1217,1000359,583,PRODUCT
1218,1000359,721,PRODUCT
1219,1000360,721,SUBSTRATE
1220,1000360,838,SUBSTRATE
1221,1000360,583,PRODUCT
1222,1000360,1089,PRODUCT
1223,1000361,838,SUBSTRATE
1224,1000361,1089,SUBSTRATE
1225,1000361,583,PRODUCT
1226,1000361,1073,PRODUCT
1227,1000362,838,SUBSTRATE
1228,1000362,1073,SUBSTRATE
1229,1000362,561,PRODUCT
1230,1000362,583,PRODUCT
1231,1000363,561,SUBSTRATE
1232,1000363,838,SUBSTRATE
1233,1000363,583,PRODUCT
1234,1000363,1293,PRODUCT
1235,1000364,838,SUBSTRATE
1236,1000364,1293,SUBSTRATE
1237,1000364,583,PRODUCT
1238,1000364,589,PRODUCT
1239,1000365,589,SUBSTRATE
1240,1000365,838,SUBSTRATE
1241,1000365,583,PRODUCT
1242,1000365,1269,PRODUCT
1243,1000366,838,SUBSTRATE
1244,1000366,1269,SUBSTRATE
1245,1000366,583,PRODUCT
1246,1000366,1247,PRODUCT
1247,1000367,838,SUBSTRATE
1248,1000367,1247,SUBSTRATE
1249,1000367,583,PRODUCT
1250,1000367,1122,PRODUCT
1251,1000368,838,SUBSTRATE
1252,1000368,1122,SUBSTRATE
1253,1000368,583,PRODUCT
1254,1000368,728,PRODUCT
1255,1000369,728,SUBSTRATE
1256,1000369,838,SUBSTRATE
1257,1000369,583,PRODUCT
1258,1000369,720,PRODUCT
1259,1000370,720,SUBSTRATE
1260,1000370,838,SUBSTRATE
1261,1000370,583,PRODUCT
1262,1000370,1083,PRODUCT
1263,1000371,838,SUBSTRATE
1264,1000371,1083,SUBSTRATE
1265,1000371,583,PRODUCT
1266,1000371,1070,PRODUCT
1267,1000372,838,SUBSTRATE
1268,1000372,1070,SUBSTRATE
1269,1000372,583,PRODUCT
1270,1000372,743,PRODUCT
1271,1000373,743,SUBSTRATE
1272,1000373,838,SUBSTRATE
1273,1000373,583,PRODUCT
1274,1000373,719,PRODUCT
1275,1000374,719,SUBSTRATE
1276,1000374,838,SUBSTRATE
1277,1000374,583,PRODUCT
1278,1000374,588,PRODUCT
1279,1000375,374,SUBSTRATE
1280,1000375,713,SUBSTRATE
1281,1000375,1100,SUBSTRATE
1282,1000375,495,PRODUCT
1283,1000375,502,PRODUCT
1284,1000375,705,PRODUCT
1285,1000376,376,SUBSTRATE
1286,1000376,715,SUBSTRATE
1287,1000376,1101,SUBSTRATE
1288,1000376,496,PRODUCT
1289,1000376,504,PRODUCT
1290,1000376,707,PRODUCT
1291,1000377,495,SUBSTRATE
1292,1000377,492,PRODUCT
1293,1000377,713,PRODUCT
1294,1000378,493,SUBSTRATE
1295,1000378,491,PRODUCT
1296,1000378,709,PRODUCT
1297,1000379,505,SUBSTRATE
1298,1000379,700,SUBSTRATE
1299,1000379,1102,SUBSTRATE
1300,1000379,442,PRODUCT
1301,1000379,709,PRODUCT
1302,1000379,1162,PRODUCT
1303,1000380,423,SUBSTRATE
1304,1000380,709,SUBSTRATE
1305,1000380,890,SUBSTRATE
1306,1000380,1303,SUBSTRATE
1307,1000380,387,PRODUCT
1308,1000380,506,PRODUCT
1309,1000380,700,PRODUCT
1310,1000380,883,PRODUCT
1311,1000380,1134,PRODUCT
1312,1000381,409,SUBSTRATE
1313,1000381,423,SUBSTRATE
1314,1000381,1303,SUBSTRATE
1315,1000381,387,PRODUCT
1316,1000381,506,PRODUCT
1317,1000381,700,PRODUCT
1318,1000381,1134,PRODUCT
1319,1000382,709,SUBSTRATE
1320,1000382,872,SUBSTRATE
1321,1000382,409,PRODUCT
1322,1000382,903,PRODUCT
1323,1000382,1177,PRODUCT
1324,1000383,903,SUBSTRATE
1325,1000383,929,SUBSTRATE
1326,1000383,709,PRODUCT
1327,1000383,872,PRODUCT
1328,1000384,709,SUBSTRATE
1329,1000384,872,SUBSTRATE
1330,1000384,221,PRODUCT
1331,1000384,409,PRODUCT
1332,1000384,873,PRODUCT
1333,1000385,873,SUBSTRATE
1334,1000385,1074,SUBSTRATE
1335,1000385,365,PRODUCT
1336,1000385,700,PRODUCT
1337,1000385,872,PRODUCT
1338,1000386,740,SUBSTRATE
1339,1000386,1075,SUBSTRATE
1340,1000386,365,PRODUCT
1341,1000386,873,PRODUCT
1342,1000387,423,SUBSTRATE
1343,1000387,873,SUBSTRATE
1344,1000387,1327,SUBSTRATE
1345,1000387,412,PRODUCT
1346,1000387,508,PRODUCT
1347,1000387,582,PRODUCT
1348,1000388,509,SUBSTRATE
1349,1000388,700,SUBSTRATE
1350,1000388,709,SUBSTRATE
1351,1000388,409,PRODUCT
1352,1000388,1300,PRODUCT
1353,1000389,509,SUBSTRATE
1354,1000389,691,SUBSTRATE
1355,1000389,497,PRODUCT
1356,1000389,655,PRODUCT
1357,1000389,700,PRODUCT
1358,1000390,700,SUBSTRATE
1359,1000390,949,SUBSTRATE
1360,1000390,1054,SUBSTRATE
1361,1000390,1102,SUBSTRATE
1362,1000390,277,PRODUCT
1363,1000390,646,PRODUCT
1364,1000390,709,PRODUCT
1365,1000390,1050,PRODUCT
1366,1000391,511,SUBSTRATE
1367,1000391,700,SUBSTRATE
1368,1000391,709,SUBSTRATE
1369,1000391,409,PRODUCT
1370,1000391,1294,PRODUCT
1371,1000392,513,SUBSTRATE
1372,1000392,1102,SUBSTRATE
1373,1000392,562,PRODUCT
1374,1000392,700,PRODUCT
1375,1000392,736,PRODUCT
1376,1000393,514,SUBSTRATE
1377,1000393,1041,SUBSTRATE
1378,1000393,513,PRODUCT
1379,1000393,700,PRODUCT
1380,1000393,1046,PRODUCT
1381,1000394,514,SUBSTRATE
1382,1000394,1050,SUBSTRATE
1383,1000394,513,PRODUCT
1384,1000394,700,PRODUCT
1385,1000394,1054,PRODUCT
1386,1000395,522,SUBSTRATE
1387,1000395,534,PRODUCT
1388,1000395,579,PRODUCT
1389,1000396,527,SUBSTRATE
1390,1000396,1041,SUBSTRATE
1391,1000396,519,PRODUCT
1392,1000396,700,PRODUCT
1393,1000396,1046,PRODUCT
1394,1000397,553,SUBSTRATE
1395,1000397,700,SUBSTRATE
1396,1000397,709,SUBSTRATE
1397,1000397,409,PRODUCT
1398,1000397,600,PRODUCT
1399,1000398,554,SUBSTRATE
1400,1000398,700,SUBSTRATE
1401,1000398,709,SUBSTRATE
1402,1000398,409,PRODUCT
1403,1000398,602,PRODUCT
1404,1000399,179,SUBSTRATE
1405,1000399,700,SUBSTRATE
1406,1000399,709,SUBSTRATE
1407,1000399,183,PRODUCT
1408,1000399,409,PRODUCT
1409,1000400,565,SUBSTRATE
1410,1000400,700,SUBSTRATE
1411,1000400,709,SUBSTRATE
1412,1000400,185,PRODUCT
1413,1000400,409,PRODUCT
1414,1000401,423,SUBSTRATE
1415,1000401,570,SUBSTRATE
1416,1000401,387,PRODUCT
1417,1000401,568,PRODUCT
1418,1000402,709,SUBSTRATE
1419,1000402,1212,SUBSTRATE
1420,1000402,1281,SUBSTRATE
1421,1000402,287,PRODUCT
1422,1000402,1271,PRODUCT
1423,1000402,1280,PRODUCT
1424,1000403,198,SUBSTRATE
1425,1000403,423,SUBSTRATE
1426,1000403,199,PRODUCT
1427,1000403,387,PRODUCT
1428,1000403,700,PRODUCT
1429,1000404,241,SUBSTRATE
1430,1000404,425,SUBSTRATE
1431,1000404,389,PRODUCT
1432,1000404,502,PRODUCT
1433,1000404,705,PRODUCT
1434,1000405,348,SUBSTRATE
1435,1000405,423,SUBSTRATE
1436,1000405,442,SUBSTRATE
1437,1000405,387,PRODUCT
1438,1000405,567,PRODUCT
1439,1000405,700,PRODUCT
1440,1000405,1134,PRODUCT
1441,1000406,962,SUBSTRATE
1442,1000406,1218,SUBSTRATE
1443,1000406,453,PRODUCT
1444,1000406,710,PRODUCT
1445,1000407,483,SUBSTRATE
1446,1000407,1218,SUBSTRATE
1447,1000407,456,PRODUCT
1448,1000407,710,PRODUCT
1449,1000408,459,SUBSTRATE
1450,1000408,710,SUBSTRATE
1451,1000408,962,PRODUCT
1452,1000408,1148,PRODUCT
1453,1000409,462,SUBSTRATE
1454,1000409,710,SUBSTRATE
1455,1000409,483,PRODUCT
1456,1000409,1148,PRODUCT
1457,1000410,575,SUBSTRATE
1458,1000410,700,SUBSTRATE
1459,1000410,1054,SUBSTRATE
1460,1000410,1050,PRODUCT
1461,1000410,1249,PRODUCT
1462,1000411,576,SUBSTRATE
1463,1000411,705,SUBSTRATE
1464,1000411,1056,SUBSTRATE
1465,1000411,1052,PRODUCT
1466,1000411,1250,PRODUCT
1467,1000412,354,SUBSTRATE
1468,1000412,423,SUBSTRATE
1469,1000412,883,SUBSTRATE
1470,1000412,387,PRODUCT
1471,1000412,575,PRODUCT
1472,1000412,700,PRODUCT
1473,1000412,1134,PRODUCT
1474,1000413,351,SUBSTRATE
1475,1000413,195,PRODUCT
1476,1000413,685,PRODUCT
1477,1000414,352,SUBSTRATE
1478,1000414,709,SUBSTRATE
1479,1000414,350,PRODUCT
1480,1000414,1134,PRODUCT
1481,1000415,146,SUBSTRATE
1482,1000415,709,SUBSTRATE
1483,1000415,700,PRODUCT
1484,1000415,1038,PRODUCT
1485,1000416,195,SUBSTRATE
1486,1000416,286,SUBSTRATE
1487,1000416,355,PRODUCT
1488,1000416,713,PRODUCT
1489,1000417,104,SUBSTRATE
1490,1000417,286,SUBSTRATE
1491,1000417,355,PRODUCT
1492,1000417,584,PRODUCT
1493,1000418,114,SUBSTRATE
1494,1000418,263,PRODUCT
1495,1000418,713,PRODUCT
1496,1000419,106,SUBSTRATE
1497,1000419,145,PRODUCT
1498,1000419,713,PRODUCT
1499,1000420,423,SUBSTRATE
1500,1000420,680,SUBSTRATE
1501,1000420,387,PRODUCT
1502,1000420,579,PRODUCT
1503,1000420,700,PRODUCT
1504,1000421,837,SUBSTRATE
1505,1000421,1156,SUBSTRATE
1506,1000421,582,PRODUCT
1507,1000421,661,PRODUCT
1508,1000422,155,SUBSTRATE
1509,1000422,187,PRODUCT
1510,1000422,700,PRODUCT
1511,1000423,317,SUBSTRATE
1512,1000423,709,SUBSTRATE
1513,1000423,700,PRODUCT
1514,1000423,1015,PRODUCT
1515,1000423,1134,PRODUCT
1516,1000424,423,SUBSTRATE
1517,1000424,700,SUBSTRATE
1518,1000424,1015,SUBSTRATE
1519,1000424,1134,SUBSTRATE
1520,1000424,317,PRODUCT
1521,1000424,387,PRODUCT
1522,1000424,709,PRODUCT
1523,1000425,190,SUBSTRATE
1524,1000425,1192,SUBSTRATE
1525,1000425,191,PRODUCT
1526,1000425,700,PRODUCT
1527,1000425,1190,PRODUCT
1528,1000426,506,SUBSTRATE
1529,1000426,590,SUBSTRATE
1530,1000426,700,SUBSTRATE
1531,1000426,449,PRODUCT
1532,1000426,592,PRODUCT
1533,1000427,592,SUBSTRATE
1534,1000427,659,SUBSTRATE
1535,1000427,591,PRODUCT
1536,1000427,655,PRODUCT
1537,1000427,700,PRODUCT
1538,1000428,591,SUBSTRATE
1539,1000428,593,PRODUCT
1540,1000428,973,PRODUCT
1541,1000429,423,SUBSTRATE
1542,1000429,595,SUBSTRATE
1543,1000429,387,PRODUCT
1544,1000429,594,PRODUCT
1545,1000430,602,SUBSTRATE
1546,1000430,709,SUBSTRATE
1547,1000430,582,PRODUCT
1548,1000430,600,PRODUCT
1549,1000430,700,PRODUCT
1550,1000431,711,SUBSTRATE
1551,1000431,1121,SUBSTRATE
1552,1000431,526,PRODUCT
1553,1000432,231,SUBSTRATE
1554,1000432,709,PRODUCT
1555,1000432,1144,PRODUCT
1556,1000433,423,SUBSTRATE
1557,1000433,621,SUBSTRATE
1558,1000433,387,PRODUCT
1559,1000433,700,PRODUCT
1560,1000433,1080,PRODUCT
1561,1000434,623,SUBSTRATE
1562,1000434,709,SUBSTRATE
1563,1000434,365,PRODUCT
1564,1000434,618,PRODUCT
1565,1000434,700,PRODUCT
1566,1000435,102,SUBSTRATE
1567,1000435,711,SUBSTRATE
1568,1000435,530,PRODUCT
1569,1000436,233,SUBSTRATE
1570,1000436,837,SUBSTRATE
1571,1000436,232,PRODUCT
1572,1000436,582,PRODUCT
1573,1000437,427,SUBSTRATE
1574,1000437,504,SUBSTRATE
1575,1000437,559,SUBSTRATE
1576,1000437,415,PRODUCT
1577,1000437,560,PRODUCT
1578,1000437,586,PRODUCT
1579,1000438,427,SUBSTRATE
1580,1000438,504,SUBSTRATE
1581,1000438,953,SUBSTRATE
1582,1000438,415,PRODUCT
1583,1000438,586,PRODUCT
1584,1000438,955,PRODUCT
1585,1000439,427,SUBSTRATE
1586,1000439,504,SUBSTRATE
1587,1000439,1112,SUBSTRATE
1588,1000439,415,PRODUCT
1589,1000439,586,PRODUCT
1590,1000439,1118,PRODUCT
1591,1000440,427,SUBSTRATE
1592,1000440,504,SUBSTRATE
1593,1000440,1086,SUBSTRATE
1594,1000440,415,PRODUCT
1595,1000440,586,PRODUCT
1596,1000440,1088,PRODUCT
1597,1000441,427,SUBSTRATE
1598,1000441,504,SUBSTRATE
1599,1000441,1021,SUBSTRATE
1600,1000441,415,PRODUCT
1601,1000441,586,PRODUCT
1602,1000441,1023,PRODUCT
1603,1000442,820,SUBSTRATE
1604,1000442,1161,SUBSTRATE
1605,1000442,637,PRODUCT
1606,1000442,705,PRODUCT
1607,1000443,636,SUBSTRATE
1608,1000443,737,SUBSTRATE
1609,1000443,635,PRODUCT
1610,1000443,713,PRODUCT
1611,1000444,636,SUBSTRATE
1612,1000444,705,SUBSTRATE
1613,1000444,1105,SUBSTRATE
1614,1000444,635,PRODUCT
1615,1000444,700,PRODUCT
1616,1000444,713,PRODUCT
1617,1000445,635,SUBSTRATE
1618,1000445,705,SUBSTRATE
1619,1000445,1280,SUBSTRATE
1620,1000445,636,PRODUCT
1621,1000445,700,PRODUCT
1622,1000445,1281,PRODUCT
1623,1000446,423,SUBSTRATE
1624,1000446,639,SUBSTRATE
1625,1000446,700,SUBSTRATE
1626,1000446,582,PRODUCT
1627,1000446,625,PRODUCT
1628,1000447,639,SUBSTRATE
1629,1000447,700,SUBSTRATE
1630,1000447,1046,SUBSTRATE
1631,1000447,642,PRODUCT
1632,1000447,1041,PRODUCT
1633,1000448,639,SUBSTRATE
1634,1000448,700,SUBSTRATE
1635,1000448,1054,SUBSTRATE
1636,1000448,642,PRODUCT
1637,1000448,1050,PRODUCT
1638,1000449,645,SUBSTRATE
1639,1000449,666,SUBSTRATE
1640,1000449,1041,SUBSTRATE
1641,1000449,700,PRODUCT
1642,1000449,1046,PRODUCT
1643,1000449,1196,PRODUCT
1644,1000450,646,SUBSTRATE
1645,1000450,1041,SUBSTRATE
1646,1000450,442,PRODUCT
1647,1000450,1046,PRODUCT
1648,1000451,423,SUBSTRATE
1649,1000451,646,SUBSTRATE
1650,1000451,1249,SUBSTRATE
1651,1000451,169,PRODUCT
1652,1000451,387,PRODUCT
1653,1000451,1134,PRODUCT
1654,1000452,425,SUBSTRATE
1655,1000452,648,SUBSTRATE
1656,1000452,1250,SUBSTRATE
1657,1000452,170,PRODUCT
1658,1000452,389,PRODUCT
1659,1000452,1138,PRODUCT
1660,1000453,429,SUBSTRATE
1661,1000453,709,SUBSTRATE
1662,1000453,523,PRODUCT
1663,1000453,1134,PRODUCT
1664,1000454,521,SUBSTRATE
1665,1000454,709,SUBSTRATE
1666,1000454,523,PRODUCT
1667,1000454,1134,PRODUCT
1668,1000455,521,SUBSTRATE
1669,1000455,579,PRODUCT
1670,1000455,674,PRODUCT
1671,1000456,651,SUBSTRATE
1672,1000456,713,SUBSTRATE
1673,1000456,153,PRODUCT
1674,1000457,649,SUBSTRATE
1675,1000457,709,SUBSTRATE
1676,1000457,151,PRODUCT
1677,1000458,146,SUBSTRATE
1678,1000458,649,SUBSTRATE
1679,1000458,1096,PRODUCT
1680,1000458,1227,PRODUCT
1681,1000459,628,SUBSTRATE
1682,1000459,651,SUBSTRATE
1683,1000459,626,PRODUCT
1684,1000459,705,PRODUCT
1685,1000459,1229,PRODUCT
1686,1000460,627,SUBSTRATE
1687,1000460,649,SUBSTRATE
1688,1000460,625,PRODUCT
1689,1000460,700,PRODUCT
1690,1000460,1227,PRODUCT
1691,1000461,666,SUBSTRATE
1692,1000461,847,SUBSTRATE
1693,1000461,875,PRODUCT
1694,1000461,879,PRODUCT
1695,1000462,423,SUBSTRATE
1696,1000462,524,SUBSTRATE
1697,1000462,387,PRODUCT
1698,1000462,400,PRODUCT
1699,1000462,700,PRODUCT
1700,1000463,400,SUBSTRATE
1701,1000463,700,SUBSTRATE
1702,1000463,1303,SUBSTRATE
1703,1000463,582,PRODUCT
1704,1000463,1285,PRODUCT
1705,1000464,423,SUBSTRATE
1706,1000464,873,SUBSTRATE
1707,1000464,883,SUBSTRATE
1708,1000464,387,PRODUCT
1709,1000464,700,PRODUCT
1710,1000464,880,PRODUCT
1711,1000464,1134,PRODUCT
1712,1000465,232,SUBSTRATE
1713,1000465,837,SUBSTRATE
1714,1000465,582,PRODUCT
1715,1000465,1123,PRODUCT
1716,1000466,661,SUBSTRATE
1717,1000466,837,SUBSTRATE
1718,1000466,233,PRODUCT
1719,1000466,582,PRODUCT
1720,1000467,681,SUBSTRATE
1721,1000467,709,SUBSTRATE
1722,1000467,529,PRODUCT
1723,1000468,682,SUBSTRATE
1724,1000468,716,SUBSTRATE
1725,1000468,531,PRODUCT
1726,1000469,402,SUBSTRATE
1727,1000469,709,SUBSTRATE
1728,1000469,409,PRODUCT
1729,1000469,523,PRODUCT
1730,1000470,533,SUBSTRATE
1731,1000470,1050,SUBSTRATE
1732,1000470,343,PRODUCT
1733,1000470,700,PRODUCT
1734,1000470,1054,PRODUCT
1735,1000471,533,SUBSTRATE
1736,1000471,523,PRODUCT
1737,1000472,423,SUBSTRATE
1738,1000472,883,SUBSTRATE
1739,1000472,387,PRODUCT
1740,1000472,878,PRODUCT
1741,1000473,700,SUBSTRATE
1742,1000473,883,SUBSTRATE
1743,1000473,442,PRODUCT
1744,1000473,652,PRODUCT
1745,1000474,709,SUBSTRATE
1746,1000474,883,SUBSTRATE
1747,1000474,1041,SUBSTRATE
1748,1000474,223,PRODUCT
1749,1000474,409,PRODUCT
1750,1000474,700,PRODUCT
1751,1000474,1046,PRODUCT
1752,1000475,223,SUBSTRATE
1753,1000475,409,SUBSTRATE
1754,1000475,700,SUBSTRATE
1755,1000475,1054,SUBSTRATE
1756,1000475,709,PRODUCT
1757,1000475,883,PRODUCT
1758,1000475,1050,PRODUCT
1759,1000476,223,SUBSTRATE
1760,1000476,700,SUBSTRATE
1761,1000476,890,SUBSTRATE
1762,1000476,1046,SUBSTRATE
1763,1000476,883,PRODUCT
1764,1000476,1041,PRODUCT
1765,1000477,700,SUBSTRATE
1766,1000477,878,SUBSTRATE
1767,1000477,1054,SUBSTRATE
1768,1000477,889,PRODUCT
1769,1000477,1050,PRODUCT
1770,1000477,1134,PRODUCT
1771,1000478,709,SUBSTRATE
1772,1000478,890,SUBSTRATE
1773,1000478,409,PRODUCT
1774,1000478,883,PRODUCT
1775,1000479,409,SUBSTRATE
1776,1000479,423,SUBSTRATE
1777,1000479,883,SUBSTRATE
1778,1000479,387,PRODUCT
1779,1000479,700,PRODUCT
1780,1000479,890,PRODUCT
1781,1000479,1134,PRODUCT
1782,1000480,523,SUBSTRATE
1783,1000480,890,SUBSTRATE
1784,1000480,402,PRODUCT
1785,1000480,883,PRODUCT
1786,1000481,423,SUBSTRATE
1787,1000481,890,SUBSTRATE
1788,1000481,1328,SUBSTRATE
1789,1000481,412,PRODUCT
1790,1000481,582,PRODUCT
1791,1000481,663,PRODUCT
1792,1000482,423,SUBSTRATE
1793,1000482,883,SUBSTRATE
1794,1000482,1329,SUBSTRATE
1795,1000482,412,PRODUCT
1796,1000482,582,PRODUCT
1797,1000482,664,PRODUCT
1798,1000483,425,SUBSTRATE
1799,1000483,885,SUBSTRATE
1800,1000483,1330,SUBSTRATE
1801,1000483,413,PRODUCT
1802,1000483,584,PRODUCT
1803,1000483,665,PRODUCT
1804,1000484,670,SUBSTRATE
1805,1000484,700,SUBSTRATE
1806,1000484,1054,SUBSTRATE
1807,1000484,666,PRODUCT
1808,1000484,1050,PRODUCT
1809,1000485,672,SUBSTRATE
1810,1000485,705,SUBSTRATE
1811,1000485,1056,SUBSTRATE
1812,1000485,668,PRODUCT
1813,1000485,1052,PRODUCT
1814,1000486,666,SUBSTRATE
1815,1000486,736,SUBSTRATE
1816,1000486,670,PRODUCT
1817,1000486,709,PRODUCT
1818,1000487,668,SUBSTRATE
1819,1000487,737,SUBSTRATE
1820,1000487,672,PRODUCT
1821,1000487,713,PRODUCT
1822,1000488,423,SUBSTRATE
1823,1000488,880,SUBSTRATE
1824,1000488,894,SUBSTRATE
1825,1000488,387,PRODUCT
1826,1000488,666,PRODUCT
1827,1000488,700,PRODUCT
1828,1000488,1134,PRODUCT
1829,1000489,674,SUBSTRATE
1830,1000489,1041,SUBSTRATE
1831,1000489,1134,SUBSTRATE
1832,1000489,155,PRODUCT
1833,1000489,700,PRODUCT
1834,1000489,1046,PRODUCT
1835,1000490,675,SUBSTRATE
1836,1000490,1050,SUBSTRATE
1837,1000490,680,PRODUCT
1838,1000490,700,PRODUCT
1839,1000490,1054,PRODUCT
1840,1000491,423,SUBSTRATE
1841,1000491,675,SUBSTRATE
1842,1000491,387,PRODUCT
1843,1000491,677,PRODUCT
1844,1000491,700,PRODUCT
1845,1000492,677,SUBSTRATE
1846,1000492,709,SUBSTRATE
1847,1000492,675,PRODUCT
1848,1000492,1134,PRODUCT
1849,1000493,626,SUBSTRATE
1850,1000493,679,SUBSTRATE
1851,1000493,705,SUBSTRATE
1852,1000493,581,PRODUCT
1853,1000493,628,PRODUCT
1854,1000494,579,SUBSTRATE
1855,1000494,700,SUBSTRATE
1856,1000494,1046,SUBSTRATE
1857,1000494,677,PRODUCT
1858,1000494,1041,PRODUCT
1859,1000495,581,SUBSTRATE
1860,1000495,705,SUBSTRATE
1861,1000495,1048,SUBSTRATE
1862,1000495,679,PRODUCT
1863,1000495,1043,PRODUCT
1864,1000496,709,SUBSTRATE
1865,1000496,1208,SUBSTRATE
1866,1000496,487,PRODUCT
1867,1000496,677,PRODUCT
1868,1000496,700,PRODUCT
1869,1000497,169,SUBSTRATE
1870,1000497,333,SUBSTRATE
1871,1000497,309,PRODUCT
1872,1000497,700,PRODUCT
1873,1000497,1249,PRODUCT
1874,1000498,499,SUBSTRATE
1875,1000498,844,SUBSTRATE
1876,1000498,373,PRODUCT
1877,1000498,894,PRODUCT
1878,1000499,896,SUBSTRATE
1879,1000499,1043,SUBSTRATE
1880,1000499,1250,SUBSTRATE
1881,1000499,315,PRODUCT
1882,1000499,411,PRODUCT
1883,1000499,445,PRODUCT
1884,1000499,1048,PRODUCT
1885,1000500,929,SUBSTRATE
1886,1000500,1249,SUBSTRATE
1887,1000500,314,PRODUCT
1888,1000500,709,PRODUCT
1889,1000500,894,PRODUCT
1890,1000501,932,SUBSTRATE
1891,1000501,1250,SUBSTRATE
1892,1000501,315,PRODUCT
1893,1000501,713,PRODUCT
1894,1000501,896,PRODUCT
1895,1000502,705,SUBSTRATE
1896,1000502,896,SUBSTRATE
1897,1000502,964,SUBSTRATE
1898,1000502,445,PRODUCT
1899,1000502,1186,PRODUCT
1900,1000503,577,SUBSTRATE
1901,1000503,1043,SUBSTRATE
1902,1000503,705,PRODUCT
1903,1000503,964,PRODUCT
1904,1000503,1048,PRODUCT
1905,1000504,896,SUBSTRATE
1906,1000504,965,SUBSTRATE
1907,1000504,445,PRODUCT
1908,1000504,1187,PRODUCT
1909,1000505,705,SUBSTRATE
1910,1000505,1187,SUBSTRATE
1911,1000505,1250,SUBSTRATE
1912,1000505,315,PRODUCT
1913,1000505,411,PRODUCT
1914,1000505,578,PRODUCT
1915,1000506,578,SUBSTRATE
1916,1000506,1043,SUBSTRATE
1917,1000506,705,PRODUCT
1918,1000506,965,PRODUCT
1919,1000506,1048,PRODUCT
1920,1000507,1186,SUBSTRATE
1921,1000507,1250,SUBSTRATE
1922,1000507,315,PRODUCT
1923,1000507,411,PRODUCT
1924,1000507,577,PRODUCT
1925,1000508,1287,SUBSTRATE
1926,1000508,681,PRODUCT
1927,1000508,700,PRODUCT
1928,1000508,1282,PRODUCT
1929,1000509,681,SUBSTRATE
1930,1000509,1134,SUBSTRATE
1931,1000509,532,PRODUCT
1932,1000510,423,SUBSTRATE
1933,1000510,894,SUBSTRATE
1934,1000510,1331,SUBSTRATE
1935,1000510,412,PRODUCT
1936,1000510,582,PRODUCT
1937,1000510,673,PRODUCT
1938,1000511,423,SUBSTRATE
1939,1000511,709,SUBSTRATE
1940,1000511,890,SUBSTRATE
1941,1000511,1309,SUBSTRATE
1942,1000511,412,PRODUCT
1943,1000511,582,PRODUCT
1944,1000511,689,PRODUCT
1945,1000511,700,PRODUCT
1946,1000511,883,PRODUCT
1947,1000512,339,SUBSTRATE
1948,1000512,710,SUBSTRATE
1949,1000512,337,PRODUCT
1950,1000512,366,PRODUCT
1951,1000512,701,PRODUCT
1952,1000513,338,SUBSTRATE
1953,1000513,591,SUBSTRATE
1954,1000513,342,PRODUCT
1955,1000513,593,PRODUCT
1956,1000514,342,SUBSTRATE
1957,1000514,1143,SUBSTRATE
1958,1000514,344,PRODUCT
1959,1000515,344,SUBSTRATE
1960,1000515,591,SUBSTRATE
1961,1000515,346,PRODUCT
1962,1000515,593,PRODUCT
1963,1000516,346,SUBSTRATE
1964,1000516,591,SUBSTRATE
1965,1000516,345,PRODUCT
1966,1000517,345,SUBSTRATE
1967,1000517,1143,SUBSTRATE
1968,1000517,340,PRODUCT
1969,1000517,574,PRODUCT
1970,1000518,691,SUBSTRATE
1971,1000518,709,SUBSTRATE
1972,1000518,353,PRODUCT
1973,1000518,646,PRODUCT
1974,1000518,700,PRODUCT
1975,1000519,691,SUBSTRATE
1976,1000519,709,SUBSTRATE
1977,1000519,188,PRODUCT
1978,1000519,582,PRODUCT
1979,1000519,646,PRODUCT
1980,1000519,700,PRODUCT
1981,1000520,693,SUBSTRATE
1982,1000520,700,SUBSTRATE
1983,1000520,709,SUBSTRATE
1984,1000520,360,PRODUCT
1985,1000520,409,PRODUCT
1986,1000521,693,SUBSTRATE
1987,1000521,1164,SUBSTRATE
1988,1000521,582,PRODUCT
1989,1000521,689,PRODUCT
1990,1000522,423,SUBSTRATE
1991,1000522,689,SUBSTRATE
1992,1000522,387,PRODUCT
1993,1000522,655,PRODUCT
1994,1000523,550,SUBSTRATE
1995,1000523,689,SUBSTRATE
1996,1000523,546,PRODUCT
1997,1000523,655,PRODUCT
1998,1000524,718,SUBSTRATE
1999,1000524,1048,SUBSTRATE
2000,1000524,1105,SUBSTRATE
2001,1000524,713,PRODUCT
2002,1000524,717,PRODUCT
2003,1000524,1043,PRODUCT
2004,1000525,234,SUBSTRATE
2005,1000525,637,SUBSTRATE
2006,1000525,713,SUBSTRATE
2007,1000525,584,PRODUCT
2008,1000525,718,PRODUCT
2009,1000526,200,SUBSTRATE
2010,1000526,705,SUBSTRATE
2011,1000526,1194,SUBSTRATE
2012,1000526,1191,PRODUCT
2013,1000526,1280,PRODUCT
2014,1000527,423,SUBSTRATE
2015,1000527,519,SUBSTRATE
2016,1000527,387,PRODUCT
2017,1000527,523,PRODUCT
2018,1000527,700,PRODUCT
2019,1000528,423,SUBSTRATE
2020,1000528,529,SUBSTRATE
2021,1000528,387,PRODUCT
2022,1000528,533,PRODUCT
2023,1000528,700,PRODUCT
2024,1000529,423,SUBSTRATE
2025,1000529,535,SUBSTRATE
2026,1000529,387,PRODUCT
2027,1000529,538,PRODUCT
2028,1000529,700,PRODUCT
2029,1000530,709,SUBSTRATE
2030,1000530,901,SUBSTRATE
2031,1000530,1041,SUBSTRATE
2032,1000530,700,PRODUCT
2033,1000530,897,PRODUCT
2034,1000530,1046,PRODUCT
2035,1000531,709,SUBSTRATE
2036,1000531,902,SUBSTRATE
2037,1000531,901,PRODUCT
2038,1000531,1134,PRODUCT
2039,1000532,245,SUBSTRATE
2040,1000532,883,SUBSTRATE
2041,1000532,223,PRODUCT
2042,1000532,902,PRODUCT
2043,1000533,423,SUBSTRATE
2044,1000533,897,SUBSTRATE
2045,1000533,1332,SUBSTRATE
2046,1000533,412,PRODUCT
2047,1000533,582,PRODUCT
2048,1000533,731,PRODUCT
2049,1000534,425,SUBSTRATE
2050,1000534,899,SUBSTRATE
2051,1000534,1333,SUBSTRATE
2052,1000534,413,PRODUCT
2053,1000534,584,PRODUCT
2054,1000534,732,PRODUCT
2055,1000535,897,SUBSTRATE
2056,1000535,1192,SUBSTRATE
2057,1000535,700,PRODUCT
2058,1000535,1027,PRODUCT
2059,1000535,1190,PRODUCT
2060,1000536,440,SUBSTRATE
2061,1000536,713,SUBSTRATE
2062,1000536,735,PRODUCT
2063,1000537,226,SUBSTRATE
2064,1000537,375,SUBSTRATE
2065,1000537,714,SUBSTRATE
2066,1000537,503,PRODUCT
2067,1000537,706,PRODUCT
2068,1000537,734,PRODUCT
2069,1000538,903,SUBSTRATE
2070,1000538,1192,SUBSTRATE
2071,1000538,700,PRODUCT
2072,1000538,919,PRODUCT
2073,1000538,1190,PRODUCT
2074,1000539,735,SUBSTRATE
2075,1000539,1043,SUBSTRATE
2076,1000539,220,PRODUCT
2077,1000539,445,PRODUCT
2078,1000539,1048,PRODUCT
2079,1000540,700,SUBSTRATE
2080,1000540,870,SUBSTRATE
2081,1000540,1046,SUBSTRATE
2082,1000540,904,PRODUCT
2083,1000540,1041,PRODUCT
2084,1000541,700,SUBSTRATE
2085,1000541,870,SUBSTRATE
2086,1000541,1054,SUBSTRATE
2087,1000541,904,PRODUCT
2088,1000541,1050,PRODUCT
2089,1000542,423,SUBSTRATE
2090,1000542,904,SUBSTRATE
2091,1000542,387,PRODUCT
2092,1000542,700,PRODUCT
2093,1000542,1079,PRODUCT
2094,1000543,373,SUBSTRATE
2095,1000543,904,SUBSTRATE
2096,1000543,499,PRODUCT
2097,1000543,1074,PRODUCT
2098,1000544,700,SUBSTRATE
2099,1000544,736,SUBSTRATE
2100,1000544,1354,SUBSTRATE
2101,1000544,709,PRODUCT
2102,1000544,1358,PRODUCT
2103,1000545,705,SUBSTRATE
2104,1000545,737,SUBSTRATE
2105,1000545,1355,SUBSTRATE
2106,1000545,713,PRODUCT
2107,1000545,1359,PRODUCT
2108,1000546,707,SUBSTRATE
2109,1000546,739,SUBSTRATE
2110,1000546,1357,SUBSTRATE
2111,1000546,715,PRODUCT
2112,1000546,1361,PRODUCT
2113,1000547,131,SUBSTRATE
2114,1000547,709,SUBSTRATE
2115,1000547,123,PRODUCT
2116,1000547,666,PRODUCT
2117,1000547,700,PRODUCT
2118,1000548,132,SUBSTRATE
2119,1000548,713,SUBSTRATE
2120,1000548,125,PRODUCT
2121,1000548,668,PRODUCT
2122,1000548,705,PRODUCT
2123,1000549,297,SUBSTRATE
2124,1000549,730,SUBSTRATE
2125,1000549,254,PRODUCT
2126,1000549,584,PRODUCT
2127,1000550,318,SUBSTRATE
2128,1000550,423,SUBSTRATE
2129,1000550,301,PRODUCT
2130,1000550,387,PRODUCT
2131,1000550,700,PRODUCT
2132,1000551,709,SUBSTRATE
2133,1000551,1152,SUBSTRATE
2134,1000551,409,PRODUCT
2135,1000551,1158,PRODUCT
2136,1000552,256,SUBSTRATE
2137,1000552,700,SUBSTRATE
2138,1000552,1054,SUBSTRATE
2139,1000552,126,PRODUCT
2140,1000552,499,PRODUCT
2141,1000552,1050,PRODUCT
2142,1000553,371,SUBSTRATE
2143,1000553,374,SUBSTRATE
2144,1000553,713,SUBSTRATE
2145,1000553,257,PRODUCT
2146,1000553,502,PRODUCT
2147,1000553,705,PRODUCT
2148,1000554,283,SUBSTRATE
2149,1000554,423,SUBSTRATE
2150,1000554,281,PRODUCT
2151,1000554,387,PRODUCT
2152,1000554,700,PRODUCT
2153,1000555,741,SUBSTRATE
2154,1000555,1164,SUBSTRATE
2155,1000555,582,PRODUCT
2156,1000555,747,PRODUCT
2157,1000556,320,SUBSTRATE
2158,1000556,890,SUBSTRATE
2159,1000556,393,PRODUCT
2160,1000556,516,PRODUCT
2161,1000556,700,PRODUCT
2162,1000556,883,PRODUCT
2163,1000557,516,SUBSTRATE
2164,1000557,245,PRODUCT
2165,1000557,709,PRODUCT
2166,1000558,709,SUBSTRATE
2167,1000558,747,SUBSTRATE
2168,1000558,1041,SUBSTRATE
2169,1000558,700,PRODUCT
2170,1000558,1046,PRODUCT
2171,1000558,1309,PRODUCT
2172,1000559,156,SUBSTRATE
2173,1000559,700,SUBSTRATE
2174,1000559,162,PRODUCT
2175,1000559,442,PRODUCT
2176,1000559,709,PRODUCT
2177,1000560,700,SUBSTRATE
2178,1000560,753,SUBSTRATE
2179,1000560,442,PRODUCT
2180,1000560,748,PRODUCT
2181,1000561,582,SUBSTRATE
2182,1000561,709,SUBSTRATE
2183,1000561,700,PRODUCT
2184,1000561,1134,PRODUCT
2185,1000562,584,SUBSTRATE
2186,1000562,713,SUBSTRATE
2187,1000562,705,PRODUCT
2188,1000562,1138,PRODUCT
2189,1000563,1147,SUBSTRATE
2190,1000563,709,PRODUCT
2191,1000563,747,PRODUCT
2192,1000564,426,SUBSTRATE
2193,1000564,1016,SUBSTRATE
2194,1000564,390,PRODUCT
2195,1000564,706,PRODUCT
2196,1000564,1018,PRODUCT
2197,1000565,172,SUBSTRATE
2198,1000565,426,SUBSTRATE
2199,1000565,390,PRODUCT
2200,1000565,706,PRODUCT
2201,1000565,1016,PRODUCT
2202,1000566,173,SUBSTRATE
2203,1000566,426,SUBSTRATE
2204,1000566,390,PRODUCT
2205,1000566,706,PRODUCT
2206,1000566,1016,PRODUCT
2207,1000567,174,SUBSTRATE
2208,1000567,426,SUBSTRATE
2209,1000567,173,PRODUCT
2210,1000567,390,PRODUCT
2211,1000567,706,PRODUCT
2212,1000568,174,SUBSTRATE
2213,1000568,426,SUBSTRATE
2214,1000568,172,PRODUCT
2215,1000568,390,PRODUCT
2216,1000568,706,PRODUCT
2217,1000569,710,SUBSTRATE
2218,1000569,979,SUBSTRATE
2219,1000569,453,PRODUCT
2220,1000569,976,PRODUCT
2221,1000570,710,SUBSTRATE
2222,1000570,982,SUBSTRATE
2223,1000570,456,PRODUCT
2224,1000570,976,PRODUCT
2225,1000571,710,SUBSTRATE
2226,1000571,991,SUBSTRATE
2227,1000571,465,PRODUCT
2228,1000571,976,PRODUCT
2229,1000572,710,SUBSTRATE
2230,1000572,994,SUBSTRATE
2231,1000572,468,PRODUCT
2232,1000572,976,PRODUCT
2233,1000573,710,SUBSTRATE
2234,1000573,985,SUBSTRATE
2235,1000573,459,PRODUCT
2236,1000573,976,PRODUCT
2237,1000574,710,SUBSTRATE
2238,1000574,988,SUBSTRATE
2239,1000574,462,PRODUCT
2240,1000574,976,PRODUCT
2241,1000575,710,SUBSTRATE
2242,1000575,997,SUBSTRATE
2243,1000575,471,PRODUCT
2244,1000575,976,PRODUCT
2245,1000576,710,SUBSTRATE
2246,1000576,1000,SUBSTRATE
2247,1000576,474,PRODUCT
2248,1000576,976,PRODUCT
2249,1000577,710,SUBSTRATE
2250,1000577,1003,SUBSTRATE
2251,1000577,477,PRODUCT
2252,1000577,976,PRODUCT
2253,1000578,710,SUBSTRATE
2254,1000578,1006,SUBSTRATE
2255,1000578,480,PRODUCT
2256,1000578,976,PRODUCT
2257,1000579,710,SUBSTRATE
2258,1000579,757,SUBSTRATE
2259,1000579,453,PRODUCT
2260,1000579,974,PRODUCT
2261,1000580,710,SUBSTRATE
2262,1000580,760,SUBSTRATE
2263,1000580,456,PRODUCT
2264,1000580,974,PRODUCT
2265,1000581,710,SUBSTRATE
2266,1000581,769,SUBSTRATE
2267,1000581,465,PRODUCT
2268,1000581,974,PRODUCT
2269,1000582,710,SUBSTRATE
2270,1000582,772,SUBSTRATE
2271,1000582,468,PRODUCT
2272,1000582,974,PRODUCT
2273,1000583,710,SUBSTRATE
2274,1000583,763,SUBSTRATE
2275,1000583,459,PRODUCT
2276,1000583,974,PRODUCT
2277,1000584,710,SUBSTRATE
2278,1000584,766,SUBSTRATE
2279,1000584,462,PRODUCT
2280,1000584,974,PRODUCT
2281,1000585,710,SUBSTRATE
2282,1000585,775,SUBSTRATE
2283,1000585,471,PRODUCT
2284,1000585,974,PRODUCT
2285,1000586,710,SUBSTRATE
2286,1000586,778,SUBSTRATE
2287,1000586,474,PRODUCT
2288,1000586,974,PRODUCT
2289,1000587,710,SUBSTRATE
2290,1000587,781,SUBSTRATE
2291,1000587,477,PRODUCT
2292,1000587,974,PRODUCT
2293,1000588,710,SUBSTRATE
2294,1000588,784,SUBSTRATE
2295,1000588,480,PRODUCT
2296,1000588,974,PRODUCT
2297,1000589,713,SUBSTRATE
2298,1000589,790,SUBSTRATE
2299,1000589,177,PRODUCT
2300,1000589,455,PRODUCT
2301,1000589,705,PRODUCT
2302,1000590,713,SUBSTRATE
2303,1000590,793,SUBSTRATE
2304,1000590,177,PRODUCT
2305,1000590,458,PRODUCT
2306,1000590,705,PRODUCT
2307,1000591,713,SUBSTRATE
2308,1000591,802,SUBSTRATE
2309,1000591,177,PRODUCT
2310,1000591,467,PRODUCT
2311,1000591,705,PRODUCT
2312,1000592,713,SUBSTRATE
2313,1000592,805,SUBSTRATE
2314,1000592,177,PRODUCT
2315,1000592,470,PRODUCT
2316,1000592,705,PRODUCT
2317,1000593,713,SUBSTRATE
2318,1000593,796,SUBSTRATE
2319,1000593,177,PRODUCT
2320,1000593,461,PRODUCT
2321,1000593,705,PRODUCT
2322,1000594,713,SUBSTRATE
2323,1000594,799,SUBSTRATE
2324,1000594,177,PRODUCT
2325,1000594,464,PRODUCT
2326,1000594,705,PRODUCT
2327,1000595,713,SUBSTRATE
2328,1000595,808,SUBSTRATE
2329,1000595,177,PRODUCT
2330,1000595,473,PRODUCT
2331,1000595,705,PRODUCT
2332,1000596,713,SUBSTRATE
2333,1000596,811,SUBSTRATE
2334,1000596,177,PRODUCT
2335,1000596,476,PRODUCT
2336,1000596,705,PRODUCT
2337,1000597,713,SUBSTRATE
2338,1000597,814,SUBSTRATE
2339,1000597,177,PRODUCT
2340,1000597,479,PRODUCT
2341,1000597,705,PRODUCT
2342,1000598,713,SUBSTRATE
2343,1000598,817,SUBSTRATE
2344,1000598,177,PRODUCT
2345,1000598,482,PRODUCT
2346,1000598,705,PRODUCT
2347,1000599,713,SUBSTRATE
2348,1000599,981,SUBSTRATE
2349,1000599,455,PRODUCT
2350,1000599,977,PRODUCT
2351,1000600,713,SUBSTRATE
2352,1000600,984,SUBSTRATE
2353,1000600,458,PRODUCT
2354,1000600,977,PRODUCT
2355,1000601,713,SUBSTRATE
2356,1000601,993,SUBSTRATE
2357,1000601,467,PRODUCT
2358,1000601,977,PRODUCT
2359,1000602,713,SUBSTRATE
2360,1000602,996,SUBSTRATE
2361,1000602,470,PRODUCT
2362,1000602,977,PRODUCT
2363,1000603,713,SUBSTRATE
2364,1000603,987,SUBSTRATE
2365,1000603,461,PRODUCT
2366,1000603,977,PRODUCT
2367,1000604,713,SUBSTRATE
2368,1000604,990,SUBSTRATE
2369,1000604,464,PRODUCT
2370,1000604,977,PRODUCT
2371,1000605,713,SUBSTRATE
2372,1000605,999,SUBSTRATE
2373,1000605,473,PRODUCT
2374,1000605,977,PRODUCT
2375,1000606,713,SUBSTRATE
2376,1000606,1002,SUBSTRATE
2377,1000606,476,PRODUCT
2378,1000606,977,PRODUCT
2379,1000607,713,SUBSTRATE
2380,1000607,1005,SUBSTRATE
2381,1000607,479,PRODUCT
2382,1000607,977,PRODUCT
2383,1000608,713,SUBSTRATE
2384,1000608,1008,SUBSTRATE
2385,1000608,482,PRODUCT
2386,1000608,977,PRODUCT
2387,1000609,713,SUBSTRATE
2388,1000609,759,SUBSTRATE
2389,1000609,455,PRODUCT
2390,1000609,975,PRODUCT
2391,1000610,713,SUBSTRATE
2392,1000610,762,SUBSTRATE
2393,1000610,458,PRODUCT
2394,1000610,975,PRODUCT
2395,1000611,713,SUBSTRATE
2396,1000611,771,SUBSTRATE
2397,1000611,467,PRODUCT
2398,1000611,975,PRODUCT
2399,1000612,713,SUBSTRATE
2400,1000612,774,SUBSTRATE
2401,1000612,470,PRODUCT
2402,1000612,975,PRODUCT
2403,1000613,713,SUBSTRATE
2404,1000613,765,SUBSTRATE
2405,1000613,461,PRODUCT
2406,1000613,975,PRODUCT
2407,1000614,713,SUBSTRATE
2408,1000614,768,SUBSTRATE
2409,1000614,464,PRODUCT
2410,1000614,975,PRODUCT
2411,1000615,713,SUBSTRATE
2412,1000615,777,SUBSTRATE
2413,1000615,473,PRODUCT
2414,1000615,975,PRODUCT
2415,1000616,713,SUBSTRATE
2416,1000616,780,SUBSTRATE
2417,1000616,476,PRODUCT
2418,1000616,975,PRODUCT
2419,1000617,713,SUBSTRATE
2420,1000617,783,SUBSTRATE
2421,1000617,479,PRODUCT
2422,1000617,975,PRODUCT
2423,1000618,713,SUBSTRATE
2424,1000618,786,SUBSTRATE
2425,1000618,482,PRODUCT
2426,1000618,975,PRODUCT
2427,1000619,710,SUBSTRATE
2428,1000619,788,SUBSTRATE
2429,1000619,176,PRODUCT
2430,1000619,453,PRODUCT
2431,1000619,701,PRODUCT
2432,1000620,710,SUBSTRATE
2433,1000620,791,SUBSTRATE
2434,1000620,176,PRODUCT
2435,1000620,456,PRODUCT
2436,1000620,701,PRODUCT
2437,1000621,710,SUBSTRATE
2438,1000621,800,SUBSTRATE
2439,1000621,176,PRODUCT
2440,1000621,465,PRODUCT
2441,1000621,701,PRODUCT
2442,1000622,710,SUBSTRATE
2443,1000622,803,SUBSTRATE
2444,1000622,176,PRODUCT
2445,1000622,468,PRODUCT
2446,1000622,701,PRODUCT
2447,1000623,710,SUBSTRATE
2448,1000623,794,SUBSTRATE
2449,1000623,176,PRODUCT
2450,1000623,459,PRODUCT
2451,1000623,701,PRODUCT
2452,1000624,710,SUBSTRATE
2453,1000624,797,SUBSTRATE
2454,1000624,176,PRODUCT
2455,1000624,462,PRODUCT
2456,1000624,701,PRODUCT
2457,1000625,710,SUBSTRATE
2458,1000625,806,SUBSTRATE
2459,1000625,176,PRODUCT
2460,1000625,471,PRODUCT
2461,1000625,701,PRODUCT
2462,1000626,710,SUBSTRATE
2463,1000626,809,SUBSTRATE
2464,1000626,176,PRODUCT
2465,1000626,474,PRODUCT
2466,1000626,701,PRODUCT
2467,1000627,710,SUBSTRATE
2468,1000627,812,SUBSTRATE
2469,1000627,176,PRODUCT
2470,1000627,477,PRODUCT
2471,1000627,701,PRODUCT
2472,1000628,710,SUBSTRATE
2473,1000628,815,SUBSTRATE
2474,1000628,176,PRODUCT
2475,1000628,480,PRODUCT
2476,1000628,701,PRODUCT
2477,1000629,709,SUBSTRATE
2478,1000629,821,SUBSTRATE
2479,1000629,365,PRODUCT
2480,1000629,700,PRODUCT
2481,1000629,823,PRODUCT
2482,1000630,709,SUBSTRATE
2483,1000630,829,SUBSTRATE
2484,1000630,365,PRODUCT
2485,1000630,700,PRODUCT
2486,1000630,826,PRODUCT
2487,1000631,835,SUBSTRATE
2488,1000631,1043,SUBSTRATE
2489,1000631,225,PRODUCT
2490,1000631,445,PRODUCT
2491,1000631,1048,PRODUCT
2492,1000632,834,SUBSTRATE
2493,1000632,1050,SUBSTRATE
2494,1000632,223,PRODUCT
2495,1000632,442,PRODUCT
2496,1000632,1054,PRODUCT
2497,1000633,836,SUBSTRATE
2498,1000633,1053,SUBSTRATE
2499,1000633,227,PRODUCT
2500,1000633,447,PRODUCT
2501,1000633,1057,PRODUCT
2502,1000634,834,SUBSTRATE
2503,1000634,686,PRODUCT
2504,1000634,1227,PRODUCT
2505,1000635,223,SUBSTRATE
2506,1000635,906,SUBSTRATE
2507,1000635,143,PRODUCT
2508,1000635,883,PRODUCT
2509,1000636,225,SUBSTRATE
2510,1000636,908,SUBSTRATE
2511,1000636,145,PRODUCT
2512,1000636,885,PRODUCT
2513,1000637,423,SUBSTRATE
2514,1000637,906,SUBSTRATE
2515,1000637,1334,SUBSTRATE
2516,1000637,412,PRODUCT
2517,1000637,582,PRODUCT
2518,1000637,745,PRODUCT
2519,1000638,425,SUBSTRATE
2520,1000638,908,SUBSTRATE
2521,1000638,1335,SUBSTRATE
2522,1000638,413,PRODUCT
2523,1000638,584,PRODUCT
2524,1000638,746,PRODUCT
2525,1000639,837,SUBSTRATE
2526,1000639,1156,PRODUCT
2527,1000640,425,SUBSTRATE
2528,1000640,502,SUBSTRATE
2529,1000640,840,SUBSTRATE
2530,1000640,389,PRODUCT
2531,1000640,841,PRODUCT
2532,1000640,1138,PRODUCT
2533,1000641,137,SUBSTRATE
2534,1000641,705,SUBSTRATE
2535,1000641,1056,SUBSTRATE
2536,1000641,106,PRODUCT
2537,1000641,1052,PRODUCT
2538,1000642,709,SUBSTRATE
2539,1000642,910,SUBSTRATE
2540,1000642,416,PRODUCT
2541,1000642,700,PRODUCT
2542,1000642,847,PRODUCT
2543,1000643,700,SUBSTRATE
2544,1000643,910,SUBSTRATE
2545,1000643,1054,SUBSTRATE
2546,1000643,1102,SUBSTRATE
2547,1000643,258,PRODUCT
2548,1000643,709,PRODUCT
2549,1000643,1050,PRODUCT
2550,1000644,166,SUBSTRATE
2551,1000644,713,SUBSTRATE
2552,1000644,1043,SUBSTRATE
2553,1000644,616,PRODUCT
2554,1000644,705,PRODUCT
2555,1000644,1048,PRODUCT
2556,1000645,713,SUBSTRATE
2557,1000645,846,SUBSTRATE
2558,1000645,1043,SUBSTRATE
2559,1000645,616,PRODUCT
2560,1000645,705,PRODUCT
2561,1000645,1048,PRODUCT
2562,1000646,225,SUBSTRATE
2563,1000646,849,SUBSTRATE
2564,1000646,885,PRODUCT
2565,1000646,1179,PRODUCT
2566,1000647,850,SUBSTRATE
2567,1000647,362,PRODUCT
2568,1000647,894,PRODUCT
2569,1000648,850,SUBSTRATE
2570,1000648,1050,SUBSTRATE
2571,1000648,700,PRODUCT
2572,1000648,844,PRODUCT
2573,1000648,1054,PRODUCT
2574,1000649,423,SUBSTRATE
2575,1000649,700,SUBSTRATE
2576,1000649,845,SUBSTRATE
2577,1000649,1054,SUBSTRATE
2578,1000649,412,PRODUCT
2579,1000649,582,PRODUCT
2580,1000649,851,PRODUCT
2581,1000649,1050,PRODUCT
2582,1000650,709,SUBSTRATE
2583,1000650,861,SUBSTRATE
2584,1000650,409,PRODUCT
2585,1000650,865,PRODUCT
2586,1000651,711,SUBSTRATE
2587,1000651,862,SUBSTRATE
2588,1000651,410,PRODUCT
2589,1000651,866,PRODUCT
2590,1000652,223,SUBSTRATE
2591,1000652,615,SUBSTRATE
2592,1000652,292,PRODUCT
2593,1000652,883,PRODUCT
2594,1000653,225,SUBSTRATE
2595,1000653,616,SUBSTRATE
2596,1000653,293,PRODUCT
2597,1000653,885,PRODUCT
2598,1000654,227,SUBSTRATE
2599,1000654,617,SUBSTRATE
2600,1000654,294,PRODUCT
2601,1000654,887,PRODUCT
2602,1000655,165,SUBSTRATE
2603,1000655,700,SUBSTRATE
2604,1000655,1054,SUBSTRATE
2605,1000655,1050,PRODUCT
2606,1000655,2782,PRODUCT
2607,1000656,700,SUBSTRATE
2608,1000656,1012,SUBSTRATE
2609,1000656,1054,SUBSTRATE
2610,1000656,147,PRODUCT
2611,1000656,1050,PRODUCT
2612,1000657,929,SUBSTRATE
2613,1000657,409,PRODUCT
2614,1000657,1177,PRODUCT
2615,1000658,929,SUBSTRATE
2616,1000658,1050,SUBSTRATE
2617,1000658,700,PRODUCT
2618,1000658,852,PRODUCT
2619,1000658,1054,PRODUCT
2620,1000659,881,SUBSTRATE
2621,1000659,1041,SUBSTRATE
2622,1000659,700,PRODUCT
2623,1000659,933,PRODUCT
2624,1000659,1046,PRODUCT
2625,1000660,935,SUBSTRATE
2626,1000660,221,PRODUCT
2627,1000660,409,PRODUCT
2628,1000661,937,SUBSTRATE
2629,1000661,222,PRODUCT
2630,1000661,411,PRODUCT
2631,1000662,938,SUBSTRATE
2632,1000662,1102,SUBSTRATE
2633,1000662,1039,PRODUCT
2634,1000663,169,SUBSTRATE
2635,1000663,941,SUBSTRATE
2636,1000663,700,PRODUCT
2637,1000663,1040,PRODUCT
2638,1000663,1249,PRODUCT
2639,1000664,147,SUBSTRATE
2640,1000664,709,SUBSTRATE
2641,1000664,1041,SUBSTRATE
2642,1000664,148,PRODUCT
2643,1000664,700,PRODUCT
2644,1000664,1046,PRODUCT
2645,1000665,666,SUBSTRATE
2646,1000665,1012,SUBSTRATE
2647,1000665,131,PRODUCT
2648,1000666,135,SUBSTRATE
2649,1000666,949,PRODUCT
2650,1000667,223,SUBSTRATE
2651,1000667,911,SUBSTRATE
2652,1000667,299,PRODUCT
2653,1000667,883,PRODUCT
2654,1000668,225,SUBSTRATE
2655,1000668,913,SUBSTRATE
2656,1000668,300,PRODUCT
2657,1000668,885,PRODUCT
2658,1000669,423,SUBSTRATE
2659,1000669,911,SUBSTRATE
2660,1000669,1336,SUBSTRATE
2661,1000669,412,PRODUCT
2662,1000669,582,PRODUCT
2663,1000669,956,PRODUCT
2664,1000670,425,SUBSTRATE
2665,1000670,913,SUBSTRATE
2666,1000670,1337,SUBSTRATE
2667,1000670,413,PRODUCT
2668,1000670,584,PRODUCT
2669,1000670,957,PRODUCT
2670,1000671,709,SUBSTRATE
2671,1000671,958,SUBSTRATE
2672,1000671,111,PRODUCT
2673,1000672,714,SUBSTRATE
2674,1000672,959,SUBSTRATE
2675,1000672,112,PRODUCT
2676,1000673,709,SUBSTRATE
2677,1000673,958,SUBSTRATE
2678,1000673,563,PRODUCT
2679,1000674,714,SUBSTRATE
2680,1000674,959,SUBSTRATE
2681,1000674,564,PRODUCT
2682,1000675,709,SUBSTRATE
2683,1000675,958,SUBSTRATE
2684,1000675,960,PRODUCT
2685,1000676,714,SUBSTRATE
2686,1000676,959,SUBSTRATE
2687,1000676,961,PRODUCT
2688,1000677,423,SUBSTRATE
2689,1000677,915,SUBSTRATE
2690,1000677,1338,SUBSTRATE
2691,1000677,412,PRODUCT
2692,1000677,582,PRODUCT
2693,1000677,966,PRODUCT
2694,1000678,425,SUBSTRATE
2695,1000678,917,SUBSTRATE
2696,1000678,1339,SUBSTRATE
2697,1000678,413,PRODUCT
2698,1000678,584,PRODUCT
2699,1000678,967,PRODUCT
2700,1000679,153,SUBSTRATE
2701,1000679,1043,SUBSTRATE
2702,1000679,705,PRODUCT
2703,1000679,1048,PRODUCT
2704,1000679,1100,PRODUCT
2705,1000680,151,SUBSTRATE
2706,1000680,1041,SUBSTRATE
2707,1000680,700,PRODUCT
2708,1000680,1046,PRODUCT
2709,1000680,1098,PRODUCT
2710,1000681,154,SUBSTRATE
2711,1000681,1045,SUBSTRATE
2712,1000681,707,PRODUCT
2713,1000681,1049,PRODUCT
2714,1000681,1101,PRODUCT
2715,1000682,373,SUBSTRATE
2716,1000682,686,SUBSTRATE
2717,1000682,709,SUBSTRATE
2718,1000682,151,PRODUCT
2719,1000682,499,PRODUCT
2720,1000682,700,PRODUCT
2721,1000683,376,SUBSTRATE
2722,1000683,688,SUBSTRATE
2723,1000683,715,SUBSTRATE
2724,1000683,154,PRODUCT
2725,1000683,504,PRODUCT
2726,1000683,707,PRODUCT
2727,1000684,153,SUBSTRATE
2728,1000684,1043,SUBSTRATE
2729,1000684,445,PRODUCT
2730,1000684,1048,PRODUCT
2731,1000684,1179,PRODUCT
2732,1000685,153,SUBSTRATE
2733,1000685,1052,SUBSTRATE
2734,1000685,445,PRODUCT
2735,1000685,1056,PRODUCT
2736,1000685,1179,PRODUCT
2737,1000686,969,SUBSTRATE
2738,1000686,1362,SUBSTRATE
2739,1000686,448,PRODUCT
2740,1000686,502,PRODUCT
2741,1000687,537,SUBSTRATE
2742,1000687,691,SUBSTRATE
2743,1000687,700,SUBSTRATE
2744,1000687,582,PRODUCT
2745,1000687,659,PRODUCT
2746,1000688,538,SUBSTRATE
2747,1000688,523,PRODUCT
2748,1000689,313,SUBSTRATE
2749,1000689,713,SUBSTRATE
2750,1000689,170,PRODUCT
2751,1000689,705,PRODUCT
2752,1000690,312,SUBSTRATE
2753,1000690,709,SUBSTRATE
2754,1000690,169,PRODUCT
2755,1000690,700,PRODUCT
2756,1000691,423,SUBSTRATE
2757,1000691,709,SUBSTRATE
2758,1000691,919,SUBSTRATE
2759,1000691,582,PRODUCT
2760,1000691,1134,PRODUCT
2761,1000691,1192,PRODUCT
2762,1000692,330,SUBSTRATE
2763,1000692,903,SUBSTRATE
2764,1000692,919,PRODUCT
2765,1000692,1249,PRODUCT
2766,1000693,170,SUBSTRATE
2767,1000693,1010,SUBSTRATE
2768,1000693,638,PRODUCT
2769,1000693,705,PRODUCT
2770,1000693,1250,PRODUCT
2771,1000694,423,SUBSTRATE
2772,1000694,919,SUBSTRATE
2773,1000694,1340,SUBSTRATE
2774,1000694,412,PRODUCT
2775,1000694,582,PRODUCT
2776,1000694,1009,PRODUCT
2777,1000695,425,SUBSTRATE
2778,1000695,921,SUBSTRATE
2779,1000695,1341,SUBSTRATE
2780,1000695,413,PRODUCT
2781,1000695,584,PRODUCT
2782,1000695,1010,PRODUCT
2783,1000696,314,SUBSTRATE
2784,1000696,1041,SUBSTRATE
2785,1000696,312,PRODUCT
2786,1000696,1046,PRODUCT
2787,1000697,314,SUBSTRATE
2788,1000697,1050,SUBSTRATE
2789,1000697,312,PRODUCT
2790,1000697,1054,PRODUCT
2791,1000698,315,SUBSTRATE
2792,1000698,1052,SUBSTRATE
2793,1000698,313,PRODUCT
2794,1000698,1056,PRODUCT
2795,1000699,110,SUBSTRATE
2796,1000699,1179,PRODUCT
2797,1000699,1229,PRODUCT
2798,1000700,126,SUBSTRATE
2799,1000700,423,SUBSTRATE
2800,1000700,117,PRODUCT
2801,1000700,387,PRODUCT
2802,1000700,700,PRODUCT
2803,1000701,126,SUBSTRATE
2804,1000701,506,SUBSTRATE
2805,1000701,117,PRODUCT
2806,1000701,449,PRODUCT
2807,1000701,700,PRODUCT
2808,1000702,126,SUBSTRATE
2809,1000702,691,SUBSTRATE
2810,1000702,117,PRODUCT
2811,1000702,655,PRODUCT
2812,1000702,700,PRODUCT
2813,1000703,126,SUBSTRATE
2814,1000703,1303,SUBSTRATE
2815,1000703,117,PRODUCT
2816,1000703,700,PRODUCT
2817,1000703,1282,PRODUCT
2818,1000704,116,SUBSTRATE
2819,1000704,423,SUBSTRATE
2820,1000704,387,PRODUCT
2821,1000704,442,PRODUCT
2822,1000704,837,PRODUCT
2823,1000704,1134,PRODUCT
2824,1000705,660,SUBSTRATE
2825,1000705,789,SUBSTRATE
2826,1000705,656,PRODUCT
2827,1000705,703,PRODUCT
2828,1000705,980,PRODUCT
2829,1000706,660,SUBSTRATE
2830,1000706,792,SUBSTRATE
2831,1000706,656,PRODUCT
2832,1000706,703,PRODUCT
2833,1000706,983,PRODUCT
2834,1000707,660,SUBSTRATE
2835,1000707,801,SUBSTRATE
2836,1000707,656,PRODUCT
2837,1000707,703,PRODUCT
2838,1000707,992,PRODUCT
2839,1000708,660,SUBSTRATE
2840,1000708,804,SUBSTRATE
2841,1000708,656,PRODUCT
2842,1000708,703,PRODUCT
2843,1000708,995,PRODUCT
2844,1000709,660,SUBSTRATE
2845,1000709,795,SUBSTRATE
2846,1000709,656,PRODUCT
2847,1000709,703,PRODUCT
2848,1000709,986,PRODUCT
2849,1000710,660,SUBSTRATE
2850,1000710,798,SUBSTRATE
2851,1000710,656,PRODUCT
2852,1000710,703,PRODUCT
2853,1000710,989,PRODUCT
2854,1000711,660,SUBSTRATE
2855,1000711,807,SUBSTRATE
2856,1000711,656,PRODUCT
2857,1000711,703,PRODUCT
2858,1000711,998,PRODUCT
2859,1000712,660,SUBSTRATE
2860,1000712,810,SUBSTRATE
2861,1000712,656,PRODUCT
2862,1000712,703,PRODUCT
2863,1000712,1001,PRODUCT
2864,1000713,660,SUBSTRATE
2865,1000713,813,SUBSTRATE
2866,1000713,656,PRODUCT
2867,1000713,703,PRODUCT
2868,1000713,1004,PRODUCT
2869,1000714,660,SUBSTRATE
2870,1000714,816,SUBSTRATE
2871,1000714,656,PRODUCT
2872,1000714,703,PRODUCT
2873,1000714,1007,PRODUCT
2874,1000715,175,SUBSTRATE
2875,1000715,709,SUBSTRATE
2876,1000715,1013,PRODUCT
2877,1000715,1134,PRODUCT
2878,1000716,533,SUBSTRATE
2879,1000716,175,PRODUCT
2880,1000717,705,SUBSTRATE
2881,1000717,1035,SUBSTRATE
2882,1000717,1056,SUBSTRATE
2883,1000717,192,PRODUCT
2884,1000717,1052,PRODUCT
2885,1000717,1138,PRODUCT
2886,1000718,373,SUBSTRATE
2887,1000718,402,SUBSTRATE
2888,1000718,499,PRODUCT
2889,1000718,700,PRODUCT
2890,1000718,1034,PRODUCT
2891,1000719,374,SUBSTRATE
2892,1000719,885,SUBSTRATE
2893,1000719,502,PRODUCT
2894,1000719,705,PRODUCT
2895,1000719,1036,PRODUCT
2896,1000720,709,SUBSTRATE
2897,1000720,1039,SUBSTRATE
2898,1000720,646,PRODUCT
2899,1000720,700,PRODUCT
2900,1000720,910,PRODUCT
2901,1000721,700,SUBSTRATE
2902,1000721,1040,SUBSTRATE
2903,1000721,1054,SUBSTRATE
2904,1000721,1029,PRODUCT
2905,1000721,1050,PRODUCT
2906,1000722,715,SUBSTRATE
2907,1000722,1045,SUBSTRATE
2908,1000722,415,PRODUCT
2909,1000722,707,PRODUCT
2910,1000722,1069,PRODUCT
2911,1000723,423,SUBSTRATE
2912,1000723,1041,SUBSTRATE
2913,1000723,387,PRODUCT
2914,1000723,700,PRODUCT
2915,1000723,1050,PRODUCT
2916,1000724,425,SUBSTRATE
2917,1000724,1043,SUBSTRATE
2918,1000724,389,PRODUCT
2919,1000724,705,PRODUCT
2920,1000724,1052,PRODUCT
2921,1000725,714,SUBSTRATE
2922,1000725,1044,SUBSTRATE
2923,1000725,392,PRODUCT
2924,1000725,706,PRODUCT
2925,1000725,1059,PRODUCT
2926,1000726,423,SUBSTRATE
2927,1000726,555,SUBSTRATE
2928,1000726,709,SUBSTRATE
2929,1000726,890,SUBSTRATE
2930,1000726,412,PRODUCT
2931,1000726,582,PRODUCT
2932,1000726,700,PRODUCT
2933,1000726,883,PRODUCT
2934,1000726,1041,PRODUCT
2935,1000727,426,SUBSTRATE
2936,1000727,556,SUBSTRATE
2937,1000727,714,SUBSTRATE
2938,1000727,892,SUBSTRATE
2939,1000727,414,PRODUCT
2940,1000727,585,PRODUCT
2941,1000727,706,PRODUCT
2942,1000727,886,PRODUCT
2943,1000727,1044,PRODUCT
2944,1000728,700,SUBSTRATE
2945,1000728,1046,SUBSTRATE
2946,1000728,1281,SUBSTRATE
2947,1000728,1041,PRODUCT
2948,1000728,1280,PRODUCT
2949,1000729,423,SUBSTRATE
2950,1000729,1046,SUBSTRATE
2951,1000729,387,PRODUCT
2952,1000729,700,PRODUCT
2953,1000729,1054,PRODUCT
2954,1000730,425,SUBSTRATE
2955,1000730,1048,SUBSTRATE
2956,1000730,389,PRODUCT
2957,1000730,705,PRODUCT
2958,1000730,1056,PRODUCT
2959,1000731,705,SUBSTRATE
2960,1000731,1048,SUBSTRATE
2961,1000731,1281,SUBSTRATE
2962,1000731,1043,PRODUCT
2963,1000731,1280,PRODUCT
2964,1000732,423,SUBSTRATE
2965,1000732,700,SUBSTRATE
2966,1000732,1061,SUBSTRATE
2967,1000732,1164,SUBSTRATE
2968,1000732,387,PRODUCT
2969,1000732,582,PRODUCT
2970,1000732,1064,PRODUCT
2971,1000732,1134,PRODUCT
2972,1000733,425,SUBSTRATE
2973,1000733,705,SUBSTRATE
2974,1000733,1063,SUBSTRATE
2975,1000733,1165,SUBSTRATE
2976,1000733,389,PRODUCT
2977,1000733,584,PRODUCT
2978,1000733,1065,PRODUCT
2979,1000733,1138,PRODUCT
2980,1000734,709,SUBSTRATE
2981,1000734,1058,SUBSTRATE
2982,1000734,409,PRODUCT
2983,1000734,1061,PRODUCT
2984,1000735,1058,SUBSTRATE
2985,1000735,1192,SUBSTRATE
2986,1000735,163,PRODUCT
2987,1000735,1190,PRODUCT
2988,1000736,423,SUBSTRATE
2989,1000736,700,SUBSTRATE
2990,1000736,1066,SUBSTRATE
2991,1000736,582,PRODUCT
2992,1000736,1041,PRODUCT
2993,1000737,426,SUBSTRATE
2994,1000737,706,SUBSTRATE
2995,1000737,1068,SUBSTRATE
2996,1000737,585,PRODUCT
2997,1000737,1044,PRODUCT
2998,1000738,423,SUBSTRATE
2999,1000738,700,SUBSTRATE
3000,1000738,1064,SUBSTRATE
3001,1000738,555,PRODUCT
3002,1000738,582,PRODUCT
3003,1000739,700,SUBSTRATE
3004,1000739,1164,SUBSTRATE
3005,1000739,1180,SUBSTRATE
3006,1000739,442,PRODUCT
3007,1000739,582,PRODUCT
3008,1000739,1064,PRODUCT
3009,1000740,705,SUBSTRATE
3010,1000740,1165,SUBSTRATE
3011,1000740,1181,SUBSTRATE
3012,1000740,445,PRODUCT
3013,1000740,584,PRODUCT
3014,1000740,1065,PRODUCT
3015,1000741,387,SUBSTRATE
3016,1000741,709,SUBSTRATE
3017,1000741,412,PRODUCT
3018,1000741,700,PRODUCT
3019,1000741,1134,PRODUCT
3020,1000742,655,SUBSTRATE
3021,1000742,709,SUBSTRATE
3022,1000742,689,PRODUCT
3023,1000742,700,PRODUCT
3024,1000742,1134,PRODUCT
3025,1000743,709,SUBSTRATE
3026,1000743,1282,SUBSTRATE
3027,1000743,700,PRODUCT
3028,1000743,1134,PRODUCT
3029,1000743,1289,PRODUCT
3030,1000744,712,SUBSTRATE
3031,1000744,1283,SUBSTRATE
3032,1000744,703,PRODUCT
3033,1000744,1137,PRODUCT
3034,1000744,1290,PRODUCT
3035,1000745,449,SUBSTRATE
3036,1000745,709,SUBSTRATE
3037,1000745,497,PRODUCT
3038,1000745,700,PRODUCT
3039,1000745,1134,PRODUCT
3040,1000746,709,SUBSTRATE
3041,1000746,744,SUBSTRATE
3042,1000746,700,PRODUCT
3043,1000746,747,PRODUCT
3044,1000746,1134,PRODUCT
3045,1000747,423,SUBSTRATE
3046,1000747,449,SUBSTRATE
3047,1000747,387,PRODUCT
3048,1000747,506,PRODUCT
3049,1000748,423,SUBSTRATE
3050,1000748,546,SUBSTRATE
3051,1000748,387,PRODUCT
3052,1000748,550,PRODUCT
3053,1000749,423,SUBSTRATE
3054,1000749,551,SUBSTRATE
3055,1000749,387,PRODUCT
3056,1000749,554,PRODUCT
3057,1000750,423,SUBSTRATE
3058,1000750,568,SUBSTRATE
3059,1000750,387,PRODUCT
3060,1000750,572,PRODUCT
3061,1000751,423,SUBSTRATE
3062,1000751,594,SUBSTRATE
3063,1000751,387,PRODUCT
3064,1000751,596,PRODUCT
3065,1000752,423,SUBSTRATE
3066,1000752,655,SUBSTRATE
3067,1000752,387,PRODUCT
3068,1000752,691,PRODUCT
3069,1000753,423,SUBSTRATE
3070,1000753,744,SUBSTRATE
3071,1000753,387,PRODUCT
3072,1000753,842,PRODUCT
3073,1000754,423,SUBSTRATE
3074,1000754,573,SUBSTRATE
3075,1000754,387,PRODUCT
3076,1000754,587,PRODUCT
3077,1000755,423,SUBSTRATE
3078,1000755,598,SUBSTRATE
3079,1000755,387,PRODUCT
3080,1000755,602,PRODUCT
3081,1000756,691,SUBSTRATE
3082,1000756,709,SUBSTRATE
3083,1000756,655,PRODUCT
3084,1000756,700,PRODUCT
3085,1000756,1134,PRODUCT
3086,1000757,709,SUBSTRATE
3087,1000757,1303,SUBSTRATE
3088,1000757,700,PRODUCT
3089,1000757,1134,PRODUCT
3090,1000757,1282,PRODUCT
3091,1000758,506,SUBSTRATE
3092,1000758,709,SUBSTRATE
3093,1000758,449,PRODUCT
3094,1000758,700,PRODUCT
3095,1000758,1134,PRODUCT
3096,1000759,709,SUBSTRATE
3097,1000759,842,SUBSTRATE
3098,1000759,700,PRODUCT
3099,1000759,744,PRODUCT
3100,1000759,1134,PRODUCT
3101,1000760,656,SUBSTRATE
3102,1000760,712,SUBSTRATE
3103,1000760,690,PRODUCT
3104,1000760,703,PRODUCT
3105,1000760,1137,PRODUCT
3106,1000761,423,SUBSTRATE
3107,1000761,1282,SUBSTRATE
3108,1000761,387,PRODUCT
3109,1000761,1303,PRODUCT
3110,1000762,1011,SUBSTRATE
3111,1000762,1074,SUBSTRATE
3112,1000762,365,PRODUCT
3113,1000762,700,PRODUCT
3114,1000762,919,PRODUCT
3115,1000763,740,SUBSTRATE
3116,1000763,1074,SUBSTRATE
3117,1000763,365,PRODUCT
3118,1000763,903,PRODUCT
3119,1000764,873,SUBSTRATE
3120,1000764,1082,SUBSTRATE
3121,1000764,700,PRODUCT
3122,1000764,872,PRODUCT
3123,1000764,1227,PRODUCT
3124,1000765,441,SUBSTRATE
3125,1000765,1093,SUBSTRATE
3126,1000765,700,PRODUCT
3127,1000765,871,PRODUCT
3128,1000765,1134,PRODUCT
3129,1000766,700,SUBSTRATE
3130,1000766,1093,SUBSTRATE
3131,1000766,442,PRODUCT
3132,1000766,1167,PRODUCT
3133,1000767,885,SUBSTRATE
3134,1000767,1026,SUBSTRATE
3135,1000767,1036,PRODUCT
3136,1000767,1095,PRODUCT
3137,1000768,223,SUBSTRATE
3138,1000768,1093,SUBSTRATE
3139,1000768,883,PRODUCT
3140,1000768,889,PRODUCT
3141,1000769,582,SUBSTRATE
3142,1000769,1097,SUBSTRATE
3143,1000769,1096,PRODUCT
3144,1000769,1164,PRODUCT
3145,1000770,700,SUBSTRATE
3146,1000770,1097,SUBSTRATE
3147,1000770,442,PRODUCT
3148,1000770,1289,PRODUCT
3149,1000771,502,SUBSTRATE
3150,1000771,1188,SUBSTRATE
3151,1000771,577,PRODUCT
3152,1000771,1231,PRODUCT
3153,1000772,225,SUBSTRATE
3154,1000772,705,SUBSTRATE
3155,1000772,964,SUBSTRATE
3156,1000772,445,PRODUCT
3157,1000772,1188,PRODUCT
3158,1000773,423,SUBSTRATE
3159,1000773,700,SUBSTRATE
3160,1000773,1119,SUBSTRATE
3161,1000773,240,PRODUCT
3162,1000773,582,PRODUCT
3163,1000774,129,SUBSTRATE
3164,1000774,423,SUBSTRATE
3165,1000774,115,PRODUCT
3166,1000774,387,PRODUCT
3167,1000774,700,PRODUCT
3168,1000775,128,SUBSTRATE
3169,1000775,423,SUBSTRATE
3170,1000775,428,SUBSTRATE
3171,1000775,129,PRODUCT
3172,1000775,412,PRODUCT
3173,1000775,582,PRODUCT
3174,1000775,700,PRODUCT
3175,1000776,560,SUBSTRATE
3176,1000776,715,SUBSTRATE
3177,1000776,504,PRODUCT
3178,1000776,559,PRODUCT
3179,1000776,707,PRODUCT
3180,1000777,715,SUBSTRATE
3181,1000777,955,SUBSTRATE
3182,1000777,504,PRODUCT
3183,1000777,707,PRODUCT
3184,1000777,953,PRODUCT
3185,1000778,715,SUBSTRATE
3186,1000778,1118,SUBSTRATE
3187,1000778,504,PRODUCT
3188,1000778,707,PRODUCT
3189,1000778,1112,PRODUCT
3190,1000779,715,SUBSTRATE
3191,1000779,1023,SUBSTRATE
3192,1000779,504,PRODUCT
3193,1000779,707,PRODUCT
3194,1000779,1021,PRODUCT
3195,1000780,715,SUBSTRATE
3196,1000780,1226,SUBSTRATE
3197,1000780,504,PRODUCT
3198,1000780,707,PRODUCT
3199,1000780,1224,PRODUCT
3200,1000781,715,SUBSTRATE
3201,1000781,1088,SUBSTRATE
3202,1000781,504,PRODUCT
3203,1000781,707,PRODUCT
3204,1000781,1086,PRODUCT
3205,1000782,223,SUBSTRATE
3206,1000782,922,SUBSTRATE
3207,1000782,843,PRODUCT
3208,1000782,883,PRODUCT
3209,1000783,423,SUBSTRATE
3210,1000783,922,SUBSTRATE
3211,1000783,1342,SUBSTRATE
3212,1000783,412,PRODUCT
3213,1000783,582,PRODUCT
3214,1000783,1126,PRODUCT
3215,1000784,425,SUBSTRATE
3216,1000784,924,SUBSTRATE
3217,1000784,1343,SUBSTRATE
3218,1000784,413,PRODUCT
3219,1000784,584,PRODUCT
3220,1000784,1127,PRODUCT
3221,1000785,700,SUBSTRATE
3222,1000785,843,SUBSTRATE
3223,1000785,442,PRODUCT
3224,1000785,1130,PRODUCT
3225,1000786,310,SUBSTRATE
3226,1000786,423,SUBSTRATE
3227,1000786,308,PRODUCT
3228,1000786,387,PRODUCT
3229,1000786,700,PRODUCT
3230,1000786,1134,PRODUCT
3231,1000787,1034,SUBSTRATE
3232,1000787,1033,PRODUCT
3233,1000788,242,SUBSTRATE
3234,1000788,1354,SUBSTRATE
3235,1000788,383,PRODUCT
3236,1000788,700,PRODUCT
3237,1000788,1235,PRODUCT
3238,1000788,1358,PRODUCT
3239,1000789,423,SUBSTRATE
3240,1000789,1098,SUBSTRATE
3241,1000789,387,PRODUCT
3242,1000789,442,PRODUCT
3243,1000789,1144,PRODUCT
3244,1000790,506,SUBSTRATE
3245,1000790,700,SUBSTRATE
3246,1000790,1080,SUBSTRATE
3247,1000790,452,PRODUCT
3248,1000790,582,PRODUCT
3249,1000791,423,SUBSTRATE
3250,1000791,523,SUBSTRATE
3251,1000791,387,PRODUCT
3252,1000791,521,PRODUCT
3253,1000791,700,PRODUCT
3254,1000792,423,SUBSTRATE
3255,1000792,1202,SUBSTRATE
3256,1000792,387,PRODUCT
3257,1000792,700,PRODUCT
3258,1000792,1201,PRODUCT
3259,1000793,533,SUBSTRATE
3260,1000793,532,PRODUCT
3261,1000794,347,SUBSTRATE
3262,1000794,1050,SUBSTRATE
3263,1000794,442,PRODUCT
3264,1000794,541,PRODUCT
3265,1000794,1054,PRODUCT
3266,1000795,401,SUBSTRATE
3267,1000795,402,PRODUCT
3268,1000796,275,SUBSTRATE
3269,1000796,1041,SUBSTRATE
3270,1000796,273,PRODUCT
3271,1000796,700,PRODUCT
3272,1000796,1046,PRODUCT
3273,1000797,155,SUBSTRATE
3274,1000797,387,SUBSTRATE
3275,1000797,275,PRODUCT
3276,1000797,423,PRODUCT
3277,1000798,275,SUBSTRATE
3278,1000798,231,PRODUCT
3279,1000799,537,SUBSTRATE
3280,1000799,538,PRODUCT
3281,1000800,281,SUBSTRATE
3282,1000800,423,SUBSTRATE
3283,1000800,280,PRODUCT
3284,1000800,387,PRODUCT
3285,1000801,117,SUBSTRATE
3286,1000801,423,SUBSTRATE
3287,1000801,116,PRODUCT
3288,1000801,387,PRODUCT
3289,1000802,115,SUBSTRATE
3290,1000802,506,SUBSTRATE
3291,1000802,873,SUBSTRATE
3292,1000802,497,PRODUCT
3293,1000802,582,PRODUCT
3294,1000802,700,PRODUCT
3295,1000802,1032,PRODUCT
3296,1000803,700,SUBSTRATE
3297,1000803,1032,SUBSTRATE
3298,1000803,442,PRODUCT
3299,1000803,1119,PRODUCT
3300,1000804,405,SUBSTRATE
3301,1000804,1185,PRODUCT
3302,1000805,423,SUBSTRATE
3303,1000805,865,SUBSTRATE
3304,1000805,1146,SUBSTRATE
3305,1000805,307,PRODUCT
3306,1000805,387,PRODUCT
3307,1000805,700,PRODUCT
3308,1000805,1134,PRODUCT
3309,1000806,158,SUBSTRATE
3310,1000806,709,SUBSTRATE
3311,1000806,157,PRODUCT
3312,1000807,334,SUBSTRATE
3313,1000807,709,SUBSTRATE
3314,1000807,158,PRODUCT
3315,1000807,582,PRODUCT
3316,1000807,700,PRODUCT
3317,1000808,308,SUBSTRATE
3318,1000808,442,SUBSTRATE
3319,1000808,700,PRODUCT
3320,1000808,1146,PRODUCT
3321,1000809,169,SUBSTRATE
3322,1000809,393,SUBSTRATE
3323,1000809,1147,PRODUCT
3324,1000809,1249,PRODUCT
3325,1000810,1031,SUBSTRATE
3326,1000810,156,PRODUCT
3327,1000811,335,SUBSTRATE
3328,1000811,423,SUBSTRATE
3329,1000811,894,SUBSTRATE
3330,1000811,333,PRODUCT
3331,1000811,387,PRODUCT
3332,1000811,700,PRODUCT
3333,1000811,1134,PRODUCT
3334,1000812,709,SUBSTRATE
3335,1000812,890,SUBSTRATE
3336,1000812,1164,SUBSTRATE
3337,1000812,335,PRODUCT
3338,1000812,582,PRODUCT
3339,1000812,883,PRODUCT
3340,1000813,423,SUBSTRATE
3341,1000813,1185,SUBSTRATE
3342,1000813,412,PRODUCT
3343,1000813,700,PRODUCT
3344,1000813,1164,PRODUCT
3345,1000814,274,SUBSTRATE
3346,1000814,709,SUBSTRATE
3347,1000814,929,PRODUCT
3348,1000814,1134,PRODUCT
3349,1000815,273,SUBSTRATE
3350,1000815,883,SUBSTRATE
3351,1000815,223,PRODUCT
3352,1000815,274,PRODUCT
3353,1000816,962,SUBSTRATE
3354,1000816,1148,SUBSTRATE
3355,1000816,459,PRODUCT
3356,1000816,710,PRODUCT
3357,1000817,483,SUBSTRATE
3358,1000817,1148,SUBSTRATE
3359,1000817,462,PRODUCT
3360,1000817,710,PRODUCT
3361,1000818,1149,SUBSTRATE
3362,1000818,205,PRODUCT
3363,1000818,1081,PRODUCT
3364,1000819,701,SUBSTRATE
3365,1000819,1055,SUBSTRATE
3366,1000819,1103,SUBSTRATE
3367,1000819,1218,SUBSTRATE
3368,1000819,710,PRODUCT
3369,1000819,1051,PRODUCT
3370,1000819,1148,PRODUCT
3371,1000820,709,SUBSTRATE
3372,1000820,1024,SUBSTRATE
3373,1000820,1102,SUBSTRATE
3374,1000820,246,PRODUCT
3375,1000820,736,PRODUCT
3376,1000820,1037,PRODUCT
3377,1000821,323,SUBSTRATE
3378,1000821,700,PRODUCT
3379,1000821,709,PRODUCT
3380,1000821,1152,PRODUCT
3381,1000822,709,SUBSTRATE
3382,1000822,1025,SUBSTRATE
3383,1000822,1102,SUBSTRATE
3384,1000822,246,PRODUCT
3385,1000822,736,PRODUCT
3386,1000822,1024,PRODUCT
3387,1000823,709,SUBSTRATE
3388,1000823,1102,SUBSTRATE
3389,1000823,1215,SUBSTRATE
3390,1000823,246,PRODUCT
3391,1000823,736,PRODUCT
3392,1000823,1212,PRODUCT
3393,1000824,700,SUBSTRATE
3394,1000824,1157,SUBSTRATE
3395,1000824,442,PRODUCT
3396,1000824,709,PRODUCT
3397,1000824,843,PRODUCT
3398,1000825,1050,SUBSTRATE
3399,1000825,1157,SUBSTRATE
3400,1000825,243,PRODUCT
3401,1000825,442,PRODUCT
3402,1000825,1054,PRODUCT
3403,1000826,626,SUBSTRATE
3404,1000826,927,SUBSTRATE
3405,1000826,168,PRODUCT
3406,1000826,628,PRODUCT
3407,1000827,423,SUBSTRATE
3408,1000827,925,SUBSTRATE
3409,1000827,1344,SUBSTRATE
3410,1000827,412,PRODUCT
3411,1000827,582,PRODUCT
3412,1000827,1159,PRODUCT
3413,1000828,1105,SUBSTRATE
3414,1000828,1163,SUBSTRATE
3415,1000828,713,PRODUCT
3416,1000828,1161,PRODUCT
3417,1000829,1060,SUBSTRATE
3418,1000829,1134,SUBSTRATE
3419,1000829,405,PRODUCT
3420,1000829,700,PRODUCT
3421,1000829,1058,PRODUCT
3422,1000830,696,SUBSTRATE
3423,1000830,1134,SUBSTRATE
3424,1000830,405,PRODUCT
3425,1000830,693,PRODUCT
3426,1000831,698,SUBSTRATE
3427,1000831,1138,SUBSTRATE
3428,1000831,406,PRODUCT
3429,1000831,695,PRODUCT
3430,1000832,754,SUBSTRATE
3431,1000832,1134,SUBSTRATE
3432,1000832,405,PRODUCT
3433,1000832,741,PRODUCT
3434,1000833,409,SUBSTRATE
3435,1000833,709,SUBSTRATE
3436,1000833,1102,SUBSTRATE
3437,1000833,1170,SUBSTRATE
3438,1000833,736,PRODUCT
3439,1000833,1172,PRODUCT
3440,1000834,709,SUBSTRATE
3441,1000834,1102,SUBSTRATE
3442,1000834,1173,SUBSTRATE
3443,1000834,409,PRODUCT
3444,1000834,736,PRODUCT
3445,1000834,1171,PRODUCT
3446,1000835,1102,SUBSTRATE
3447,1000835,1176,SUBSTRATE
3448,1000835,736,PRODUCT
3449,1000835,1171,PRODUCT
3450,1000836,1102,SUBSTRATE
3451,1000836,1174,SUBSTRATE
3452,1000836,736,PRODUCT
3453,1000836,1170,PRODUCT
3454,1000837,167,SUBSTRATE
3455,1000837,700,SUBSTRATE
3456,1000837,1054,SUBSTRATE
3457,1000837,925,PRODUCT
3458,1000837,1050,PRODUCT
3459,1000838,423,SUBSTRATE
3460,1000838,432,SUBSTRATE
3461,1000838,1177,SUBSTRATE
3462,1000838,387,PRODUCT
3463,1000838,700,PRODUCT
3464,1000838,1098,PRODUCT
3465,1000838,1134,PRODUCT
3466,1000839,700,SUBSTRATE
3467,1000839,1177,SUBSTRATE
3468,1000839,362,PRODUCT
3469,1000839,442,PRODUCT
3470,1000840,362,SUBSTRATE
3471,1000840,700,SUBSTRATE
3472,1000840,1177,SUBSTRATE
3473,1000840,118,PRODUCT
3474,1000840,442,PRODUCT
3475,1000841,502,SUBSTRATE
3476,1000841,1043,SUBSTRATE
3477,1000841,1179,SUBSTRATE
3478,1000841,374,PRODUCT
3479,1000841,445,PRODUCT
3480,1000841,1048,PRODUCT
3481,1000842,387,SUBSTRATE
3482,1000842,700,SUBSTRATE
3483,1000842,1144,SUBSTRATE
3484,1000842,423,PRODUCT
3485,1000842,1177,PRODUCT
3486,1000843,202,SUBSTRATE
3487,1000843,705,SUBSTRATE
3488,1000843,1048,SUBSTRATE
3489,1000843,1105,SUBSTRATE
3490,1000843,200,PRODUCT
3491,1000843,713,PRODUCT
3492,1000843,1043,PRODUCT
3493,1000844,423,SUBSTRATE
3494,1000844,666,SUBSTRATE
3495,1000844,709,SUBSTRATE
3496,1000844,387,PRODUCT
3497,1000844,669,PRODUCT
3498,1000844,700,PRODUCT
3499,1000844,1134,PRODUCT
3500,1000845,423,SUBSTRATE
3501,1000845,1182,SUBSTRATE
3502,1000845,387,PRODUCT
3503,1000845,639,PRODUCT
3504,1000845,700,PRODUCT
3505,1000846,425,SUBSTRATE
3506,1000846,1184,SUBSTRATE
3507,1000846,389,PRODUCT
3508,1000846,641,PRODUCT
3509,1000846,705,PRODUCT
3510,1000847,204,SUBSTRATE
3511,1000847,322,SUBSTRATE
3512,1000847,336,PRODUCT
3513,1000847,700,PRODUCT
3514,1000847,709,PRODUCT
3515,1000847,1134,PRODUCT
3516,1000848,336,SUBSTRATE
3517,1000848,700,SUBSTRATE
3518,1000848,322,PRODUCT
3519,1000848,1182,PRODUCT
3520,1000849,423,SUBSTRATE
3521,1000849,539,SUBSTRATE
3522,1000849,387,PRODUCT
3523,1000849,700,PRODUCT
3524,1000849,1185,PRODUCT
3525,1000850,423,SUBSTRATE
3526,1000850,700,SUBSTRATE
3527,1000850,1354,SUBSTRATE
3528,1000850,550,PRODUCT
3529,1000850,709,PRODUCT
3530,1000850,1358,PRODUCT
3531,1000851,506,SUBSTRATE
3532,1000851,700,SUBSTRATE
3533,1000851,1354,SUBSTRATE
3534,1000851,554,PRODUCT
3535,1000851,709,PRODUCT
3536,1000851,1358,PRODUCT
3537,1000852,691,SUBSTRATE
3538,1000852,700,SUBSTRATE
3539,1000852,1354,SUBSTRATE
3540,1000852,572,PRODUCT
3541,1000852,709,PRODUCT
3542,1000852,1358,PRODUCT
3543,1000853,700,SUBSTRATE
3544,1000853,1303,SUBSTRATE
3545,1000853,1354,SUBSTRATE
3546,1000853,602,PRODUCT
3547,1000853,709,PRODUCT
3548,1000853,1358,PRODUCT
3549,1000854,387,SUBSTRATE
3550,1000854,700,SUBSTRATE
3551,1000854,1354,SUBSTRATE
3552,1000854,546,PRODUCT
3553,1000854,709,PRODUCT
3554,1000854,1358,PRODUCT
3555,1000855,390,SUBSTRATE
3556,1000855,706,SUBSTRATE
3557,1000855,1356,SUBSTRATE
3558,1000855,547,PRODUCT
3559,1000855,714,PRODUCT
3560,1000855,1360,PRODUCT
3561,1000856,449,SUBSTRATE
3562,1000856,700,SUBSTRATE
3563,1000856,1354,SUBSTRATE
3564,1000856,551,PRODUCT
3565,1000856,709,PRODUCT
3566,1000856,1358,PRODUCT
3567,1000857,450,SUBSTRATE
3568,1000857,706,SUBSTRATE
3569,1000857,1356,SUBSTRATE
3570,1000857,552,PRODUCT
3571,1000857,714,PRODUCT
3572,1000857,1360,PRODUCT
3573,1000858,655,SUBSTRATE
3574,1000858,700,SUBSTRATE
3575,1000858,1354,SUBSTRATE
3576,1000858,568,PRODUCT
3577,1000858,709,PRODUCT
3578,1000858,1358,PRODUCT
3579,1000859,658,SUBSTRATE
3580,1000859,706,SUBSTRATE
3581,1000859,1356,SUBSTRATE
3582,1000859,569,PRODUCT
3583,1000859,714,PRODUCT
3584,1000859,1360,PRODUCT
3585,1000860,541,SUBSTRATE
3586,1000860,1185,PRODUCT
3587,1000861,423,SUBSTRATE
3588,1000861,1060,SUBSTRATE
3589,1000861,387,PRODUCT
3590,1000861,700,PRODUCT
3591,1000861,1066,PRODUCT
3592,1000862,541,SUBSTRATE
3593,1000862,545,PRODUCT
3594,1000863,251,SUBSTRATE
3595,1000863,1194,SUBSTRATE
3596,1000863,252,PRODUCT
3597,1000863,705,PRODUCT
3598,1000863,1191,PRODUCT
3599,1000864,1192,SUBSTRATE
3600,1000864,1313,SUBSTRATE
3601,1000864,632,PRODUCT
3602,1000864,700,PRODUCT
3603,1000864,1190,PRODUCT
3604,1000865,709,SUBSTRATE
3605,1000865,1196,SUBSTRATE
3606,1000865,646,PRODUCT
3607,1000865,666,PRODUCT
3608,1000865,700,PRODUCT
3609,1000866,709,SUBSTRATE
3610,1000866,928,SUBSTRATE
3611,1000866,1041,SUBSTRATE
3612,1000866,223,PRODUCT
3613,1000866,700,PRODUCT
3614,1000866,915,PRODUCT
3615,1000866,1046,PRODUCT
3616,1000867,700,SUBSTRATE
3617,1000867,851,SUBSTRATE
3618,1000867,883,SUBSTRATE
3619,1000867,1054,SUBSTRATE
3620,1000867,709,PRODUCT
3621,1000867,928,PRODUCT
3622,1000867,1050,PRODUCT
3623,1000868,1201,SUBSTRATE
3624,1000868,517,PRODUCT
3625,1000868,579,PRODUCT
3626,1000869,373,SUBSTRATE
3627,1000869,929,SUBSTRATE
3628,1000869,499,PRODUCT
3629,1000869,1075,PRODUCT
3630,1000870,701,SUBSTRATE
3631,1000870,930,SUBSTRATE
3632,1000870,1117,SUBSTRATE
3633,1000870,261,PRODUCT
3634,1000870,443,PRODUCT
3635,1000870,500,PRODUCT
3636,1000871,423,SUBSTRATE
3637,1000871,929,SUBSTRATE
3638,1000871,1345,SUBSTRATE
3639,1000871,412,PRODUCT
3640,1000871,582,PRODUCT
3641,1000871,1203,PRODUCT
3642,1000872,249,SUBSTRATE
3643,1000872,700,SUBSTRATE
3644,1000872,1054,SUBSTRATE
3645,1000872,1050,PRODUCT
3646,1000872,1204,PRODUCT
3647,1000873,423,SUBSTRATE
3648,1000873,1204,SUBSTRATE
3649,1000873,276,PRODUCT
3650,1000873,387,PRODUCT
3651,1000873,700,PRODUCT
3652,1000874,1041,SUBSTRATE
3653,1000874,1155,SUBSTRATE
3654,1000874,700,PRODUCT
3655,1000874,1046,PRODUCT
3656,1000874,1206,PRODUCT
3657,1000875,818,SUBSTRATE
3658,1000875,1206,SUBSTRATE
3659,1000875,700,PRODUCT
3660,1000875,1205,PRODUCT
3661,1000876,642,SUBSTRATE
3662,1000876,649,SUBSTRATE
3663,1000876,639,PRODUCT
3664,1000876,700,PRODUCT
3665,1000876,1227,PRODUCT
3666,1000877,1167,SUBSTRATE
3667,1000877,1195,SUBSTRATE
3668,1000877,311,PRODUCT
3669,1000877,700,PRODUCT
3670,1000877,1212,PRODUCT
3671,1000878,1195,SUBSTRATE
3672,1000878,1212,SUBSTRATE
3673,1000878,311,PRODUCT
3674,1000878,700,PRODUCT
3675,1000878,1215,PRODUCT
3676,1000879,1219,SUBSTRATE
3677,1000879,726,PRODUCT
3678,1000879,1081,PRODUCT
3679,1000880,710,SUBSTRATE
3680,1000880,1149,SUBSTRATE
3681,1000880,1135,PRODUCT
3682,1000880,1148,PRODUCT
3683,1000881,710,SUBSTRATE
3684,1000881,1219,SUBSTRATE
3685,1000881,1135,PRODUCT
3686,1000881,1218,PRODUCT
3687,1000882,424,SUBSTRATE
3688,1000882,1148,SUBSTRATE
3689,1000882,388,PRODUCT
3690,1000882,701,PRODUCT
3691,1000882,1149,PRODUCT
3692,1000883,424,SUBSTRATE
3693,1000883,1218,SUBSTRATE
3694,1000883,388,PRODUCT
3695,1000883,701,PRODUCT
3696,1000883,1219,PRODUCT
3697,1000884,492,SUBSTRATE
3698,1000884,1260,PRODUCT
3699,1000885,491,SUBSTRATE
3700,1000885,1259,PRODUCT
3701,1000886,701,SUBSTRATE
3702,1000886,1047,SUBSTRATE
3703,1000886,1103,SUBSTRATE
3704,1000886,1221,SUBSTRATE
3705,1000886,136,PRODUCT
3706,1000886,710,PRODUCT
3707,1000886,1042,PRODUCT
3708,1000887,701,SUBSTRATE
3709,1000887,1055,SUBSTRATE
3710,1000887,1103,SUBSTRATE
3711,1000887,1221,SUBSTRATE
3712,1000887,136,PRODUCT
3713,1000887,710,PRODUCT
3714,1000887,1051,PRODUCT
3715,1000888,233,SUBSTRATE
3716,1000888,700,SUBSTRATE
3717,1000888,1054,SUBSTRATE
3718,1000888,582,PRODUCT
3719,1000888,1050,PRODUCT
3720,1000888,1220,PRODUCT
3721,1000889,1229,SUBSTRATE
3722,1000889,1281,SUBSTRATE
3723,1000889,651,PRODUCT
3724,1000889,1280,PRODUCT
3725,1000890,389,SUBSTRATE
3726,1000890,1138,SUBSTRATE
3727,1000890,1231,SUBSTRATE
3728,1000890,425,PRODUCT
3729,1000890,502,PRODUCT
3730,1000890,1229,PRODUCT
3731,1000891,709,SUBSTRATE
3732,1000891,1050,SUBSTRATE
3733,1000891,1230,SUBSTRATE
3734,1000891,700,PRODUCT
3735,1000891,1054,PRODUCT
3736,1000891,1227,PRODUCT
3737,1000892,711,SUBSTRATE
3738,1000892,1232,SUBSTRATE
3739,1000892,520,PRODUCT
3740,1000892,530,PRODUCT
3741,1000893,423,SUBSTRATE
3742,1000893,700,SUBSTRATE
3743,1000893,1233,SUBSTRATE
3744,1000893,306,PRODUCT
3745,1000893,582,PRODUCT
3746,1000894,306,SUBSTRATE
3747,1000894,1134,SUBSTRATE
3748,1000894,387,PRODUCT
3749,1000894,700,PRODUCT
3750,1000894,1233,PRODUCT
3751,1000895,700,SUBSTRATE
3752,1000895,1054,SUBSTRATE
3753,1000895,1235,SUBSTRATE
3754,1000895,709,PRODUCT
3755,1000895,740,PRODUCT
3756,1000895,1050,PRODUCT
3757,1000896,423,SUBSTRATE
3758,1000896,709,SUBSTRATE
3759,1000896,1239,SUBSTRATE
3760,1000896,387,PRODUCT
3761,1000896,700,PRODUCT
3762,1000896,1134,PRODUCT
3763,1000896,1240,PRODUCT
3764,1000897,223,SUBSTRATE
3765,1000897,1102,SUBSTRATE
3766,1000897,1237,SUBSTRATE
3767,1000897,407,PRODUCT
3768,1000897,442,PRODUCT
3769,1000897,700,PRODUCT
3770,1000897,1227,PRODUCT
3771,1000897,1235,PRODUCT
3772,1000898,313,SUBSTRATE
3773,1000898,713,SUBSTRATE
3774,1000898,329,PRODUCT
3775,1000898,705,PRODUCT
3776,1000899,423,SUBSTRATE
3777,1000899,883,SUBSTRATE
3778,1000899,1249,SUBSTRATE
3779,1000899,316,PRODUCT
3780,1000899,387,PRODUCT
3781,1000899,700,PRODUCT
3782,1000899,1134,PRODUCT
3783,1000900,711,SUBSTRATE
3784,1000900,1242,SUBSTRATE
3785,1000900,702,PRODUCT
3786,1000900,1136,PRODUCT
3787,1000900,1252,PRODUCT
3788,1000901,711,SUBSTRATE
3789,1000901,1258,SUBSTRATE
3790,1000901,1136,PRODUCT
3791,1000901,1252,PRODUCT
3792,1000902,423,SUBSTRATE
3793,1000902,1251,SUBSTRATE
3794,1000902,412,PRODUCT
3795,1000902,700,PRODUCT
3796,1000902,1241,PRODUCT
3797,1000903,423,SUBSTRATE
3798,1000903,1241,SUBSTRATE
3799,1000903,387,PRODUCT
3800,1000903,1277,PRODUCT
3801,1000904,280,SUBSTRATE
3802,1000904,301,SUBSTRATE
3803,1000904,700,SUBSTRATE
3804,1000904,582,PRODUCT
3805,1000904,1257,PRODUCT
3806,1000905,706,SUBSTRATE
3807,1000905,738,SUBSTRATE
3808,1000905,1356,SUBSTRATE
3809,1000905,714,PRODUCT
3810,1000905,1360,PRODUCT
3811,1000906,1054,SUBSTRATE
3812,1000906,1358,SUBSTRATE
3813,1000906,1050,PRODUCT
3814,1000906,1354,PRODUCT
3815,1000907,1056,SUBSTRATE
3816,1000907,1359,SUBSTRATE
3817,1000907,1052,PRODUCT
3818,1000907,1355,PRODUCT
3819,1000908,935,SUBSTRATE
3820,1000908,362,PRODUCT
3821,1000908,894,PRODUCT
3822,1000909,709,SUBSTRATE
3823,1000909,1079,SUBSTRATE
3824,1000909,935,PRODUCT
3825,1000909,1134,PRODUCT
3826,1000910,423,SUBSTRATE
3827,1000910,935,SUBSTRATE
3828,1000910,1346,SUBSTRATE
3829,1000910,412,PRODUCT
3830,1000910,582,PRODUCT
3831,1000910,1253,PRODUCT
3832,1000911,425,SUBSTRATE
3833,1000911,937,SUBSTRATE
3834,1000911,1347,SUBSTRATE
3835,1000911,413,PRODUCT
3836,1000911,584,PRODUCT
3837,1000911,1254,PRODUCT
3838,1000912,314,SUBSTRATE
3839,1000912,600,SUBSTRATE
3840,1000912,575,PRODUCT
3841,1000912,595,PRODUCT
3842,1000913,1192,SUBSTRATE
3843,1000913,1259,SUBSTRATE
3844,1000913,105,PRODUCT
3845,1000913,1190,PRODUCT
3846,1000914,839,SUBSTRATE
3847,1000914,1125,SUBSTRATE
3848,1000914,584,PRODUCT
3849,1000914,730,PRODUCT
3850,1000915,674,SUBSTRATE
3851,1000915,1202,SUBSTRATE
3852,1000915,517,PRODUCT
3853,1000915,523,PRODUCT
3854,1000916,545,SUBSTRATE
3855,1000916,1185,SUBSTRATE
3856,1000916,674,PRODUCT
3857,1000916,1202,PRODUCT
3858,1000917,517,SUBSTRATE
3859,1000917,545,SUBSTRATE
3860,1000917,523,PRODUCT
3861,1000917,674,PRODUCT
3862,1000918,399,SUBSTRATE
3863,1000918,709,SUBSTRATE
3864,1000918,1134,PRODUCT
3865,1000918,1266,PRODUCT
3866,1000919,579,SUBSTRATE
3867,1000919,674,PRODUCT
3868,1000920,162,SUBSTRATE
3869,1000920,929,SUBSTRATE
3870,1000920,674,PRODUCT
3871,1000920,709,PRODUCT
3872,1000920,938,PRODUCT
3873,1000921,223,SUBSTRATE
3874,1000921,938,SUBSTRATE
3875,1000921,753,PRODUCT
3876,1000921,883,PRODUCT
3877,1000922,423,SUBSTRATE
3878,1000922,938,SUBSTRATE
3879,1000922,1348,SUBSTRATE
3880,1000922,412,PRODUCT
3881,1000922,582,PRODUCT
3882,1000922,1272,PRODUCT
3883,1000923,425,SUBSTRATE
3884,1000923,940,SUBSTRATE
3885,1000923,1349,SUBSTRATE
3886,1000923,413,PRODUCT
3887,1000923,584,PRODUCT
3888,1000923,1273,PRODUCT
3889,1000924,243,SUBSTRATE
3890,1000924,883,SUBSTRATE
3891,1000924,223,PRODUCT
3892,1000924,941,PRODUCT
3893,1000925,244,SUBSTRATE
3894,1000925,887,SUBSTRATE
3895,1000925,227,PRODUCT
3896,1000925,944,PRODUCT
3897,1000926,423,SUBSTRATE
3898,1000926,941,SUBSTRATE
3899,1000926,1350,SUBSTRATE
3900,1000926,412,PRODUCT
3901,1000926,582,PRODUCT
3902,1000926,1278,PRODUCT
3903,1000927,425,SUBSTRATE
3904,1000927,943,SUBSTRATE
3905,1000927,1351,SUBSTRATE
3906,1000927,413,PRODUCT
3907,1000927,584,PRODUCT
3908,1000927,1279,PRODUCT
3909,1000928,609,SUBSTRATE
3910,1000928,1287,SUBSTRATE
3911,1000928,613,PRODUCT
3912,1000928,700,PRODUCT
3913,1000928,1282,PRODUCT
3914,1000929,700,SUBSTRATE
3915,1000929,1033,SUBSTRATE
3916,1000929,1303,SUBSTRATE
3917,1000929,582,PRODUCT
3918,1000929,1288,PRODUCT
3919,1000930,1287,SUBSTRATE
3920,1000930,1285,PRODUCT
3921,1000931,400,SUBSTRATE
3922,1000931,1287,SUBSTRATE
3923,1000931,532,PRODUCT
3924,1000931,1285,PRODUCT
3925,1000932,423,SUBSTRATE
3926,1000932,1289,SUBSTRATE
3927,1000932,387,PRODUCT
3928,1000932,1282,PRODUCT
3929,1000933,426,SUBSTRATE
3930,1000933,1292,SUBSTRATE
3931,1000933,390,PRODUCT
3932,1000933,1284,PRODUCT
3933,1000934,1164,SUBSTRATE
3934,1000934,1294,SUBSTRATE
3935,1000934,582,PRODUCT
3936,1000934,1289,PRODUCT
3937,1000935,423,SUBSTRATE
3938,1000935,432,SUBSTRATE
3939,1000935,1296,SUBSTRATE
3940,1000935,387,PRODUCT
3941,1000935,700,PRODUCT
3942,1000935,1134,PRODUCT
3943,1000935,1298,PRODUCT
3944,1000936,700,SUBSTRATE
3945,1000936,709,SUBSTRATE
3946,1000936,1299,SUBSTRATE
3947,1000936,409,PRODUCT
3948,1000936,442,PRODUCT
3949,1000936,686,PRODUCT
3950,1000937,423,SUBSTRATE
3951,1000937,1300,SUBSTRATE
3952,1000937,387,PRODUCT
3953,1000937,700,PRODUCT
3954,1000937,1289,PRODUCT
3955,1000938,691,SUBSTRATE
3956,1000938,1300,SUBSTRATE
3957,1000938,655,PRODUCT
3958,1000938,700,PRODUCT
3959,1000938,1289,PRODUCT
3960,1000939,423,SUBSTRATE
3961,1000939,600,SUBSTRATE
3962,1000939,387,PRODUCT
3963,1000939,598,PRODUCT
3964,1000940,426,SUBSTRATE
3965,1000940,601,SUBSTRATE
3966,1000940,390,PRODUCT
3967,1000940,599,PRODUCT
3968,1000941,700,SUBSTRATE
3969,1000941,1302,SUBSTRATE
3970,1000941,442,PRODUCT
3971,1000941,505,PRODUCT
3972,1000942,1192,SUBSTRATE
3973,1000942,1302,SUBSTRATE
3974,1000942,700,PRODUCT
3975,1000942,1155,PRODUCT
3976,1000942,1190,PRODUCT
3977,1000943,1158,SUBSTRATE
3978,1000943,709,PRODUCT
3979,1000943,1302,PRODUCT
3980,1000944,532,SUBSTRATE
3981,1000944,700,SUBSTRATE
3982,1000944,1303,SUBSTRATE
3983,1000944,582,PRODUCT
3984,1000944,1287,PRODUCT
3985,1000945,423,SUBSTRATE
3986,1000945,700,SUBSTRATE
3987,1000945,709,SUBSTRATE
3988,1000945,387,PRODUCT
3989,1000945,703,PRODUCT
3990,1000945,1134,PRODUCT
3991,1000946,423,SUBSTRATE
3992,1000946,700,SUBSTRATE
3993,1000946,709,SUBSTRATE
3994,1000946,387,PRODUCT
3995,1000946,708,PRODUCT
3996,1000946,1134,PRODUCT
3997,1000947,223,SUBSTRATE
3998,1000947,946,SUBSTRATE
3999,1000947,262,PRODUCT
4000,1000947,883,PRODUCT
4001,1000948,225,SUBSTRATE
4002,1000948,948,SUBSTRATE
4003,1000948,263,PRODUCT
4004,1000948,885,PRODUCT
4005,1000949,423,SUBSTRATE
4006,1000949,946,SUBSTRATE
4007,1000949,1352,SUBSTRATE
4008,1000949,412,PRODUCT
4009,1000949,582,PRODUCT
4010,1000949,1305,PRODUCT
4011,1000950,425,SUBSTRATE
4012,1000950,948,SUBSTRATE
4013,1000950,1353,SUBSTRATE
4014,1000950,413,PRODUCT
4015,1000950,584,PRODUCT
4016,1000950,1306,PRODUCT
4017,1000951,360,SUBSTRATE
4018,1000951,1164,SUBSTRATE
4019,1000951,582,PRODUCT
4020,1000951,1309,PRODUCT
4021,1000952,1041,SUBSTRATE
4022,1000952,1310,SUBSTRATE
4023,1000952,544,PRODUCT
4024,1000952,700,PRODUCT
4025,1000952,1046,PRODUCT
4026,1000953,542,SUBSTRATE
4027,1000953,700,SUBSTRATE
4028,1000953,1054,SUBSTRATE
4029,1000953,1050,PRODUCT
4030,1000953,1310,PRODUCT
4031,1000954,423,SUBSTRATE
4032,1000954,544,SUBSTRATE
4033,1000954,387,PRODUCT
4034,1000954,545,PRODUCT
4035,1000954,700,PRODUCT
4036,1000955,1185,SUBSTRATE
4037,1000955,1294,SUBSTRATE
4038,1000955,709,PRODUCT
4039,1000955,1166,PRODUCT
4040,1000956,127,SUBSTRATE
4041,1000956,126,PRODUCT
4042,1000957,133,SUBSTRATE
4043,1000957,134,PRODUCT
4044,1000958,216,SUBSTRATE
4045,1000958,217,PRODUCT
4046,1000959,220,SUBSTRATE
4047,1000959,223,SUBSTRATE
4048,1000959,219,PRODUCT
4049,1000959,225,PRODUCT
4050,1000960,250,SUBSTRATE
4051,1000960,251,PRODUCT
4052,1000961,653,SUBSTRATE
4053,1000961,702,SUBSTRATE
4054,1000961,652,PRODUCT
4055,1000961,700,PRODUCT
4056,1000962,324,SUBSTRATE
4057,1000962,702,SUBSTRATE
4058,1000962,323,PRODUCT
4059,1000962,700,PRODUCT
4060,1000963,328,SUBSTRATE
4061,1000963,327,PRODUCT
4062,1000964,359,SUBSTRATE
4063,1000964,702,SUBSTRATE
4064,1000964,358,PRODUCT
4065,1000964,700,PRODUCT
4066,1000965,365,SUBSTRATE
4067,1000965,367,PRODUCT
4068,1000966,623,SUBSTRATE
4069,1000966,624,PRODUCT
4070,1000967,378,SUBSTRATE
4071,1000967,702,SUBSTRATE
4072,1000967,377,PRODUCT
4073,1000967,700,PRODUCT
4074,1000968,381,SUBSTRATE
4075,1000968,702,SUBSTRATE
4076,1000968,380,PRODUCT
4077,1000968,700,PRODUCT
4078,1000969,387,SUBSTRATE
4079,1000969,425,SUBSTRATE
4080,1000969,389,PRODUCT
4081,1000969,423,PRODUCT
4082,1000970,391,SUBSTRATE
4083,1000970,423,SUBSTRATE
4084,1000970,707,SUBSTRATE
4085,1000970,387,PRODUCT
4086,1000970,427,PRODUCT
4087,1000970,700,PRODUCT
4088,1000971,223,SUBSTRATE
4089,1000971,495,SUBSTRATE
4090,1000971,225,PRODUCT
4091,1000971,493,PRODUCT
4092,1000972,396,SUBSTRATE
4093,1000972,395,PRODUCT
4094,1000973,398,SUBSTRATE
4095,1000973,397,PRODUCT
4096,1000974,410,SUBSTRATE
4097,1000974,409,PRODUCT
4098,1000975,415,SUBSTRATE
4099,1000975,423,SUBSTRATE
4100,1000975,707,SUBSTRATE
4101,1000975,412,PRODUCT
4102,1000975,427,PRODUCT
4103,1000975,700,PRODUCT
4104,1000976,867,SUBSTRATE
4105,1000976,883,SUBSTRATE
4106,1000976,865,PRODUCT
4107,1000976,885,PRODUCT
4108,1000977,438,SUBSTRATE
4109,1000977,702,SUBSTRATE
4110,1000977,437,PRODUCT
4111,1000977,700,PRODUCT
4112,1000978,121,SUBSTRATE
4113,1000978,1076,SUBSTRATE
4114,1000978,119,PRODUCT
4115,1000978,1077,PRODUCT
4116,1000979,465,SUBSTRATE
4117,1000979,466,PRODUCT
4118,1000980,468,SUBSTRATE
4119,1000980,469,PRODUCT
4120,1000981,471,SUBSTRATE
4121,1000981,472,PRODUCT
4122,1000982,474,SUBSTRATE
4123,1000982,475,PRODUCT
4124,1000983,488,SUBSTRATE
4125,1000983,702,SUBSTRATE
4126,1000983,487,PRODUCT
4127,1000983,700,PRODUCT
4128,1000984,153,SUBSTRATE
4129,1000984,493,SUBSTRATE
4130,1000984,151,PRODUCT
4131,1000984,495,PRODUCT
4132,1000985,493,SUBSTRATE
4133,1000985,1145,SUBSTRATE
4134,1000985,495,PRODUCT
4135,1000985,1144,PRODUCT
4136,1000986,493,SUBSTRATE
4137,1000986,835,SUBSTRATE
4138,1000986,495,PRODUCT
4139,1000986,834,PRODUCT
4140,1000987,499,SUBSTRATE
4141,1000987,502,PRODUCT
4142,1000988,498,SUBSTRATE
4143,1000988,506,SUBSTRATE
4144,1000988,700,SUBSTRATE
4145,1000988,497,PRODUCT
4146,1000988,507,PRODUCT
4147,1000988,705,PRODUCT
4148,1000989,498,SUBSTRATE
4149,1000989,506,SUBSTRATE
4150,1000989,700,SUBSTRATE
4151,1000989,497,PRODUCT
4152,1000989,507,PRODUCT
4153,1000989,705,PRODUCT
4154,1000990,510,SUBSTRATE
4155,1000990,702,SUBSTRATE
4156,1000990,509,PRODUCT
4157,1000990,700,PRODUCT
4158,1000991,512,SUBSTRATE
4159,1000991,702,SUBSTRATE
4160,1000991,511,PRODUCT
4161,1000991,700,PRODUCT
4162,1000992,520,SUBSTRATE
4163,1000992,519,PRODUCT
4164,1000993,525,SUBSTRATE
4165,1000993,702,SUBSTRATE
4166,1000993,524,PRODUCT
4167,1000993,700,PRODUCT
4168,1000994,124,SUBSTRATE
4169,1000994,702,SUBSTRATE
4170,1000994,123,PRODUCT
4171,1000994,700,PRODUCT
4172,1000995,123,SUBSTRATE
4173,1000995,700,SUBSTRATE
4174,1000995,125,PRODUCT
4175,1000995,705,PRODUCT
4176,1000996,123,SUBSTRATE
4177,1000996,1179,SUBSTRATE
4178,1000996,125,PRODUCT
4179,1000996,1177,PRODUCT
4180,1000997,536,SUBSTRATE
4181,1000997,702,SUBSTRATE
4182,1000997,535,PRODUCT
4183,1000997,700,PRODUCT
4184,1000998,604,SUBSTRATE
4185,1000998,603,PRODUCT
4186,1000999,611,SUBSTRATE
4187,1000999,609,PRODUCT
4188,1001000,608,SUBSTRATE
4189,1001000,609,PRODUCT
4190,1001001,622,SUBSTRATE
4191,1001001,621,PRODUCT
4192,1001002,628,SUBSTRATE
4193,1001002,627,PRODUCT
4194,1001003,633,SUBSTRATE
4195,1001003,632,PRODUCT
4196,1001004,631,SUBSTRATE
4197,1001004,632,PRODUCT
4198,1001005,644,SUBSTRATE
4199,1001005,643,PRODUCT
4200,1001006,659,SUBSTRATE
4201,1001006,690,SUBSTRATE
4202,1001006,660,PRODUCT
4203,1001006,689,PRODUCT
4204,1001007,530,SUBSTRATE
4205,1001007,529,PRODUCT
4206,1001008,667,SUBSTRATE
4207,1001008,666,PRODUCT
4208,1001009,666,SUBSTRATE
4209,1001009,669,PRODUCT
4210,1001010,160,SUBSTRATE
4211,1001010,159,PRODUCT
4212,1001011,1209,SUBSTRATE
4213,1001011,1208,PRODUCT
4214,1001012,676,SUBSTRATE
4215,1001012,702,SUBSTRATE
4216,1001012,675,PRODUCT
4217,1001012,700,PRODUCT
4218,1001013,675,SUBSTRATE
4219,1001013,676,PRODUCT
4220,1001014,702,SUBSTRATE
4221,1001014,895,SUBSTRATE
4222,1001014,700,PRODUCT
4223,1001014,894,PRODUCT
4224,1001015,681,SUBSTRATE
4225,1001015,682,PRODUCT
4226,1001016,657,SUBSTRATE
4227,1001016,691,SUBSTRATE
4228,1001016,700,SUBSTRATE
4229,1001016,655,PRODUCT
4230,1001016,692,PRODUCT
4231,1001016,705,PRODUCT
4232,1001017,694,SUBSTRATE
4233,1001017,702,SUBSTRATE
4234,1001017,693,PRODUCT
4235,1001017,700,PRODUCT
4236,1001018,702,SUBSTRATE
4237,1001018,1014,SUBSTRATE
4238,1001018,700,PRODUCT
4239,1001018,1013,PRODUCT
4240,1001019,819,SUBSTRATE
4241,1001019,818,PRODUCT
4242,1001020,818,SUBSTRATE
4243,1001020,820,PRODUCT
4244,1001021,821,SUBSTRATE
4245,1001021,822,PRODUCT
4246,1001022,829,SUBSTRATE
4247,1001022,830,PRODUCT
4248,1001023,837,SUBSTRATE
4249,1001023,839,PRODUCT
4250,1001024,702,SUBSTRATE
4251,1001024,848,SUBSTRATE
4252,1001024,700,PRODUCT
4253,1001024,847,PRODUCT
4254,1001025,702,SUBSTRATE
4255,1001025,858,SUBSTRATE
4256,1001025,700,PRODUCT
4257,1001025,857,PRODUCT
4258,1001026,708,SUBSTRATE
4259,1001026,857,SUBSTRATE
4260,1001026,700,PRODUCT
4261,1001026,860,PRODUCT
4262,1001027,702,SUBSTRATE
4263,1001027,862,SUBSTRATE
4264,1001027,700,PRODUCT
4265,1001027,861,PRODUCT
4266,1001028,708,SUBSTRATE
4267,1001028,861,SUBSTRATE
4268,1001028,700,PRODUCT
4269,1001028,864,PRODUCT
4270,1001029,708,SUBSTRATE
4271,1001029,864,SUBSTRATE
4272,1001029,700,PRODUCT
4273,1001029,861,PRODUCT
4274,1001030,708,SUBSTRATE
4275,1001030,869,SUBSTRATE
4276,1001030,700,PRODUCT
4277,1001030,865,PRODUCT
4278,1001031,702,SUBSTRATE
4279,1001031,866,SUBSTRATE
4280,1001031,700,PRODUCT
4281,1001031,865,PRODUCT
4282,1001032,120,SUBSTRATE
4283,1001032,119,PRODUCT
4284,1001033,702,SUBSTRATE
4285,1001033,874,SUBSTRATE
4286,1001033,700,PRODUCT
4287,1001033,873,PRODUCT
4288,1001034,708,SUBSTRATE
4289,1001034,877,SUBSTRATE
4290,1001034,700,PRODUCT
4291,1001034,876,PRODUCT
4292,1001035,883,SUBSTRATE
4293,1001035,885,PRODUCT
4294,1001036,708,SUBSTRATE
4295,1001036,888,SUBSTRATE
4296,1001036,700,PRODUCT
4297,1001036,883,PRODUCT
4298,1001037,702,SUBSTRATE
4299,1001037,884,SUBSTRATE
4300,1001037,700,PRODUCT
4301,1001037,883,PRODUCT
4302,1001038,708,SUBSTRATE
4303,1001038,890,SUBSTRATE
4304,1001038,700,PRODUCT
4305,1001038,893,PRODUCT
4306,1001039,708,SUBSTRATE
4307,1001039,893,SUBSTRATE
4308,1001039,700,PRODUCT
4309,1001039,890,PRODUCT
4310,1001040,702,SUBSTRATE
4311,1001040,891,SUBSTRATE
4312,1001040,700,PRODUCT
4313,1001040,890,PRODUCT
4314,1001041,708,SUBSTRATE
4315,1001041,897,SUBSTRATE
4316,1001041,700,PRODUCT
4317,1001041,900,PRODUCT
4318,1001042,702,SUBSTRATE
4319,1001042,898,SUBSTRATE
4320,1001042,700,PRODUCT
4321,1001042,897,PRODUCT
4322,1001043,909,SUBSTRATE
4323,1001043,906,PRODUCT
4324,1001044,708,SUBSTRATE
4325,1001044,906,SUBSTRATE
4326,1001044,700,PRODUCT
4327,1001044,909,PRODUCT
4328,1001045,708,SUBSTRATE
4329,1001045,909,SUBSTRATE
4330,1001045,700,PRODUCT
4331,1001045,906,PRODUCT
4332,1001046,702,SUBSTRATE
4333,1001046,907,SUBSTRATE
4334,1001046,700,PRODUCT
4335,1001046,906,PRODUCT
4336,1001047,148,SUBSTRATE
4337,1001047,150,PRODUCT
4338,1001048,149,SUBSTRATE
4339,1001048,702,SUBSTRATE
4340,1001048,148,PRODUCT
4341,1001048,700,PRODUCT
4342,1001049,914,SUBSTRATE
4343,1001049,911,PRODUCT
4344,1001050,708,SUBSTRATE
4345,1001050,911,SUBSTRATE
4346,1001050,700,PRODUCT
4347,1001050,914,PRODUCT
4348,1001051,708,SUBSTRATE
4349,1001051,914,SUBSTRATE
4350,1001051,700,PRODUCT
4351,1001051,911,PRODUCT
4352,1001052,702,SUBSTRATE
4353,1001052,912,SUBSTRATE
4354,1001052,700,PRODUCT
4355,1001052,911,PRODUCT
4356,1001053,708,SUBSTRATE
4357,1001053,915,SUBSTRATE
4358,1001053,700,PRODUCT
4359,1001053,918,PRODUCT
4360,1001054,702,SUBSTRATE
4361,1001054,916,SUBSTRATE
4362,1001054,700,PRODUCT
4363,1001054,915,PRODUCT
4364,1001055,702,SUBSTRATE
4365,1001055,920,SUBSTRATE
4366,1001055,700,PRODUCT
4367,1001055,919,PRODUCT
4368,1001056,702,SUBSTRATE
4369,1001056,923,SUBSTRATE
4370,1001056,700,PRODUCT
4371,1001056,922,PRODUCT
4372,1001057,702,SUBSTRATE
4373,1001057,926,SUBSTRATE
4374,1001057,700,PRODUCT
4375,1001057,925,PRODUCT
4376,1001058,702,SUBSTRATE
4377,1001058,931,SUBSTRATE
4378,1001058,700,PRODUCT
4379,1001058,929,PRODUCT
4380,1001059,702,SUBSTRATE
4381,1001059,936,SUBSTRATE
4382,1001059,700,PRODUCT
4383,1001059,935,PRODUCT
4384,1001060,702,SUBSTRATE
4385,1001060,939,SUBSTRATE
4386,1001060,700,PRODUCT
4387,1001060,938,PRODUCT
4388,1001061,945,SUBSTRATE
4389,1001061,941,PRODUCT
4390,1001062,708,SUBSTRATE
4391,1001062,941,SUBSTRATE
4392,1001062,700,PRODUCT
4393,1001062,945,PRODUCT
4394,1001063,708,SUBSTRATE
4395,1001063,945,SUBSTRATE
4396,1001063,700,PRODUCT
4397,1001063,941,PRODUCT
4398,1001064,702,SUBSTRATE
4399,1001064,942,SUBSTRATE
4400,1001064,700,PRODUCT
4401,1001064,941,PRODUCT
4402,1001065,702,SUBSTRATE
4403,1001065,947,SUBSTRATE
4404,1001065,700,PRODUCT
4405,1001065,946,PRODUCT
4406,1001066,950,SUBSTRATE
4407,1001066,949,PRODUCT
4408,1001067,151,SUBSTRATE
4409,1001067,1138,SUBSTRATE
4410,1001067,153,PRODUCT
4411,1001067,1134,PRODUCT
4412,1001068,702,SUBSTRATE
4413,1001068,971,SUBSTRATE
4414,1001068,700,PRODUCT
4415,1001068,970,PRODUCT
4416,1001069,1029,SUBSTRATE
4417,1001069,1030,PRODUCT
4418,1001070,1041,SUBSTRATE
4419,1001070,1043,PRODUCT
4420,1001071,549,SUBSTRATE
4421,1001071,1041,SUBSTRATE
4422,1001071,548,PRODUCT
4423,1001071,1043,PRODUCT
4424,1001072,413,SUBSTRATE
4425,1001072,1041,SUBSTRATE
4426,1001072,412,PRODUCT
4427,1001072,1043,PRODUCT
4428,1001073,571,SUBSTRATE
4429,1001073,1041,SUBSTRATE
4430,1001073,570,PRODUCT
4431,1001073,1043,PRODUCT
4432,1001074,1062,SUBSTRATE
4433,1001074,1061,PRODUCT
4434,1001075,1222,SUBSTRATE
4435,1001075,1224,PRODUCT
4436,1001076,700,SUBSTRATE
4437,1001076,1095,SUBSTRATE
4438,1001076,705,PRODUCT
4439,1001076,1093,PRODUCT
4440,1001077,702,SUBSTRATE
4441,1001077,1094,SUBSTRATE
4442,1001077,700,PRODUCT
4443,1001077,1093,PRODUCT
4444,1001078,700,SUBSTRATE
4445,1001078,1098,SUBSTRATE
4446,1001078,705,PRODUCT
4447,1001078,1100,PRODUCT
4448,1001079,130,SUBSTRATE
4449,1001079,702,SUBSTRATE
4450,1001079,129,PRODUCT
4451,1001079,700,PRODUCT
4452,1001080,1123,SUBSTRATE
4453,1001080,1125,PRODUCT
4454,1001081,1128,SUBSTRATE
4455,1001081,1129,PRODUCT
4456,1001082,702,SUBSTRATE
4457,1001082,1136,SUBSTRATE
4458,1001082,700,PRODUCT
4459,1001082,1134,PRODUCT
4460,1001083,700,SUBSTRATE
4461,1001083,1134,SUBSTRATE
4462,1001083,705,PRODUCT
4463,1001083,1138,PRODUCT
4464,1001084,702,SUBSTRATE
4465,1001084,1154,SUBSTRATE
4466,1001084,700,PRODUCT
4467,1001084,1153,PRODUCT
4468,1001085,1167,SUBSTRATE
4469,1001085,1168,PRODUCT
4470,1001086,700,SUBSTRATE
4471,1001086,1168,SUBSTRATE
4472,1001086,702,PRODUCT
4473,1001086,1167,PRODUCT
4474,1001087,708,SUBSTRATE
4475,1001087,1167,SUBSTRATE
4476,1001087,700,PRODUCT
4477,1001087,1169,PRODUCT
4478,1001088,702,SUBSTRATE
4479,1001088,1175,SUBSTRATE
4480,1001088,700,PRODUCT
4481,1001088,1174,PRODUCT
4482,1001089,702,SUBSTRATE
4483,1001089,1178,SUBSTRATE
4484,1001089,700,PRODUCT
4485,1001089,1177,PRODUCT
4486,1001090,702,SUBSTRATE
4487,1001090,1193,SUBSTRATE
4488,1001090,700,PRODUCT
4489,1001090,1192,PRODUCT
4490,1001091,1192,SUBSTRATE
4491,1001091,1194,PRODUCT
4492,1001092,702,SUBSTRATE
4493,1001092,1200,SUBSTRATE
4494,1001092,700,PRODUCT
4495,1001092,1199,PRODUCT
4496,1001093,702,SUBSTRATE
4497,1001093,1210,SUBSTRATE
4498,1001093,700,PRODUCT
4499,1001093,1211,PRODUCT
4500,1001094,1212,SUBSTRATE
4501,1001094,1213,PRODUCT
4502,1001095,700,SUBSTRATE
4503,1001095,1213,SUBSTRATE
4504,1001095,702,PRODUCT
4505,1001095,1212,PRODUCT
4506,1001096,708,SUBSTRATE
4507,1001096,1212,SUBSTRATE
4508,1001096,700,PRODUCT
4509,1001096,1214,PRODUCT
4510,1001097,700,SUBSTRATE
4511,1001097,1216,SUBSTRATE
4512,1001097,702,PRODUCT
4513,1001097,1215,PRODUCT
4514,1001098,708,SUBSTRATE
4515,1001098,1215,SUBSTRATE
4516,1001098,700,PRODUCT
4517,1001098,1217,PRODUCT
4518,1001099,1138,SUBSTRATE
4519,1001099,1227,SUBSTRATE
4520,1001099,1134,PRODUCT
4521,1001099,1229,PRODUCT
4522,1001100,651,SUBSTRATE
4523,1001100,1227,SUBSTRATE
4524,1001100,649,PRODUCT
4525,1001100,1229,PRODUCT
4526,1001101,1234,SUBSTRATE
4527,1001101,1233,PRODUCT
4528,1001102,1235,SUBSTRATE
4529,1001102,1236,PRODUCT
4530,1001103,1237,SUBSTRATE
4531,1001103,1238,PRODUCT
4532,1001104,1241,SUBSTRATE
4533,1001104,1243,PRODUCT
4534,1001105,702,SUBSTRATE
4535,1001105,1252,SUBSTRATE
4536,1001105,700,PRODUCT
4537,1001105,1251,PRODUCT
4538,1001106,1285,SUBSTRATE
4539,1001106,1286,PRODUCT
4540,1001107,702,SUBSTRATE
4541,1001107,1295,SUBSTRATE
4542,1001107,700,PRODUCT
4543,1001107,1294,PRODUCT
4544,1001108,702,SUBSTRATE
4545,1001108,1297,SUBSTRATE
4546,1001108,700,PRODUCT
4547,1001108,1296,PRODUCT
4548,1001109,702,SUBSTRATE
4549,1001109,1301,SUBSTRATE
4550,1001109,700,PRODUCT
4551,1001109,1300,PRODUCT
4552,1001110,641,SUBSTRATE
4553,1001110,700,SUBSTRATE
4554,1001110,1291,SUBSTRATE
4555,1001110,1303,SUBSTRATE
4556,1001110,639,PRODUCT
4557,1001110,705,PRODUCT
4558,1001110,1289,PRODUCT
4559,1001110,1304,PRODUCT
4560,1001111,700,SUBSTRATE
4561,1001111,1291,SUBSTRATE
4562,1001111,1303,SUBSTRATE
4563,1001111,705,PRODUCT
4564,1001111,1289,PRODUCT
4565,1001111,1304,PRODUCT
4566,1001112,711,SUBSTRATE
4567,1001112,709,PRODUCT
4568,1001113,1314,SUBSTRATE
4569,1001113,1312,PRODUCT
4570,1001114,801,SUBSTRATE
4571,1001114,787,PRODUCT
4572,1001114,2335,PRODUCT
4573,1001114,2337,PRODUCT
4574,1001115,804,SUBSTRATE
4575,1001115,787,PRODUCT
4576,1001115,2335,PRODUCT
4577,1001115,2338,PRODUCT
4578,1001116,807,SUBSTRATE
4579,1001116,787,PRODUCT
4580,1001116,2335,PRODUCT
4581,1001116,2337,PRODUCT
4582,1001117,810,SUBSTRATE
4583,1001117,787,PRODUCT
4584,1001117,2335,PRODUCT
4585,1001117,2338,PRODUCT
4586,1001118,789,SUBSTRATE
4587,1001118,787,PRODUCT
4588,1001118,2335,PRODUCT
4589,1001118,2337,PRODUCT
4590,1001119,792,SUBSTRATE
4591,1001119,787,PRODUCT
4592,1001119,2335,PRODUCT
4593,1001119,2338,PRODUCT
4594,1001120,795,SUBSTRATE
4595,1001120,787,PRODUCT
4596,1001120,2335,PRODUCT
4597,1001120,2337,PRODUCT
4598,1001121,798,SUBSTRATE
4599,1001121,787,PRODUCT
4600,1001121,2335,PRODUCT
4601,1001121,2338,PRODUCT
4602,1001122,813,SUBSTRATE
4603,1001122,787,PRODUCT
4604,1001122,2335,PRODUCT
4605,1001122,2337,PRODUCT
4606,1001123,816,SUBSTRATE
4607,1001123,787,PRODUCT
4608,1001123,2335,PRODUCT
4609,1001123,2338,PRODUCT
4610,1001124,758,SUBSTRATE
4611,1001124,756,PRODUCT
4612,1001124,2335,PRODUCT
4613,1001124,2337,PRODUCT
4614,1001125,761,SUBSTRATE
4615,1001125,756,PRODUCT
4616,1001125,2335,PRODUCT
4617,1001125,2338,PRODUCT
4618,1001126,770,SUBSTRATE
4619,1001126,756,PRODUCT
4620,1001126,2335,PRODUCT
4621,1001126,2337,PRODUCT
4622,1001127,773,SUBSTRATE
4623,1001127,756,PRODUCT
4624,1001127,2335,PRODUCT
4625,1001127,2338,PRODUCT
4626,1001128,764,SUBSTRATE
4627,1001128,756,PRODUCT
4628,1001128,2335,PRODUCT
4629,1001128,2337,PRODUCT
4630,1001129,767,SUBSTRATE
4631,1001129,756,PRODUCT
4632,1001129,2335,PRODUCT
4633,1001129,2338,PRODUCT
4634,1001130,776,SUBSTRATE
4635,1001130,756,PRODUCT
4636,1001130,2335,PRODUCT
4637,1001130,2337,PRODUCT
4638,1001131,779,SUBSTRATE
4639,1001131,756,PRODUCT
4640,1001131,2335,PRODUCT
4641,1001131,2338,PRODUCT
4642,1001132,782,SUBSTRATE
4643,1001132,756,PRODUCT
4644,1001132,2335,PRODUCT
4645,1001132,2337,PRODUCT
4646,1001133,785,SUBSTRATE
4647,1001133,756,PRODUCT
4648,1001133,2335,PRODUCT
4649,1001133,2338,PRODUCT
4650,1001134,992,SUBSTRATE
4651,1001134,978,PRODUCT
4652,1001134,2335,PRODUCT
4653,1001134,2337,PRODUCT
4654,1001135,995,SUBSTRATE
4655,1001135,978,PRODUCT
4656,1001135,2335,PRODUCT
4657,1001135,2338,PRODUCT
4658,1001136,998,SUBSTRATE
4659,1001136,978,PRODUCT
4660,1001136,2335,PRODUCT
4661,1001136,2337,PRODUCT
4662,1001137,1001,SUBSTRATE
4663,1001137,978,PRODUCT
4664,1001137,2335,PRODUCT
4665,1001137,2338,PRODUCT
4666,1001138,980,SUBSTRATE
4667,1001138,978,PRODUCT
4668,1001138,2335,PRODUCT
4669,1001138,2337,PRODUCT
4670,1001139,983,SUBSTRATE
4671,1001139,978,PRODUCT
4672,1001139,2335,PRODUCT
4673,1001139,2338,PRODUCT
4674,1001140,986,SUBSTRATE
4675,1001140,978,PRODUCT
4676,1001140,2335,PRODUCT
4677,1001140,2337,PRODUCT
4678,1001141,989,SUBSTRATE
4679,1001141,978,PRODUCT
4680,1001141,2335,PRODUCT
4681,1001141,2338,PRODUCT
4682,1001142,1004,SUBSTRATE
4683,1001142,978,PRODUCT
4684,1001142,2335,PRODUCT
4685,1001142,2337,PRODUCT
4686,1001143,1007,SUBSTRATE
4687,1001143,978,PRODUCT
4688,1001143,2335,PRODUCT
4689,1001143,2338,PRODUCT
4690,1001144,100,SUBSTRATE
4691,1001144,101,PRODUCT
4692,1001145,1015,SUBSTRATE
4693,1001145,1016,PRODUCT
4694,1001146,176,SUBSTRATE
4695,1001146,175,PRODUCT
4696,1001147,356,SUBSTRATE
4697,1001147,357,PRODUCT
4698,1001148,196,SUBSTRATE
4699,1001148,197,PRODUCT
4700,1001149,206,SUBSTRATE
4701,1001149,207,PRODUCT
4702,1001150,206,SUBSTRATE
4703,1001150,208,PRODUCT
4704,1001151,213,SUBSTRATE
4705,1001151,214,PRODUCT
4706,1001152,213,SUBSTRATE
4707,1001152,215,PRODUCT
4708,1001153,210,SUBSTRATE
4709,1001153,211,PRODUCT
4710,1001154,210,SUBSTRATE
4711,1001154,212,PRODUCT
4712,1001155,831,SUBSTRATE
4713,1001155,832,PRODUCT
4714,1001156,831,SUBSTRATE
4715,1001156,833,PRODUCT
4716,1001157,221,SUBSTRATE
4717,1001157,222,PRODUCT
4718,1001158,223,SUBSTRATE
4719,1001158,226,PRODUCT
4720,1001159,224,SUBSTRATE
4721,1001159,223,PRODUCT
4722,1001160,229,SUBSTRATE
4723,1001160,228,PRODUCT
4724,1001161,230,SUBSTRATE
4725,1001161,228,PRODUCT
4726,1001162,108,SUBSTRATE
4727,1001162,109,PRODUCT
4728,1001163,143,SUBSTRATE
4729,1001163,145,PRODUCT
4730,1001164,144,SUBSTRATE
4731,1001164,143,PRODUCT
4732,1001165,264,SUBSTRATE
4733,1001165,265,PRODUCT
4734,1001166,264,SUBSTRATE
4735,1001166,266,PRODUCT
4736,1001167,253,SUBSTRATE
4737,1001167,254,PRODUCT
4738,1001168,308,SUBSTRATE
4739,1001168,283,PRODUCT
4740,1001168,683,PRODUCT
4741,1001168,700,PRODUCT
4742,1001168,1134,PRODUCT
4743,1001169,284,SUBSTRATE
4744,1001169,285,PRODUCT
4745,1001170,284,SUBSTRATE
4746,1001170,286,PRODUCT
4747,1001171,287,SUBSTRATE
4748,1001171,288,PRODUCT
4749,1001172,652,SUBSTRATE
4750,1001172,654,PRODUCT
4751,1001173,292,SUBSTRATE
4752,1001173,293,PRODUCT
4753,1001174,292,SUBSTRATE
4754,1001174,294,PRODUCT
4755,1001175,296,SUBSTRATE
4756,1001175,297,PRODUCT
4757,1001176,412,SUBSTRATE
4758,1001176,709,SUBSTRATE
4759,1001176,380,PRODUCT
4760,1001176,1134,PRODUCT
4761,1001177,548,SUBSTRATE
4762,1001177,709,SUBSTRATE
4763,1001177,179,PRODUCT
4764,1001177,1134,PRODUCT
4765,1001178,553,SUBSTRATE
4766,1001178,709,SUBSTRATE
4767,1001178,565,PRODUCT
4768,1001178,1134,PRODUCT
4769,1001179,570,SUBSTRATE
4770,1001179,709,SUBSTRATE
4771,1001179,181,PRODUCT
4772,1001179,1134,PRODUCT
4773,1001180,595,SUBSTRATE
4774,1001180,709,SUBSTRATE
4775,1001180,1134,PRODUCT
4776,1001180,1255,PRODUCT
4777,1001181,600,SUBSTRATE
4778,1001181,709,SUBSTRATE
4779,1001181,185,PRODUCT
4780,1001181,1134,PRODUCT
4781,1001182,689,SUBSTRATE
4782,1001182,709,SUBSTRATE
4783,1001182,696,PRODUCT
4784,1001182,1134,PRODUCT
4785,1001183,709,SUBSTRATE
4786,1001183,1309,SUBSTRATE
4787,1001183,1134,PRODUCT
4788,1001183,1307,PRODUCT
4789,1001184,323,SUBSTRATE
4790,1001184,325,PRODUCT
4791,1001185,329,SUBSTRATE
4792,1001185,425,SUBSTRATE
4793,1001185,313,PRODUCT
4794,1001185,389,PRODUCT
4795,1001185,1138,PRODUCT
4796,1001186,327,SUBSTRATE
4797,1001186,423,SUBSTRATE
4798,1001186,709,SUBSTRATE
4799,1001186,169,PRODUCT
4800,1001186,387,PRODUCT
4801,1001186,700,PRODUCT
4802,1001186,1134,PRODUCT
4803,1001187,349,SUBSTRATE
4804,1001187,348,PRODUCT
4805,1001188,364,SUBSTRATE
4806,1001188,362,PRODUCT
4807,1001189,363,SUBSTRATE
4808,1001189,362,PRODUCT
4809,1001190,365,SUBSTRATE
4810,1001190,369,PRODUCT
4811,1001191,373,SUBSTRATE
4812,1001191,375,PRODUCT
4813,1001192,1078,SUBSTRATE
4814,1001192,1076,PRODUCT
4815,1001193,377,SUBSTRATE
4816,1001193,379,PRODUCT
4817,1001194,383,SUBSTRATE
4818,1001194,385,PRODUCT
4819,1001195,387,SUBSTRATE
4820,1001195,390,PRODUCT
4821,1001196,387,SUBSTRATE
4822,1001196,388,PRODUCT
4823,1001197,223,SUBSTRATE
4824,1001197,227,PRODUCT
4825,1001198,152,SUBSTRATE
4826,1001198,223,SUBSTRATE
4827,1001198,151,PRODUCT
4828,1001198,224,PRODUCT
4829,1001199,414,SUBSTRATE
4830,1001199,412,PRODUCT
4831,1001200,700,SUBSTRATE
4832,1001200,857,SUBSTRATE
4833,1001200,705,PRODUCT
4834,1001200,859,PRODUCT
4835,1001201,861,SUBSTRATE
4836,1001201,863,PRODUCT
4837,1001202,865,SUBSTRATE
4838,1001202,887,SUBSTRATE
4839,1001202,868,PRODUCT
4840,1001202,883,PRODUCT
4841,1001203,423,SUBSTRATE
4842,1001203,426,PRODUCT
4843,1001204,423,SUBSTRATE
4844,1001204,424,PRODUCT
4845,1001205,445,SUBSTRATE
4846,1001205,713,SUBSTRATE
4847,1001205,434,PRODUCT
4848,1001205,705,PRODUCT
4849,1001206,446,SUBSTRATE
4850,1001206,714,SUBSTRATE
4851,1001206,435,PRODUCT
4852,1001206,706,PRODUCT
4853,1001207,442,SUBSTRATE
4854,1001207,709,SUBSTRATE
4855,1001207,432,PRODUCT
4856,1001207,700,PRODUCT
4857,1001208,444,SUBSTRATE
4858,1001208,711,SUBSTRATE
4859,1001208,433,PRODUCT
4860,1001208,702,PRODUCT
4861,1001209,432,SUBSTRATE
4862,1001209,435,PRODUCT
4863,1001210,119,SUBSTRATE
4864,1001210,122,PRODUCT
4865,1001211,119,SUBSTRATE
4866,1001211,1078,SUBSTRATE
4867,1001211,122,PRODUCT
4868,1001211,1076,PRODUCT
4869,1001212,449,SUBSTRATE
4870,1001212,450,PRODUCT
4871,1001213,454,SUBSTRATE
4872,1001213,453,PRODUCT
4873,1001214,460,SUBSTRATE
4874,1001214,459,PRODUCT
4875,1001215,478,SUBSTRATE
4876,1001215,477,PRODUCT
4877,1001216,457,SUBSTRATE
4878,1001216,456,PRODUCT
4879,1001217,463,SUBSTRATE
4880,1001217,462,PRODUCT
4881,1001218,481,SUBSTRATE
4882,1001218,480,PRODUCT
4883,1001219,1102,SUBSTRATE
4884,1001219,1192,SUBSTRATE
4885,1001219,1313,SUBSTRATE
4886,1001219,605,PRODUCT
4887,1001219,700,PRODUCT
4888,1001219,709,PRODUCT
4889,1001219,1190,PRODUCT
4890,1001220,486,SUBSTRATE
4891,1001220,487,PRODUCT
4892,1001221,490,SUBSTRATE
4893,1001221,296,PRODUCT
4894,1001221,1177,PRODUCT
4895,1001222,494,SUBSTRATE
4896,1001222,493,PRODUCT
4897,1001223,493,SUBSTRATE
4898,1001223,836,SUBSTRATE
4899,1001223,496,PRODUCT
4900,1001223,834,PRODUCT
4901,1001224,151,SUBSTRATE
4902,1001224,496,SUBSTRATE
4903,1001224,154,PRODUCT
4904,1001224,493,PRODUCT
4905,1001225,497,SUBSTRATE
4906,1001225,709,SUBSTRATE
4907,1001225,511,PRODUCT
4908,1001225,1185,PRODUCT
4909,1001226,442,SUBSTRATE
4910,1001226,443,PRODUCT
4911,1001227,446,SUBSTRATE
4912,1001227,442,PRODUCT
4913,1001228,442,SUBSTRATE
4914,1001228,447,PRODUCT
4915,1001229,442,SUBSTRATE
4916,1001229,445,PRODUCT
4917,1001230,442,SUBSTRATE
4918,1001230,444,PRODUCT
4919,1001231,499,SUBSTRATE
4920,1001231,500,PRODUCT
4921,1001232,499,SUBSTRATE
4922,1001232,503,PRODUCT
4923,1001233,504,SUBSTRATE
4924,1001233,499,PRODUCT
4925,1001234,423,SUBSTRATE
4926,1001234,497,SUBSTRATE
4927,1001234,387,PRODUCT
4928,1001234,449,PRODUCT
4929,1001235,423,SUBSTRATE
4930,1001235,553,SUBSTRATE
4931,1001235,387,PRODUCT
4932,1001235,551,PRODUCT
4933,1001236,515,SUBSTRATE
4934,1001236,514,PRODUCT
4935,1001237,517,SUBSTRATE
4936,1001237,518,PRODUCT
4937,1001238,403,SUBSTRATE
4938,1001238,402,PRODUCT
4939,1001239,528,SUBSTRATE
4940,1001239,527,PRODUCT
4941,1001240,543,SUBSTRATE
4942,1001240,542,PRODUCT
4943,1001241,546,SUBSTRATE
4944,1001241,547,PRODUCT
4945,1001242,551,SUBSTRATE
4946,1001242,552,PRODUCT
4947,1001243,423,SUBSTRATE
4948,1001243,700,SUBSTRATE
4949,1001243,709,SUBSTRATE
4950,1001243,409,PRODUCT
4951,1001243,842,PRODUCT
4952,1001244,550,SUBSTRATE
4953,1001244,700,SUBSTRATE
4954,1001244,709,SUBSTRATE
4955,1001244,409,PRODUCT
4956,1001244,587,PRODUCT
4957,1001245,387,SUBSTRATE
4958,1001245,700,SUBSTRATE
4959,1001245,709,SUBSTRATE
4960,1001245,409,PRODUCT
4961,1001245,744,PRODUCT
4962,1001246,546,SUBSTRATE
4963,1001246,700,SUBSTRATE
4964,1001246,709,SUBSTRATE
4965,1001246,409,PRODUCT
4966,1001246,573,PRODUCT
4967,1001247,555,SUBSTRATE
4968,1001247,556,PRODUCT
4969,1001248,180,SUBSTRATE
4970,1001248,179,PRODUCT
4971,1001249,423,SUBSTRATE
4972,1001249,548,SUBSTRATE
4973,1001249,387,PRODUCT
4974,1001249,546,PRODUCT
4975,1001250,566,SUBSTRATE
4976,1001250,565,PRODUCT
4977,1001251,182,SUBSTRATE
4978,1001251,181,PRODUCT
4979,1001252,184,SUBSTRATE
4980,1001252,183,PRODUCT
4981,1001253,185,SUBSTRATE
4982,1001253,423,SUBSTRATE
4983,1001253,387,PRODUCT
4984,1001253,600,PRODUCT
4985,1001253,700,PRODUCT
4986,1001254,186,SUBSTRATE
4987,1001254,185,PRODUCT
4988,1001255,240,SUBSTRATE
4989,1001255,423,SUBSTRATE
4990,1001255,387,PRODUCT
4991,1001255,499,PRODUCT
4992,1001255,700,PRODUCT
4993,1001256,568,SUBSTRATE
4994,1001256,569,PRODUCT
4995,1001257,350,SUBSTRATE
4996,1001257,351,PRODUCT
4997,1001258,373,SUBSTRATE
4998,1001258,1215,SUBSTRATE
4999,1001258,499,PRODUCT
5000,1001258,700,PRODUCT
5001,1001258,1025,PRODUCT
5002,1001259,575,SUBSTRATE
5003,1001259,576,PRODUCT
5004,1001260,353,SUBSTRATE
5005,1001260,709,SUBSTRATE
5006,1001260,352,PRODUCT
5007,1001260,582,PRODUCT
5008,1001260,700,PRODUCT
5009,1001261,354,SUBSTRATE
5010,1001261,355,PRODUCT
5011,1001262,581,SUBSTRATE
5012,1001262,579,PRODUCT
5013,1001263,582,SUBSTRATE
5014,1001263,586,PRODUCT
5015,1001264,592,SUBSTRATE
5016,1001264,593,PRODUCT
5017,1001265,597,SUBSTRATE
5018,1001265,596,PRODUCT
5019,1001266,598,SUBSTRATE
5020,1001266,599,PRODUCT
5021,1001267,600,SUBSTRATE
5022,1001267,601,PRODUCT
5023,1001268,605,SUBSTRATE
5024,1001268,606,PRODUCT
5025,1001269,610,SUBSTRATE
5026,1001269,609,PRODUCT
5027,1001270,609,SUBSTRATE
5028,1001270,612,PRODUCT
5029,1001271,618,SUBSTRATE
5030,1001271,619,PRODUCT
5031,1001272,618,SUBSTRATE
5032,1001272,620,PRODUCT
5033,1001273,233,SUBSTRATE
5034,1001273,234,PRODUCT
5035,1001274,557,SUBSTRATE
5036,1001274,559,PRODUCT
5037,1001275,951,SUBSTRATE
5038,1001275,953,PRODUCT
5039,1001276,1019,SUBSTRATE
5040,1001276,1021,PRODUCT
5041,1001277,1110,SUBSTRATE
5042,1001277,1112,PRODUCT
5043,1001278,1113,SUBSTRATE
5044,1001278,1115,PRODUCT
5045,1001279,1084,SUBSTRATE
5046,1001279,1086,PRODUCT
5047,1001280,1020,SUBSTRATE
5048,1001280,1019,PRODUCT
5049,1001281,425,SUBSTRATE
5050,1001281,641,SUBSTRATE
5051,1001281,705,SUBSTRATE
5052,1001281,584,PRODUCT
5053,1001281,626,PRODUCT
5054,1001282,648,SUBSTRATE
5055,1001282,646,PRODUCT
5056,1001283,647,SUBSTRATE
5057,1001283,646,PRODUCT
5058,1001284,650,SUBSTRATE
5059,1001284,649,PRODUCT
5060,1001285,423,SUBSTRATE
5061,1001285,522,SUBSTRATE
5062,1001285,387,PRODUCT
5063,1001285,521,PRODUCT
5064,1001285,700,PRODUCT
5065,1001286,656,SUBSTRATE
5066,1001286,655,PRODUCT
5067,1001287,655,SUBSTRATE
5068,1001287,658,PRODUCT
5069,1001288,659,SUBSTRATE
5070,1001288,660,PRODUCT
5071,1001289,529,SUBSTRATE
5072,1001289,531,PRODUCT
5073,1001290,677,SUBSTRATE
5074,1001290,679,PRODUCT
5075,1001291,894,SUBSTRATE
5076,1001291,896,PRODUCT
5077,1001292,683,SUBSTRATE
5078,1001292,685,PRODUCT
5079,1001293,684,SUBSTRATE
5080,1001293,683,PRODUCT
5081,1001294,686,SUBSTRATE
5082,1001294,687,PRODUCT
5083,1001295,686,SUBSTRATE
5084,1001295,688,PRODUCT
5085,1001296,693,SUBSTRATE
5086,1001296,695,PRODUCT
5087,1001297,423,SUBSTRATE
5088,1001297,696,SUBSTRATE
5089,1001297,387,PRODUCT
5090,1001297,689,PRODUCT
5091,1001297,700,PRODUCT
5092,1001298,696,SUBSTRATE
5093,1001298,698,PRODUCT
5094,1001299,697,SUBSTRATE
5095,1001299,696,PRODUCT
5096,1001300,702,SUBSTRATE
5097,1001300,700,PRODUCT
5098,1001301,700,SUBSTRATE
5099,1001301,701,PRODUCT
5100,1001302,700,SUBSTRATE
5101,1001302,703,PRODUCT
5102,1001303,700,SUBSTRATE
5103,1001303,704,PRODUCT
5104,1001304,700,SUBSTRATE
5105,1001304,706,PRODUCT
5106,1001305,700,SUBSTRATE
5107,1001305,707,PRODUCT
5108,1001306,700,SUBSTRATE
5109,1001306,708,PRODUCT
5110,1001307,722,SUBSTRATE
5111,1001307,723,PRODUCT
5112,1001308,1111,SUBSTRATE
5113,1001308,1110,PRODUCT
5114,1001309,1114,SUBSTRATE
5115,1001309,1113,PRODUCT
5116,1001310,897,SUBSTRATE
5117,1001310,899,PRODUCT
5118,1001311,225,SUBSTRATE
5119,1001311,374,SUBSTRATE
5120,1001311,713,SUBSTRATE
5121,1001311,502,PRODUCT
5122,1001311,705,PRODUCT
5123,1001311,733,PRODUCT
5124,1001312,736,SUBSTRATE
5125,1001312,738,PRODUCT
5126,1001313,256,SUBSTRATE
5127,1001313,257,PRODUCT
5128,1001314,742,SUBSTRATE
5129,1001314,741,PRODUCT
5130,1001315,748,SUBSTRATE
5131,1001315,750,PRODUCT
5132,1001316,748,SUBSTRATE
5133,1001316,749,PRODUCT
5134,1001317,751,SUBSTRATE
5135,1001317,752,PRODUCT
5136,1001318,755,SUBSTRATE
5137,1001318,754,PRODUCT
5138,1001319,1017,SUBSTRATE
5139,1001319,1018,PRODUCT
5140,1001320,423,SUBSTRATE
5141,1001320,754,SUBSTRATE
5142,1001320,387,PRODUCT
5143,1001320,700,PRODUCT
5144,1001320,747,PRODUCT
5145,1001321,789,SUBSTRATE
5146,1001321,788,PRODUCT
5147,1001322,795,SUBSTRATE
5148,1001322,794,PRODUCT
5149,1001323,801,SUBSTRATE
5150,1001323,800,PRODUCT
5151,1001324,807,SUBSTRATE
5152,1001324,806,PRODUCT
5153,1001325,813,SUBSTRATE
5154,1001325,812,PRODUCT
5155,1001326,792,SUBSTRATE
5156,1001326,791,PRODUCT
5157,1001327,798,SUBSTRATE
5158,1001327,797,PRODUCT
5159,1001328,804,SUBSTRATE
5160,1001328,803,PRODUCT
5161,1001329,810,SUBSTRATE
5162,1001329,809,PRODUCT
5163,1001330,816,SUBSTRATE
5164,1001330,815,PRODUCT
5165,1001331,823,SUBSTRATE
5166,1001331,824,PRODUCT
5167,1001332,823,SUBSTRATE
5168,1001332,825,PRODUCT
5169,1001333,826,SUBSTRATE
5170,1001333,827,PRODUCT
5171,1001334,826,SUBSTRATE
5172,1001334,828,PRODUCT
5173,1001335,166,SUBSTRATE
5174,1001335,705,SUBSTRATE
5175,1001335,713,SUBSTRATE
5176,1001335,846,PRODUCT
5177,1001336,700,SUBSTRATE
5178,1001336,844,SUBSTRATE
5179,1001336,408,PRODUCT
5180,1001336,442,PRODUCT
5181,1001337,849,SUBSTRATE
5182,1001337,847,PRODUCT
5183,1001338,854,SUBSTRATE
5184,1001338,853,PRODUCT
5185,1001339,856,SUBSTRATE
5186,1001339,855,PRODUCT
5187,1001340,121,SUBSTRATE
5188,1001340,119,PRODUCT
5189,1001341,615,SUBSTRATE
5190,1001341,616,PRODUCT
5191,1001342,615,SUBSTRATE
5192,1001342,617,PRODUCT
5193,1001343,889,SUBSTRATE
5194,1001343,167,PRODUCT
5195,1001343,700,PRODUCT
5196,1001343,709,PRODUCT
5197,1001344,883,SUBSTRATE
5198,1001344,886,PRODUCT
5199,1001345,890,SUBSTRATE
5200,1001345,892,PRODUCT
5201,1001346,905,SUBSTRATE
5202,1001346,904,PRODUCT
5203,1001347,908,SUBSTRATE
5204,1001347,906,PRODUCT
5205,1001348,152,SUBSTRATE
5206,1001348,151,PRODUCT
5207,1001349,925,SUBSTRATE
5208,1001349,927,PRODUCT
5209,1001350,929,SUBSTRATE
5210,1001350,930,PRODUCT
5211,1001351,882,SUBSTRATE
5212,1001351,881,PRODUCT
5213,1001352,934,SUBSTRATE
5214,1001352,933,PRODUCT
5215,1001353,915,SUBSTRATE
5216,1001353,917,PRODUCT
5217,1001354,758,SUBSTRATE
5218,1001354,757,PRODUCT
5219,1001355,764,SUBSTRATE
5220,1001355,763,PRODUCT
5221,1001356,770,SUBSTRATE
5222,1001356,769,PRODUCT
5223,1001357,776,SUBSTRATE
5224,1001357,775,PRODUCT
5225,1001358,782,SUBSTRATE
5226,1001358,781,PRODUCT
5227,1001359,761,SUBSTRATE
5228,1001359,760,PRODUCT
5229,1001360,767,SUBSTRATE
5230,1001360,766,PRODUCT
5231,1001361,773,SUBSTRATE
5232,1001361,772,PRODUCT
5233,1001362,779,SUBSTRATE
5234,1001362,778,PRODUCT
5235,1001363,785,SUBSTRATE
5236,1001363,784,PRODUCT
5237,1001364,154,SUBSTRATE
5238,1001364,1098,SUBSTRATE
5239,1001364,151,PRODUCT
5240,1001364,1101,PRODUCT
5241,1001365,972,SUBSTRATE
5242,1001365,973,PRODUCT
5243,1001366,921,SUBSTRATE
5244,1001366,919,PRODUCT
5245,1001367,579,SUBSTRATE
5246,1001367,1012,PRODUCT
5247,1001367,1134,PRODUCT
5248,1001368,980,SUBSTRATE
5249,1001368,979,PRODUCT
5250,1001369,986,SUBSTRATE
5251,1001369,985,PRODUCT
5252,1001370,992,SUBSTRATE
5253,1001370,991,PRODUCT
5254,1001371,998,SUBSTRATE
5255,1001371,997,PRODUCT
5256,1001372,1004,SUBSTRATE
5257,1001372,1003,PRODUCT
5258,1001373,983,SUBSTRATE
5259,1001373,982,PRODUCT
5260,1001374,989,SUBSTRATE
5261,1001374,988,PRODUCT
5262,1001375,995,SUBSTRATE
5263,1001375,994,PRODUCT
5264,1001376,1001,SUBSTRATE
5265,1001376,1000,PRODUCT
5266,1001377,1007,SUBSTRATE
5267,1001377,1006,PRODUCT
5268,1001378,1050,SUBSTRATE
5269,1001378,1051,PRODUCT
5270,1001379,1054,SUBSTRATE
5271,1001379,1055,PRODUCT
5272,1001380,409,SUBSTRATE
5273,1001380,411,PRODUCT
5274,1001381,1058,SUBSTRATE
5275,1001381,1059,PRODUCT
5276,1001382,1066,SUBSTRATE
5277,1001382,1068,PRODUCT
5278,1001383,1066,SUBSTRATE
5279,1001383,1069,PRODUCT
5280,1001384,1067,SUBSTRATE
5281,1001384,1066,PRODUCT
5282,1001385,568,SUBSTRATE
5283,1001385,709,SUBSTRATE
5284,1001385,570,PRODUCT
5285,1001385,700,PRODUCT
5286,1001385,1134,PRODUCT
5287,1001386,572,SUBSTRATE
5288,1001386,709,SUBSTRATE
5289,1001386,568,PRODUCT
5290,1001386,700,PRODUCT
5291,1001386,1134,PRODUCT
5292,1001387,1076,SUBSTRATE
5293,1001387,1077,PRODUCT
5294,1001388,1102,SUBSTRATE
5295,1001388,1103,PRODUCT
5296,1001389,1102,SUBSTRATE
5297,1001389,1105,PRODUCT
5298,1001390,1104,SUBSTRATE
5299,1001390,1102,PRODUCT
5300,1001391,1102,SUBSTRATE
5301,1001391,1106,PRODUCT
5302,1001392,1223,SUBSTRATE
5303,1001392,1222,PRODUCT
5304,1001393,1098,SUBSTRATE
5305,1001393,1099,PRODUCT
5306,1001394,671,SUBSTRATE
5307,1001394,670,PRODUCT
5308,1001395,1358,SUBSTRATE
5309,1001395,1361,PRODUCT
5310,1001396,1116,SUBSTRATE
5311,1001396,1117,PRODUCT
5312,1001397,1119,SUBSTRATE
5313,1001397,1120,PRODUCT
5314,1001398,425,SUBSTRATE
5315,1001398,705,SUBSTRATE
5316,1001398,1120,SUBSTRATE
5317,1001398,241,PRODUCT
5318,1001398,584,PRODUCT
5319,1001399,384,SUBSTRATE
5320,1001399,383,PRODUCT
5321,1001400,1130,SUBSTRATE
5322,1001400,1131,PRODUCT
5323,1001401,1130,SUBSTRATE
5324,1001401,1132,PRODUCT
5325,1001402,922,SUBSTRATE
5326,1001402,924,PRODUCT
5327,1001403,1134,SUBSTRATE
5328,1001403,1139,PRODUCT
5329,1001404,1162,SUBSTRATE
5330,1001404,1163,PRODUCT
5331,1001405,1164,SUBSTRATE
5332,1001405,1165,PRODUCT
5333,1001406,423,SUBSTRATE
5334,1001406,1170,SUBSTRATE
5335,1001406,387,PRODUCT
5336,1001406,700,PRODUCT
5337,1001406,1171,PRODUCT
5338,1001407,423,SUBSTRATE
5339,1001407,1172,SUBSTRATE
5340,1001407,387,PRODUCT
5341,1001407,700,PRODUCT
5342,1001407,1173,PRODUCT
5343,1001408,709,SUBSTRATE
5344,1001408,1173,SUBSTRATE
5345,1001408,1134,PRODUCT
5346,1001408,1172,PRODUCT
5347,1001409,423,SUBSTRATE
5348,1001409,1174,SUBSTRATE
5349,1001409,387,PRODUCT
5350,1001409,700,PRODUCT
5351,1001409,1176,PRODUCT
5352,1001410,321,SUBSTRATE
5353,1001410,709,SUBSTRATE
5354,1001410,322,PRODUCT
5355,1001410,1134,PRODUCT
5356,1001411,1134,SUBSTRATE
5357,1001411,1300,SUBSTRATE
5358,1001411,405,PRODUCT
5359,1001411,1294,PRODUCT
5360,1001412,582,SUBSTRATE
5361,1001412,584,PRODUCT
5362,1001413,700,SUBSTRATE
5363,1001413,1177,SUBSTRATE
5364,1001413,705,PRODUCT
5365,1001413,1179,PRODUCT
5366,1001414,1180,SUBSTRATE
5367,1001414,1181,PRODUCT
5368,1001415,1354,SUBSTRATE
5369,1001415,1357,PRODUCT
5370,1001416,1182,SUBSTRATE
5371,1001416,1184,PRODUCT
5372,1001417,1183,SUBSTRATE
5373,1001417,1182,PRODUCT
5374,1001418,540,SUBSTRATE
5375,1001418,539,PRODUCT
5376,1001419,1190,SUBSTRATE
5377,1001419,1191,PRODUCT
5378,1001420,929,SUBSTRATE
5379,1001420,932,PRODUCT
5380,1001421,373,SUBSTRATE
5381,1001421,1212,SUBSTRATE
5382,1001421,499,PRODUCT
5383,1001421,700,PRODUCT
5384,1001421,1024,PRODUCT
5385,1001422,1220,SUBSTRATE
5386,1001422,1221,PRODUCT
5387,1001423,136,SUBSTRATE
5388,1001423,135,PRODUCT
5389,1001424,1228,SUBSTRATE
5390,1001424,1227,PRODUCT
5391,1001425,1244,SUBSTRATE
5392,1001425,1245,PRODUCT
5393,1001426,709,SUBSTRATE
5394,1001426,1257,SUBSTRATE
5395,1001426,1134,PRODUCT
5396,1001426,1251,PRODUCT
5397,1001427,709,SUBSTRATE
5398,1001427,1251,SUBSTRATE
5399,1001427,283,PRODUCT
5400,1001427,318,PRODUCT
5401,1001427,700,PRODUCT
5402,1001428,423,SUBSTRATE
5403,1001428,1257,SUBSTRATE
5404,1001428,387,PRODUCT
5405,1001428,1241,PRODUCT
5406,1001429,935,SUBSTRATE
5407,1001429,937,PRODUCT
5408,1001430,423,SUBSTRATE
5409,1001430,1255,SUBSTRATE
5410,1001430,387,PRODUCT
5411,1001430,595,PRODUCT
5412,1001430,700,PRODUCT
5413,1001431,1256,SUBSTRATE
5414,1001431,1255,PRODUCT
5415,1001432,700,SUBSTRATE
5416,1001432,1266,SUBSTRATE
5417,1001432,702,PRODUCT
5418,1001432,1267,PRODUCT
5419,1001433,1266,SUBSTRATE
5420,1001433,1268,PRODUCT
5421,1001434,938,SUBSTRATE
5422,1001434,940,PRODUCT
5423,1001435,1274,SUBSTRATE
5424,1001435,1275,PRODUCT
5425,1001436,1274,SUBSTRATE
5426,1001436,1276,PRODUCT
5427,1001437,941,SUBSTRATE
5428,1001437,943,PRODUCT
5429,1001438,941,SUBSTRATE
5430,1001438,944,PRODUCT
5431,1001439,1289,SUBSTRATE
5432,1001439,1292,PRODUCT
5433,1001440,946,SUBSTRATE
5434,1001440,948,PRODUCT
5435,1001441,709,SUBSTRATE
5436,1001441,710,PRODUCT
5437,1001442,709,SUBSTRATE
5438,1001442,712,PRODUCT
5439,1001443,709,SUBSTRATE
5440,1001443,713,PRODUCT
5441,1001444,709,SUBSTRATE
5442,1001444,714,PRODUCT
5443,1001445,709,SUBSTRATE
5444,1001445,715,PRODUCT
5445,1001446,709,SUBSTRATE
5446,1001446,716,PRODUCT
5447,1001447,361,SUBSTRATE
5448,1001447,360,PRODUCT
5449,1001448,1308,SUBSTRATE
5450,1001448,1307,PRODUCT
5451,1001449,1311,SUBSTRATE
5452,1001449,1310,PRODUCT
5453,1001450,1312,SUBSTRATE
5454,1001450,1313,PRODUCT
5455,1001451,2339,SUBSTRATE
5456,1001451,2340,SUBSTRATE
5457,1001451,963,PRODUCT
5458,1001452,910,SUBSTRATE
5459,1001452,1177,SUBSTRATE
5460,1001452,709,PRODUCT
5461,1001452,847,PRODUCT
5462,1001452,1363,PRODUCT
5463,1001453,700,SUBSTRATE
5464,1001453,1054,SUBSTRATE
5465,1001453,1363,SUBSTRATE
5466,1001453,709,PRODUCT
5467,1001453,1050,PRODUCT
5468,1001453,1364,PRODUCT
5469,1001454,194,SUBSTRATE
5470,1001454,700,PRODUCT
5471,1001454,709,PRODUCT
5472,1001454,1180,PRODUCT
5473,1001455,362,SUBSTRATE
5474,1001455,700,SUBSTRATE
5475,1001455,1046,SUBSTRATE
5476,1001455,618,PRODUCT
5477,1001455,1041,PRODUCT
5478,1001456,362,SUBSTRATE
5479,1001456,709,SUBSTRATE
5480,1001456,1041,SUBSTRATE
5481,1001456,365,PRODUCT
5482,1001456,700,PRODUCT
5483,1001456,1046,PRODUCT
5484,1001457,922,SUBSTRATE
5485,1001457,1177,SUBSTRATE
5486,1001457,843,PRODUCT
5487,1001457,847,PRODUCT
5488,1001458,843,SUBSTRATE
5489,1001458,938,SUBSTRATE
5490,1001458,753,PRODUCT
5491,1001458,922,PRODUCT
5492,1001459,243,SUBSTRATE
5493,1001459,847,SUBSTRATE
5494,1001459,941,PRODUCT
5495,1001459,1177,PRODUCT
5496,1001460,499,SUBSTRATE
5497,1001460,501,PRODUCT
5498,1001461,709,SUBSTRATE
5499,1001461,1201,SUBSTRATE
5500,1001461,1134,PRODUCT
5501,1001461,1202,PRODUCT
5502,1001462,700,SUBSTRATE
5503,1001462,705,PRODUCT
5504,1001463,835,SUBSTRATE
5505,1001463,1052,SUBSTRATE
5506,1001463,225,PRODUCT
5507,1001463,445,PRODUCT
5508,1001463,1056,PRODUCT
5509,1001464,151,SUBSTRATE
5510,1001464,225,SUBSTRATE
5511,1001464,153,PRODUCT
5512,1001464,223,PRODUCT
5513,1001465,1365,SUBSTRATE
5514,1001465,171,PRODUCT
5515,1001466,1366,SUBSTRATE
5516,1001466,605,PRODUCT
5517,1001467,373,SUBSTRATE
5518,1001467,700,SUBSTRATE
5519,1001467,968,SUBSTRATE
5520,1001467,1054,SUBSTRATE
5521,1001467,442,PRODUCT
5522,1001467,499,PRODUCT
5523,1001467,709,PRODUCT
5524,1001467,1050,PRODUCT
5525,1001467,1116,PRODUCT
5526,1001468,373,SUBSTRATE
5527,1001468,700,SUBSTRATE
5528,1001468,968,SUBSTRATE
5529,1001468,1054,SUBSTRATE
5530,1001468,442,PRODUCT
5531,1001468,499,PRODUCT
5532,1001468,709,PRODUCT
5533,1001468,1050,PRODUCT
5534,1001468,1225,PRODUCT
5535,1001469,372,SUBSTRATE
5536,1001469,448,SUBSTRATE
5537,1001469,705,SUBSTRATE
5538,1001469,445,PRODUCT
5539,1001469,1362,PRODUCT
5540,1001469,1367,PRODUCT
5541,1001470,448,SUBSTRATE
5542,1001470,705,SUBSTRATE
5543,1001470,1368,SUBSTRATE
5544,1001470,445,PRODUCT
5545,1001470,1362,PRODUCT
5546,1001470,1369,PRODUCT
5547,1001471,448,SUBSTRATE
5548,1001471,705,SUBSTRATE
5549,1001471,1370,SUBSTRATE
5550,1001471,445,PRODUCT
5551,1001471,1362,PRODUCT
5552,1001471,1371,PRODUCT
5553,1001472,705,SUBSTRATE
5554,1001472,1056,SUBSTRATE
5555,1001472,1367,SUBSTRATE
5556,1001472,1052,PRODUCT
5557,1001472,1372,PRODUCT
5558,1001473,705,SUBSTRATE
5559,1001473,1056,SUBSTRATE
5560,1001473,1369,SUBSTRATE
5561,1001473,1052,PRODUCT
5562,1001473,1373,PRODUCT
5563,1001474,705,SUBSTRATE
5564,1001474,1056,SUBSTRATE
5565,1001474,1371,SUBSTRATE
5566,1001474,1052,PRODUCT
5567,1001474,1374,PRODUCT
5568,1001475,1372,SUBSTRATE
5569,1001475,713,PRODUCT
5570,1001475,1375,PRODUCT
5571,1001476,1373,SUBSTRATE
5572,1001476,713,PRODUCT
5573,1001476,1376,PRODUCT
5574,1001477,1374,SUBSTRATE
5575,1001477,713,PRODUCT
5576,1001477,1377,PRODUCT
5577,1001478,705,SUBSTRATE
5578,1001478,1056,SUBSTRATE
5579,1001478,1375,SUBSTRATE
5580,1001478,1052,PRODUCT
5581,1001478,1368,PRODUCT
5582,1001479,705,SUBSTRATE
5583,1001479,1056,SUBSTRATE
5584,1001479,1376,SUBSTRATE
5585,1001479,1052,PRODUCT
5586,1001479,1370,PRODUCT
5587,1001480,705,SUBSTRATE
5588,1001480,1056,SUBSTRATE
5589,1001480,1377,SUBSTRATE
5590,1001480,1052,PRODUCT
5591,1001480,1087,PRODUCT
5592,1001481,1378,SUBSTRATE
5593,1001481,1379,SUBSTRATE
5594,1001481,1380,SUBSTRATE
5595,1001481,1381,PRODUCT
5596,1001481,1382,PRODUCT
5597,1001481,1383,PRODUCT
5598,1001482,1379,SUBSTRATE
5599,1001482,1380,SUBSTRATE
5600,1001482,1384,SUBSTRATE
5601,1001482,1381,PRODUCT
5602,1001482,1382,PRODUCT
5603,1001482,1385,PRODUCT
5604,1001483,1379,SUBSTRATE
5605,1001483,1380,SUBSTRATE
5606,1001483,1386,SUBSTRATE
5607,1001483,1381,PRODUCT
5608,1001483,1382,PRODUCT
5609,1001483,1387,PRODUCT
5610,1001484,1379,SUBSTRATE
5611,1001484,1380,SUBSTRATE
5612,1001484,1388,SUBSTRATE
5613,1001484,1381,PRODUCT
5614,1001484,1382,PRODUCT
5615,1001484,1389,PRODUCT
5616,1001485,1379,SUBSTRATE
5617,1001485,1380,SUBSTRATE
5618,1001485,1390,SUBSTRATE
5619,1001485,1381,PRODUCT
5620,1001485,1382,PRODUCT
5621,1001485,1391,PRODUCT
5622,1001486,1379,SUBSTRATE
5623,1001486,1380,SUBSTRATE
5624,1001486,1392,SUBSTRATE
5625,1001486,1381,PRODUCT
5626,1001486,1382,PRODUCT
5627,1001486,1393,PRODUCT
5628,1001487,1379,SUBSTRATE
5629,1001487,1380,SUBSTRATE
5630,1001487,1394,SUBSTRATE
5631,1001487,1381,PRODUCT
5632,1001487,1382,PRODUCT
5633,1001487,1395,PRODUCT
5634,1001488,1380,SUBSTRATE
5635,1001488,1383,SUBSTRATE
5636,1001488,1396,SUBSTRATE
5637,1001488,1397,PRODUCT
5638,1001488,1398,PRODUCT
5639,1001489,1380,SUBSTRATE
5640,1001489,1385,SUBSTRATE
5641,1001489,1396,SUBSTRATE
5642,1001489,1397,PRODUCT
5643,1001489,1399,PRODUCT
5644,1001490,1380,SUBSTRATE
5645,1001490,1387,SUBSTRATE
5646,1001490,1396,SUBSTRATE
5647,1001490,1397,PRODUCT
5648,1001490,1400,PRODUCT
5649,1001491,1380,SUBSTRATE
5650,1001491,1389,SUBSTRATE
5651,1001491,1396,SUBSTRATE
5652,1001491,1397,PRODUCT
5653,1001491,1401,PRODUCT
5654,1001492,1380,SUBSTRATE
5655,1001492,1391,SUBSTRATE
5656,1001492,1396,SUBSTRATE
5657,1001492,1397,PRODUCT
5658,1001492,1402,PRODUCT
5659,1001493,1380,SUBSTRATE
5660,1001493,1393,SUBSTRATE
5661,1001493,1396,SUBSTRATE
5662,1001493,1397,PRODUCT
5663,1001493,1403,PRODUCT
5664,1001494,1380,SUBSTRATE
5665,1001494,1395,SUBSTRATE
5666,1001494,1396,SUBSTRATE
5667,1001494,1397,PRODUCT
5668,1001494,1404,PRODUCT
5669,1001495,1398,SUBSTRATE
5670,1001495,1405,PRODUCT
5671,1001495,1406,PRODUCT
5672,1001496,1399,SUBSTRATE
5673,1001496,1405,PRODUCT
5674,1001496,1407,PRODUCT
5675,1001497,1400,SUBSTRATE
5676,1001497,1405,PRODUCT
5677,1001497,1408,PRODUCT
5678,1001498,1401,SUBSTRATE
5679,1001498,1405,PRODUCT
5680,1001498,1409,PRODUCT
5681,1001499,1402,SUBSTRATE
5682,1001499,1405,PRODUCT
5683,1001499,1410,PRODUCT
5684,1001500,1403,SUBSTRATE
5685,1001500,1405,PRODUCT
5686,1001500,1411,PRODUCT
5687,1001501,1404,SUBSTRATE
5688,1001501,1405,PRODUCT
5689,1001501,1412,PRODUCT
5690,1001502,1380,SUBSTRATE
5691,1001502,1396,SUBSTRATE
5692,1001502,1406,SUBSTRATE
5693,1001502,1384,PRODUCT
5694,1001502,1397,PRODUCT
5695,1001503,1380,SUBSTRATE
5696,1001503,1396,SUBSTRATE
5697,1001503,1407,SUBSTRATE
5698,1001503,1386,PRODUCT
5699,1001503,1397,PRODUCT
5700,1001504,1380,SUBSTRATE
5701,1001504,1396,SUBSTRATE
5702,1001504,1408,SUBSTRATE
5703,1001504,1388,PRODUCT
5704,1001504,1397,PRODUCT
5705,1001505,1380,SUBSTRATE
5706,1001505,1396,SUBSTRATE
5707,1001505,1409,SUBSTRATE
5708,1001505,1390,PRODUCT
5709,1001505,1397,PRODUCT
5710,1001506,1380,SUBSTRATE
5711,1001506,1396,SUBSTRATE
5712,1001506,1410,SUBSTRATE
5713,1001506,1392,PRODUCT
5714,1001506,1397,PRODUCT
5715,1001507,1380,SUBSTRATE
5716,1001507,1396,SUBSTRATE
5717,1001507,1411,SUBSTRATE
5718,1001507,1394,PRODUCT
5719,1001507,1397,PRODUCT
5720,1001508,1380,SUBSTRATE
5721,1001508,1396,SUBSTRATE
5722,1001508,1412,SUBSTRATE
5723,1001508,1397,PRODUCT
5724,1001508,1413,PRODUCT
5725,1001509,1380,SUBSTRATE
5726,1001509,1386,SUBSTRATE
5727,1001509,1414,SUBSTRATE
5728,1001509,1415,SUBSTRATE
5729,1001509,1405,PRODUCT
5730,1001509,1416,PRODUCT
5731,1001509,1417,PRODUCT
5732,1001510,1380,SUBSTRATE
5733,1001510,1388,SUBSTRATE
5734,1001510,1414,SUBSTRATE
5735,1001510,1415,SUBSTRATE
5736,1001510,1405,PRODUCT
5737,1001510,1417,PRODUCT
5738,1001510,1418,PRODUCT
5739,1001511,1085,SUBSTRATE
5740,1001511,1084,PRODUCT
5741,1001512,558,SUBSTRATE
5742,1001512,557,PRODUCT
5743,1001513,952,SUBSTRATE
5744,1001513,951,PRODUCT
5745,1001514,1419,SUBSTRATE
5746,1001514,1422,PRODUCT
5747,1001515,1420,SUBSTRATE
5748,1001515,1423,PRODUCT
5749,1001516,1421,SUBSTRATE
5750,1001516,1090,PRODUCT
5751,1001517,1382,SUBSTRATE
5752,1001517,1424,SUBSTRATE
5753,1001517,1425,SUBSTRATE
5754,1001517,1378,PRODUCT
5755,1001517,1426,PRODUCT
5756,1001517,1427,PRODUCT
5757,1001518,1382,SUBSTRATE
5758,1001518,1424,SUBSTRATE
5759,1001518,1428,SUBSTRATE
5760,1001518,1384,PRODUCT
5761,1001518,1426,PRODUCT
5762,1001518,1427,PRODUCT
5763,1001519,1382,SUBSTRATE
5764,1001519,1424,SUBSTRATE
5765,1001519,1429,SUBSTRATE
5766,1001519,1386,PRODUCT
5767,1001519,1426,PRODUCT
5768,1001519,1427,PRODUCT
5769,1001520,1382,SUBSTRATE
5770,1001520,1424,SUBSTRATE
5771,1001520,1430,SUBSTRATE
5772,1001520,1416,PRODUCT
5773,1001520,1426,PRODUCT
5774,1001520,1427,PRODUCT
5775,1001521,1382,SUBSTRATE
5776,1001521,1424,SUBSTRATE
5777,1001521,1431,SUBSTRATE
5778,1001521,1388,PRODUCT
5779,1001521,1426,PRODUCT
5780,1001521,1427,PRODUCT
5781,1001522,1382,SUBSTRATE
5782,1001522,1424,SUBSTRATE
5783,1001522,1432,SUBSTRATE
5784,1001522,1418,PRODUCT
5785,1001522,1426,PRODUCT
5786,1001522,1427,PRODUCT
5787,1001523,501,SUBSTRATE
5788,1001523,1433,SUBSTRATE
5789,1001523,1434,SUBSTRATE
5790,1001523,583,PRODUCT
5791,1001523,1435,PRODUCT
5792,1001523,1436,PRODUCT
5793,1001524,501,SUBSTRATE
5794,1001524,1433,SUBSTRATE
5795,1001524,1437,SUBSTRATE
5796,1001524,583,PRODUCT
5797,1001524,1435,PRODUCT
5798,1001524,1438,PRODUCT
5799,1001525,501,SUBSTRATE
5800,1001525,1433,SUBSTRATE
5801,1001525,1439,SUBSTRATE
5802,1001525,583,PRODUCT
5803,1001525,1435,PRODUCT
5804,1001525,1440,PRODUCT
5805,1001526,501,SUBSTRATE
5806,1001526,1433,SUBSTRATE
5807,1001526,1441,SUBSTRATE
5808,1001526,583,PRODUCT
5809,1001526,1435,PRODUCT
5810,1001526,1442,PRODUCT
5811,1001527,501,SUBSTRATE
5812,1001527,1433,SUBSTRATE
5813,1001527,1443,SUBSTRATE
5814,1001527,583,PRODUCT
5815,1001527,1435,PRODUCT
5816,1001527,1444,PRODUCT
5817,1001528,501,SUBSTRATE
5818,1001528,1433,SUBSTRATE
5819,1001528,1445,SUBSTRATE
5820,1001528,583,PRODUCT
5821,1001528,1435,PRODUCT
5822,1001528,1446,PRODUCT
5823,1001529,427,SUBSTRATE
5824,1001529,504,SUBSTRATE
5825,1001529,1115,SUBSTRATE
5826,1001529,415,PRODUCT
5827,1001529,586,PRODUCT
5828,1001529,1447,PRODUCT
5829,1001530,427,SUBSTRATE
5830,1001530,504,SUBSTRATE
5831,1001530,1224,SUBSTRATE
5832,1001530,415,PRODUCT
5833,1001530,586,PRODUCT
5834,1001530,1226,PRODUCT
5835,1001531,427,SUBSTRATE
5836,1001531,504,SUBSTRATE
5837,1001531,1448,SUBSTRATE
5838,1001531,415,PRODUCT
5839,1001531,586,PRODUCT
5840,1001531,1092,PRODUCT
5841,1001532,1449,SUBSTRATE
5842,1001532,1450,SUBSTRATE
5843,1001532,1451,SUBSTRATE
5844,1001532,1452,PRODUCT
5845,1001532,1453,PRODUCT
5846,1001532,1454,PRODUCT
5847,1001533,1449,SUBSTRATE
5848,1001533,1450,SUBSTRATE
5849,1001533,1455,SUBSTRATE
5850,1001533,1452,PRODUCT
5851,1001533,1453,PRODUCT
5852,1001533,1456,PRODUCT
5853,1001534,1449,SUBSTRATE
5854,1001534,1450,SUBSTRATE
5855,1001534,1457,SUBSTRATE
5856,1001534,1452,PRODUCT
5857,1001534,1453,PRODUCT
5858,1001534,1458,PRODUCT
5859,1001535,1449,SUBSTRATE
5860,1001535,1450,SUBSTRATE
5861,1001535,1459,SUBSTRATE
5862,1001535,1452,PRODUCT
5863,1001535,1453,PRODUCT
5864,1001535,1460,PRODUCT
5865,1001536,1382,SUBSTRATE
5866,1001536,1424,SUBSTRATE
5867,1001536,1461,SUBSTRATE
5868,1001536,1392,PRODUCT
5869,1001536,1426,PRODUCT
5870,1001536,1427,PRODUCT
5871,1001537,1382,SUBSTRATE
5872,1001537,1424,SUBSTRATE
5873,1001537,1462,SUBSTRATE
5874,1001537,1394,PRODUCT
5875,1001537,1426,PRODUCT
5876,1001537,1427,PRODUCT
5877,1001538,1382,SUBSTRATE
5878,1001538,1424,SUBSTRATE
5879,1001538,1463,SUBSTRATE
5880,1001538,1413,PRODUCT
5881,1001538,1426,PRODUCT
5882,1001538,1427,PRODUCT
5883,1001539,501,SUBSTRATE
5884,1001539,1433,SUBSTRATE
5885,1001539,1464,SUBSTRATE
5886,1001539,583,PRODUCT
5887,1001539,1435,PRODUCT
5888,1001539,1465,PRODUCT
5889,1001540,501,SUBSTRATE
5890,1001540,1433,SUBSTRATE
5891,1001540,1466,SUBSTRATE
5892,1001540,583,PRODUCT
5893,1001540,1435,PRODUCT
5894,1001540,1467,PRODUCT
5895,1001541,501,SUBSTRATE
5896,1001541,1433,SUBSTRATE
5897,1001541,1468,SUBSTRATE
5898,1001541,583,PRODUCT
5899,1001541,1435,PRODUCT
5900,1001541,1469,PRODUCT
5901,1001542,423,SUBSTRATE
5902,1001542,709,SUBSTRATE
5903,1001542,954,SUBSTRATE
5904,1001542,387,PRODUCT
5905,1001542,700,PRODUCT
5906,1001542,955,PRODUCT
5907,1001542,1134,PRODUCT
5908,1001543,423,SUBSTRATE
5909,1001543,709,SUBSTRATE
5910,1001543,1022,SUBSTRATE
5911,1001543,387,PRODUCT
5912,1001543,700,PRODUCT
5913,1001543,1023,PRODUCT
5914,1001543,1134,PRODUCT
5915,1001544,423,SUBSTRATE
5916,1001544,709,SUBSTRATE
5917,1001544,1116,SUBSTRATE
5918,1001544,387,PRODUCT
5919,1001544,700,PRODUCT
5920,1001544,1118,PRODUCT
5921,1001544,1134,PRODUCT
5922,1001545,423,SUBSTRATE
5923,1001545,709,SUBSTRATE
5924,1001545,1470,SUBSTRATE
5925,1001545,387,PRODUCT
5926,1001545,700,PRODUCT
5927,1001545,1134,PRODUCT
5928,1001545,1447,PRODUCT
5929,1001546,423,SUBSTRATE
5930,1001546,709,SUBSTRATE
5931,1001546,1225,SUBSTRATE
5932,1001546,387,PRODUCT
5933,1001546,700,PRODUCT
5934,1001546,1134,PRODUCT
5935,1001546,1226,PRODUCT
5936,1001547,423,SUBSTRATE
5937,1001547,709,SUBSTRATE
5938,1001547,1091,SUBSTRATE
5939,1001547,387,PRODUCT
5940,1001547,700,PRODUCT
5941,1001547,1092,PRODUCT
5942,1001547,1134,PRODUCT
5943,1001548,423,SUBSTRATE
5944,1001548,709,SUBSTRATE
5945,1001548,1471,SUBSTRATE
5946,1001548,387,PRODUCT
5947,1001548,700,PRODUCT
5948,1001548,1134,PRODUCT
5949,1001548,1472,PRODUCT
5950,1001549,423,SUBSTRATE
5951,1001549,709,SUBSTRATE
5952,1001549,1473,SUBSTRATE
5953,1001549,387,PRODUCT
5954,1001549,700,PRODUCT
5955,1001549,1134,PRODUCT
5956,1001549,1474,PRODUCT
5957,1001550,423,SUBSTRATE
5958,1001550,709,SUBSTRATE
5959,1001550,1244,SUBSTRATE
5960,1001550,387,PRODUCT
5961,1001550,700,PRODUCT
5962,1001550,1134,PRODUCT
5963,1001550,1246,PRODUCT
5964,1001551,423,SUBSTRATE
5965,1001551,709,SUBSTRATE
5966,1001551,722,SUBSTRATE
5967,1001551,387,PRODUCT
5968,1001551,700,PRODUCT
5969,1001551,724,PRODUCT
5970,1001551,1134,PRODUCT
5971,1001552,1422,SUBSTRATE
5972,1001552,1475,PRODUCT
5973,1001553,1423,SUBSTRATE
5974,1001553,1476,PRODUCT
5975,1001554,1090,SUBSTRATE
5976,1001554,1448,PRODUCT
5977,1001555,715,SUBSTRATE
5978,1001555,1477,SUBSTRATE
5979,1001555,504,PRODUCT
5980,1001555,707,PRODUCT
5981,1001555,1475,PRODUCT
5982,1001556,715,SUBSTRATE
5983,1001556,1478,SUBSTRATE
5984,1001556,504,PRODUCT
5985,1001556,707,PRODUCT
5986,1001556,1476,PRODUCT
5987,1001557,715,SUBSTRATE
5988,1001557,1447,SUBSTRATE
5989,1001557,504,PRODUCT
5990,1001557,707,PRODUCT
5991,1001557,1115,PRODUCT
5992,1001558,715,SUBSTRATE
5993,1001558,1092,SUBSTRATE
5994,1001558,504,PRODUCT
5995,1001558,707,PRODUCT
5996,1001558,1448,PRODUCT
5997,1001559,1106,SUBSTRATE
5998,1001559,1477,SUBSTRATE
5999,1001559,739,PRODUCT
6000,1001559,1479,PRODUCT
6001,1001560,1106,SUBSTRATE
6002,1001560,1478,SUBSTRATE
6003,1001560,739,PRODUCT
6004,1001560,1480,PRODUCT
6005,1001561,1088,SUBSTRATE
6006,1001561,1106,SUBSTRATE
6007,1001561,739,PRODUCT
6008,1001561,1481,PRODUCT
6009,1001562,1106,SUBSTRATE
6010,1001562,1472,SUBSTRATE
6011,1001562,739,PRODUCT
6012,1001562,1482,PRODUCT
6013,1001563,1106,SUBSTRATE
6014,1001563,1474,SUBSTRATE
6015,1001563,739,PRODUCT
6016,1001563,1483,PRODUCT
6017,1001564,1106,SUBSTRATE
6018,1001564,1246,SUBSTRATE
6019,1001564,739,PRODUCT
6020,1001564,1484,PRODUCT
6021,1001565,707,SUBSTRATE
6022,1001565,1106,SUBSTRATE
6023,1001565,1447,SUBSTRATE
6024,1001565,739,PRODUCT
6025,1001565,1485,PRODUCT
6026,1001566,1106,SUBSTRATE
6027,1001566,1486,SUBSTRATE
6028,1001566,739,PRODUCT
6029,1001566,1487,PRODUCT
6030,1001567,1106,SUBSTRATE
6031,1001567,1488,SUBSTRATE
6032,1001567,739,PRODUCT
6033,1001567,1489,PRODUCT
6034,1001568,1092,SUBSTRATE
6035,1001568,1106,SUBSTRATE
6036,1001568,739,PRODUCT
6037,1001568,1490,PRODUCT
6038,1001569,1106,SUBSTRATE
6039,1001569,1491,SUBSTRATE
6040,1001569,739,PRODUCT
6041,1001569,1492,PRODUCT
6042,1001570,1106,SUBSTRATE
6043,1001570,1493,SUBSTRATE
6044,1001570,739,PRODUCT
6045,1001570,1494,PRODUCT
6046,1001571,715,SUBSTRATE
6047,1001571,1261,SUBSTRATE
6048,1001571,138,PRODUCT
6049,1001572,715,SUBSTRATE
6050,1001572,1262,SUBSTRATE
6051,1001572,140,PRODUCT
6052,1001573,715,SUBSTRATE
6053,1001573,1265,SUBSTRATE
6054,1001573,142,PRODUCT
6055,1001574,715,SUBSTRATE
6056,1001574,725,SUBSTRATE
6057,1001574,141,PRODUCT
6058,1001575,715,SUBSTRATE
6059,1001575,1264,SUBSTRATE
6060,1001575,260,PRODUCT
6061,1001576,715,SUBSTRATE
6062,1001576,1263,SUBSTRATE
6063,1001576,139,PRODUCT
6064,1001577,715,SUBSTRATE
6065,1001577,1479,SUBSTRATE
6066,1001577,707,PRODUCT
6067,1001577,1495,PRODUCT
6068,1001578,715,SUBSTRATE
6069,1001578,1480,SUBSTRATE
6070,1001578,1496,PRODUCT
6071,1001579,707,SUBSTRATE
6072,1001579,715,SUBSTRATE
6073,1001579,1481,SUBSTRATE
6074,1001579,1497,PRODUCT
6075,1001580,715,SUBSTRATE
6076,1001580,1482,SUBSTRATE
6077,1001580,1498,PRODUCT
6078,1001581,715,SUBSTRATE
6079,1001581,1483,SUBSTRATE
6080,1001581,1499,PRODUCT
6081,1001582,715,SUBSTRATE
6082,1001582,1484,SUBSTRATE
6083,1001582,1500,PRODUCT
6084,1001583,715,SUBSTRATE
6085,1001583,1485,SUBSTRATE
6086,1001583,1501,PRODUCT
6087,1001584,715,SUBSTRATE
6088,1001584,1487,SUBSTRATE
6089,1001584,1502,PRODUCT
6090,1001585,715,SUBSTRATE
6091,1001585,1489,SUBSTRATE
6092,1001585,1503,PRODUCT
6093,1001586,707,SUBSTRATE
6094,1001586,715,SUBSTRATE
6095,1001586,1490,SUBSTRATE
6096,1001586,1504,PRODUCT
6097,1001587,715,SUBSTRATE
6098,1001587,1492,SUBSTRATE
6099,1001587,1505,PRODUCT
6100,1001588,715,SUBSTRATE
6101,1001588,1494,SUBSTRATE
6102,1001588,1506,PRODUCT
6103,1001589,138,SUBSTRATE
6104,1001589,1045,SUBSTRATE
6105,1001589,267,PRODUCT
6106,1001589,707,PRODUCT
6107,1001589,1049,PRODUCT
6108,1001590,140,SUBSTRATE
6109,1001590,1045,SUBSTRATE
6110,1001590,269,PRODUCT
6111,1001590,707,PRODUCT
6112,1001590,1049,PRODUCT
6113,1001591,141,SUBSTRATE
6114,1001591,1045,SUBSTRATE
6115,1001591,271,PRODUCT
6116,1001591,707,PRODUCT
6117,1001591,1049,PRODUCT
6118,1001592,260,SUBSTRATE
6119,1001592,1045,SUBSTRATE
6120,1001592,270,PRODUCT
6121,1001592,707,PRODUCT
6122,1001592,1049,PRODUCT
6123,1001593,139,SUBSTRATE
6124,1001593,1045,SUBSTRATE
6125,1001593,268,PRODUCT
6126,1001593,707,PRODUCT
6127,1001593,1049,PRODUCT
6128,1001594,1045,SUBSTRATE
6129,1001594,1495,SUBSTRATE
6130,1001594,707,PRODUCT
6131,1001594,1049,PRODUCT
6132,1001594,1507,PRODUCT
6133,1001595,1045,SUBSTRATE
6134,1001595,1496,SUBSTRATE
6135,1001595,707,PRODUCT
6136,1001595,1049,PRODUCT
6137,1001595,1508,PRODUCT
6138,1001596,1045,SUBSTRATE
6139,1001596,1497,SUBSTRATE
6140,1001596,707,PRODUCT
6141,1001596,1049,PRODUCT
6142,1001596,1509,PRODUCT
6143,1001597,1045,SUBSTRATE
6144,1001597,1498,SUBSTRATE
6145,1001597,707,PRODUCT
6146,1001597,1049,PRODUCT
6147,1001597,1510,PRODUCT
6148,1001598,1045,SUBSTRATE
6149,1001598,1499,SUBSTRATE
6150,1001598,707,PRODUCT
6151,1001598,1049,PRODUCT
6152,1001598,1511,PRODUCT
6153,1001599,1045,SUBSTRATE
6154,1001599,1500,SUBSTRATE
6155,1001599,707,PRODUCT
6156,1001599,1049,PRODUCT
6157,1001599,1512,PRODUCT
6158,1001600,1045,SUBSTRATE
6159,1001600,1501,SUBSTRATE
6160,1001600,707,PRODUCT
6161,1001600,1049,PRODUCT
6162,1001600,1513,PRODUCT
6163,1001601,1045,SUBSTRATE
6164,1001601,1502,SUBSTRATE
6165,1001601,707,PRODUCT
6166,1001601,1049,PRODUCT
6167,1001601,1514,PRODUCT
6168,1001602,1045,SUBSTRATE
6169,1001602,1503,SUBSTRATE
6170,1001602,707,PRODUCT
6171,1001602,1049,PRODUCT
6172,1001602,1515,PRODUCT
6173,1001603,1045,SUBSTRATE
6174,1001603,1504,SUBSTRATE
6175,1001603,707,PRODUCT
6176,1001603,1049,PRODUCT
6177,1001603,1516,PRODUCT
6178,1001604,1045,SUBSTRATE
6179,1001604,1505,SUBSTRATE
6180,1001604,707,PRODUCT
6181,1001604,1049,PRODUCT
6182,1001604,1517,PRODUCT
6183,1001605,1045,SUBSTRATE
6184,1001605,1506,SUBSTRATE
6185,1001605,707,PRODUCT
6186,1001605,1049,PRODUCT
6187,1001605,1518,PRODUCT
6188,1001606,504,SUBSTRATE
6189,1001606,1507,SUBSTRATE
6190,1001606,376,PRODUCT
6191,1001607,504,SUBSTRATE
6192,1001607,1508,SUBSTRATE
6193,1001607,376,PRODUCT
6194,1001607,1477,PRODUCT
6195,1001608,504,SUBSTRATE
6196,1001608,1509,SUBSTRATE
6197,1001608,376,PRODUCT
6198,1001608,1478,PRODUCT
6199,1001609,504,SUBSTRATE
6200,1001609,1510,SUBSTRATE
6201,1001609,376,PRODUCT
6202,1001609,1226,PRODUCT
6203,1001610,504,SUBSTRATE
6204,1001610,1511,SUBSTRATE
6205,1001610,376,PRODUCT
6206,1001610,1472,PRODUCT
6207,1001611,504,SUBSTRATE
6208,1001611,1512,SUBSTRATE
6209,1001611,376,PRODUCT
6210,1001611,1474,PRODUCT
6211,1001612,504,SUBSTRATE
6212,1001612,1513,SUBSTRATE
6213,1001612,376,PRODUCT
6214,1001612,1486,PRODUCT
6215,1001613,504,SUBSTRATE
6216,1001613,1514,SUBSTRATE
6217,1001613,376,PRODUCT
6218,1001613,1488,PRODUCT
6219,1001614,504,SUBSTRATE
6220,1001614,1515,SUBSTRATE
6221,1001614,376,PRODUCT
6222,1001614,1519,PRODUCT
6223,1001615,504,SUBSTRATE
6224,1001615,1516,SUBSTRATE
6225,1001615,376,PRODUCT
6226,1001615,1491,PRODUCT
6227,1001616,504,SUBSTRATE
6228,1001616,1517,SUBSTRATE
6229,1001616,376,PRODUCT
6230,1001616,1493,PRODUCT
6231,1001617,504,SUBSTRATE
6232,1001617,1518,SUBSTRATE
6233,1001617,376,PRODUCT
6234,1001617,1520,PRODUCT
6235,1001618,1519,SUBSTRATE
6236,1001618,707,PRODUCT
6237,1001618,1261,PRODUCT
6238,1001619,1489,SUBSTRATE
6239,1001619,1521,PRODUCT
6240,1001620,1522,SUBSTRATE
6241,1001620,707,PRODUCT
6242,1001620,1262,PRODUCT
6243,1001621,1520,SUBSTRATE
6244,1001621,707,PRODUCT
6245,1001621,1262,PRODUCT
6246,1001622,1494,SUBSTRATE
6247,1001622,1523,PRODUCT
6248,1001623,1524,SUBSTRATE
6249,1001623,707,PRODUCT
6250,1001623,1265,PRODUCT
6251,1001624,1521,SUBSTRATE
6252,1001624,1525,PRODUCT
6253,1001625,1523,SUBSTRATE
6254,1001625,1526,PRODUCT
6255,1001626,707,SUBSTRATE
6256,1001626,1057,SUBSTRATE
6257,1001626,1525,SUBSTRATE
6258,1001626,1053,PRODUCT
6259,1001626,1522,PRODUCT
6260,1001627,707,SUBSTRATE
6261,1001627,1057,SUBSTRATE
6262,1001627,1526,SUBSTRATE
6263,1001627,1053,PRODUCT
6264,1001627,1524,PRODUCT
6265,1001628,491,SUBSTRATE
6266,1001628,709,SUBSTRATE
6267,1001628,834,PRODUCT
6268,1001629,1380,SUBSTRATE
6269,1001629,1386,SUBSTRATE
6270,1001629,1527,SUBSTRATE
6271,1001629,1382,PRODUCT
6272,1001629,1528,PRODUCT
6273,1001630,1380,SUBSTRATE
6274,1001630,1416,SUBSTRATE
6275,1001630,1527,SUBSTRATE
6276,1001630,1382,PRODUCT
6277,1001630,1529,PRODUCT
6278,1001631,1380,SUBSTRATE
6279,1001631,1388,SUBSTRATE
6280,1001631,1527,SUBSTRATE
6281,1001631,1382,PRODUCT
6282,1001631,1530,PRODUCT
6283,1001632,1380,SUBSTRATE
6284,1001632,1418,SUBSTRATE
6285,1001632,1527,SUBSTRATE
6286,1001632,1382,PRODUCT
6287,1001632,1531,PRODUCT
6288,1001633,1380,SUBSTRATE
6289,1001633,1386,SUBSTRATE
6290,1001633,1532,SUBSTRATE
6291,1001633,1382,PRODUCT
6292,1001633,1533,PRODUCT
6293,1001634,1380,SUBSTRATE
6294,1001634,1416,SUBSTRATE
6295,1001634,1532,SUBSTRATE
6296,1001634,1382,PRODUCT
6297,1001634,1534,PRODUCT
6298,1001635,1380,SUBSTRATE
6299,1001635,1388,SUBSTRATE
6300,1001635,1532,SUBSTRATE
6301,1001635,1382,PRODUCT
6302,1001635,1535,PRODUCT
6303,1001636,1380,SUBSTRATE
6304,1001636,1418,SUBSTRATE
6305,1001636,1532,SUBSTRATE
6306,1001636,1382,PRODUCT
6307,1001636,1536,PRODUCT
6308,1001637,678,SUBSTRATE
6309,1001637,1380,SUBSTRATE
6310,1001637,1440,SUBSTRATE
6311,1001637,501,PRODUCT
6312,1001637,1537,PRODUCT
6313,1001638,678,SUBSTRATE
6314,1001638,1380,SUBSTRATE
6315,1001638,1442,SUBSTRATE
6316,1001638,501,PRODUCT
6317,1001638,1538,PRODUCT
6318,1001639,678,SUBSTRATE
6319,1001639,1380,SUBSTRATE
6320,1001639,1444,SUBSTRATE
6321,1001639,501,PRODUCT
6322,1001639,1539,PRODUCT
6323,1001640,678,SUBSTRATE
6324,1001640,1380,SUBSTRATE
6325,1001640,1446,SUBSTRATE
6326,1001640,501,PRODUCT
6327,1001640,1540,PRODUCT
6328,1001641,580,SUBSTRATE
6329,1001641,704,SUBSTRATE
6330,1001641,1440,SUBSTRATE
6331,1001641,501,PRODUCT
6332,1001641,1541,PRODUCT
6333,1001642,580,SUBSTRATE
6334,1001642,704,SUBSTRATE
6335,1001642,1442,SUBSTRATE
6336,1001642,501,PRODUCT
6337,1001642,1542,PRODUCT
6338,1001643,580,SUBSTRATE
6339,1001643,704,SUBSTRATE
6340,1001643,1444,SUBSTRATE
6341,1001643,501,PRODUCT
6342,1001643,1543,PRODUCT
6343,1001644,580,SUBSTRATE
6344,1001644,704,SUBSTRATE
6345,1001644,1446,SUBSTRATE
6346,1001644,501,PRODUCT
6347,1001644,1544,PRODUCT
6348,1001645,1380,SUBSTRATE
6349,1001645,1396,SUBSTRATE
6350,1001645,1533,SUBSTRATE
6351,1001645,1397,PRODUCT
6352,1001645,1528,PRODUCT
6353,1001646,1380,SUBSTRATE
6354,1001646,1396,SUBSTRATE
6355,1001646,1534,SUBSTRATE
6356,1001646,1397,PRODUCT
6357,1001646,1529,PRODUCT
6358,1001647,1380,SUBSTRATE
6359,1001647,1396,SUBSTRATE
6360,1001647,1535,SUBSTRATE
6361,1001647,1397,PRODUCT
6362,1001647,1530,PRODUCT
6363,1001648,1380,SUBSTRATE
6364,1001648,1396,SUBSTRATE
6365,1001648,1536,SUBSTRATE
6366,1001648,1397,PRODUCT
6367,1001648,1531,PRODUCT
6368,1001649,704,SUBSTRATE
6369,1001649,1541,SUBSTRATE
6370,1001649,1545,SUBSTRATE
6371,1001649,1537,PRODUCT
6372,1001649,1546,PRODUCT
6373,1001650,704,SUBSTRATE
6374,1001650,1542,SUBSTRATE
6375,1001650,1545,SUBSTRATE
6376,1001650,1538,PRODUCT
6377,1001650,1546,PRODUCT
6378,1001651,704,SUBSTRATE
6379,1001651,1543,SUBSTRATE
6380,1001651,1545,SUBSTRATE
6381,1001651,1539,PRODUCT
6382,1001651,1546,PRODUCT
6383,1001652,704,SUBSTRATE
6384,1001652,1544,SUBSTRATE
6385,1001652,1545,SUBSTRATE
6386,1001652,1540,PRODUCT
6387,1001652,1546,PRODUCT
6388,1001653,1416,SUBSTRATE
6389,1001653,1528,SUBSTRATE
6390,1001653,1382,PRODUCT
6391,1001653,1547,PRODUCT
6392,1001654,1418,SUBSTRATE
6393,1001654,1528,SUBSTRATE
6394,1001654,1382,PRODUCT
6395,1001654,1548,PRODUCT
6396,1001655,1416,SUBSTRATE
6397,1001655,1529,SUBSTRATE
6398,1001655,1382,PRODUCT
6399,1001655,1549,PRODUCT
6400,1001656,1418,SUBSTRATE
6401,1001656,1529,SUBSTRATE
6402,1001656,1382,PRODUCT
6403,1001656,1550,PRODUCT
6404,1001657,1416,SUBSTRATE
6405,1001657,1530,SUBSTRATE
6406,1001657,1382,PRODUCT
6407,1001657,1551,PRODUCT
6408,1001658,1418,SUBSTRATE
6409,1001658,1530,SUBSTRATE
6410,1001658,1382,PRODUCT
6411,1001658,1552,PRODUCT
6412,1001659,1416,SUBSTRATE
6413,1001659,1531,SUBSTRATE
6414,1001659,1382,PRODUCT
6415,1001659,1553,PRODUCT
6416,1001660,1418,SUBSTRATE
6417,1001660,1531,SUBSTRATE
6418,1001660,1382,PRODUCT
6419,1001660,1554,PRODUCT
6420,1001661,1446,SUBSTRATE
6421,1001661,1537,SUBSTRATE
6422,1001661,501,PRODUCT
6423,1001661,1555,PRODUCT
6424,1001662,1446,SUBSTRATE
6425,1001662,1538,SUBSTRATE
6426,1001662,501,PRODUCT
6427,1001662,1556,PRODUCT
6428,1001663,1446,SUBSTRATE
6429,1001663,1539,SUBSTRATE
6430,1001663,501,PRODUCT
6431,1001663,1557,PRODUCT
6432,1001664,1446,SUBSTRATE
6433,1001664,1540,SUBSTRATE
6434,1001664,501,PRODUCT
6435,1001664,1558,PRODUCT
6436,1001665,1405,SUBSTRATE
6437,1001665,1547,SUBSTRATE
6438,1001665,1380,PRODUCT
6439,1001665,1559,PRODUCT
6440,1001665,1560,PRODUCT
6441,1001666,1405,SUBSTRATE
6442,1001666,1548,SUBSTRATE
6443,1001666,1380,PRODUCT
6444,1001666,1559,PRODUCT
6445,1001666,1561,PRODUCT
6446,1001667,1405,SUBSTRATE
6447,1001667,1549,SUBSTRATE
6448,1001667,1380,PRODUCT
6449,1001667,1559,PRODUCT
6450,1001667,1562,PRODUCT
6451,1001668,1405,SUBSTRATE
6452,1001668,1550,SUBSTRATE
6453,1001668,1380,PRODUCT
6454,1001668,1559,PRODUCT
6455,1001668,1563,PRODUCT
6456,1001669,1405,SUBSTRATE
6457,1001669,1551,SUBSTRATE
6458,1001669,1380,PRODUCT
6459,1001669,1559,PRODUCT
6460,1001669,1564,PRODUCT
6461,1001670,1405,SUBSTRATE
6462,1001670,1552,SUBSTRATE
6463,1001670,1380,PRODUCT
6464,1001670,1559,PRODUCT
6465,1001670,1565,PRODUCT
6466,1001671,1405,SUBSTRATE
6467,1001671,1553,SUBSTRATE
6468,1001671,1380,PRODUCT
6469,1001671,1559,PRODUCT
6470,1001671,1566,PRODUCT
6471,1001672,1405,SUBSTRATE
6472,1001672,1554,SUBSTRATE
6473,1001672,1380,PRODUCT
6474,1001672,1559,PRODUCT
6475,1001672,1567,PRODUCT
6476,1001673,1568,SUBSTRATE
6477,1001673,1569,SUBSTRATE
6478,1001673,1570,PRODUCT
6479,1001673,1571,PRODUCT
6480,1001673,1757,PRODUCT
6481,1001674,1569,SUBSTRATE
6482,1001674,1572,SUBSTRATE
6483,1001674,1570,PRODUCT
6484,1001674,1573,PRODUCT
6485,1001674,1757,PRODUCT
6486,1001675,1569,SUBSTRATE
6487,1001675,1574,SUBSTRATE
6488,1001675,1570,PRODUCT
6489,1001675,1575,PRODUCT
6490,1001675,1757,PRODUCT
6491,1001676,1569,SUBSTRATE
6492,1001676,1576,SUBSTRATE
6493,1001676,1570,PRODUCT
6494,1001676,1577,PRODUCT
6495,1001676,1757,PRODUCT
6496,1001677,1569,SUBSTRATE
6497,1001677,1578,SUBSTRATE
6498,1001677,1570,PRODUCT
6499,1001677,1579,PRODUCT
6500,1001677,1757,PRODUCT
6501,1001678,1569,SUBSTRATE
6502,1001678,1580,SUBSTRATE
6503,1001678,1570,PRODUCT
6504,1001678,1581,PRODUCT
6505,1001678,1757,PRODUCT
6506,1001679,1569,SUBSTRATE
6507,1001679,1582,SUBSTRATE
6508,1001679,1570,PRODUCT
6509,1001679,1583,PRODUCT
6510,1001679,1757,PRODUCT
6511,1001680,1569,SUBSTRATE
6512,1001680,1584,SUBSTRATE
6513,1001680,1570,PRODUCT
6514,1001680,1585,PRODUCT
6515,1001680,1757,PRODUCT
6516,1001681,1586,SUBSTRATE
6517,1001681,1587,SUBSTRATE
6518,1001681,1588,PRODUCT
6519,1001681,1589,PRODUCT
6520,1001681,1739,PRODUCT
6521,1001682,1587,SUBSTRATE
6522,1001682,1590,SUBSTRATE
6523,1001682,1588,PRODUCT
6524,1001682,1591,PRODUCT
6525,1001682,1739,PRODUCT
6526,1001683,1587,SUBSTRATE
6527,1001683,1592,SUBSTRATE
6528,1001683,1588,PRODUCT
6529,1001683,1593,PRODUCT
6530,1001683,1739,PRODUCT
6531,1001684,1587,SUBSTRATE
6532,1001684,1594,SUBSTRATE
6533,1001684,1588,PRODUCT
6534,1001684,1595,PRODUCT
6535,1001684,1739,PRODUCT
6536,1001685,1587,SUBSTRATE
6537,1001685,1596,SUBSTRATE
6538,1001685,1588,PRODUCT
6539,1001685,1597,PRODUCT
6540,1001685,1739,PRODUCT
6541,1001686,1587,SUBSTRATE
6542,1001686,1598,SUBSTRATE
6543,1001686,1588,PRODUCT
6544,1001686,1599,PRODUCT
6545,1001686,1739,PRODUCT
6546,1001687,1587,SUBSTRATE
6547,1001687,1600,SUBSTRATE
6548,1001687,1588,PRODUCT
6549,1001687,1601,PRODUCT
6550,1001687,1739,PRODUCT
6551,1001688,1587,SUBSTRATE
6552,1001688,1602,SUBSTRATE
6553,1001688,1588,PRODUCT
6554,1001688,1603,PRODUCT
6555,1001688,1739,PRODUCT
6556,1001689,1386,SUBSTRATE
6557,1001689,1560,SUBSTRATE
6558,1001689,1382,PRODUCT
6559,1001689,1604,PRODUCT
6560,1001690,1386,SUBSTRATE
6561,1001690,1561,SUBSTRATE
6562,1001690,1382,PRODUCT
6563,1001690,1605,PRODUCT
6564,1001691,1386,SUBSTRATE
6565,1001691,1562,SUBSTRATE
6566,1001691,1382,PRODUCT
6567,1001691,1606,PRODUCT
6568,1001692,1386,SUBSTRATE
6569,1001692,1563,SUBSTRATE
6570,1001692,1382,PRODUCT
6571,1001692,1607,PRODUCT
6572,1001693,1386,SUBSTRATE
6573,1001693,1564,SUBSTRATE
6574,1001693,1382,PRODUCT
6575,1001693,1608,PRODUCT
6576,1001694,1386,SUBSTRATE
6577,1001694,1565,SUBSTRATE
6578,1001694,1382,PRODUCT
6579,1001694,1609,PRODUCT
6580,1001695,1386,SUBSTRATE
6581,1001695,1566,SUBSTRATE
6582,1001695,1382,PRODUCT
6583,1001695,1610,PRODUCT
6584,1001696,1386,SUBSTRATE
6585,1001696,1567,SUBSTRATE
6586,1001696,1382,PRODUCT
6587,1001696,1611,PRODUCT
6588,1001697,1416,SUBSTRATE
6589,1001697,1560,SUBSTRATE
6590,1001697,1382,PRODUCT
6591,1001697,1612,PRODUCT
6592,1001698,1416,SUBSTRATE
6593,1001698,1561,SUBSTRATE
6594,1001698,1382,PRODUCT
6595,1001698,1613,PRODUCT
6596,1001699,1416,SUBSTRATE
6597,1001699,1562,SUBSTRATE
6598,1001699,1382,PRODUCT
6599,1001699,1614,PRODUCT
6600,1001700,1416,SUBSTRATE
6601,1001700,1563,SUBSTRATE
6602,1001700,1382,PRODUCT
6603,1001700,1615,PRODUCT
6604,1001701,1416,SUBSTRATE
6605,1001701,1564,SUBSTRATE
6606,1001701,1382,PRODUCT
6607,1001701,1616,PRODUCT
6608,1001702,1416,SUBSTRATE
6609,1001702,1565,SUBSTRATE
6610,1001702,1382,PRODUCT
6611,1001702,1617,PRODUCT
6612,1001703,1416,SUBSTRATE
6613,1001703,1566,SUBSTRATE
6614,1001703,1382,PRODUCT
6615,1001703,1618,PRODUCT
6616,1001704,1416,SUBSTRATE
6617,1001704,1567,SUBSTRATE
6618,1001704,1382,PRODUCT
6619,1001704,1619,PRODUCT
6620,1001705,1388,SUBSTRATE
6621,1001705,1560,SUBSTRATE
6622,1001705,1382,PRODUCT
6623,1001705,1620,PRODUCT
6624,1001706,1388,SUBSTRATE
6625,1001706,1561,SUBSTRATE
6626,1001706,1382,PRODUCT
6627,1001706,1621,PRODUCT
6628,1001707,1388,SUBSTRATE
6629,1001707,1562,SUBSTRATE
6630,1001707,1382,PRODUCT
6631,1001707,1622,PRODUCT
6632,1001708,1388,SUBSTRATE
6633,1001708,1563,SUBSTRATE
6634,1001708,1382,PRODUCT
6635,1001708,1623,PRODUCT
6636,1001709,1388,SUBSTRATE
6637,1001709,1564,SUBSTRATE
6638,1001709,1382,PRODUCT
6639,1001709,1624,PRODUCT
6640,1001710,1388,SUBSTRATE
6641,1001710,1565,SUBSTRATE
6642,1001710,1382,PRODUCT
6643,1001710,1625,PRODUCT
6644,1001711,1388,SUBSTRATE
6645,1001711,1566,SUBSTRATE
6646,1001711,1382,PRODUCT
6647,1001711,1626,PRODUCT
6648,1001712,1388,SUBSTRATE
6649,1001712,1567,SUBSTRATE
6650,1001712,1382,PRODUCT
6651,1001712,1627,PRODUCT
6652,1001713,1418,SUBSTRATE
6653,1001713,1560,SUBSTRATE
6654,1001713,1382,PRODUCT
6655,1001713,1628,PRODUCT
6656,1001714,1418,SUBSTRATE
6657,1001714,1561,SUBSTRATE
6658,1001714,1382,PRODUCT
6659,1001714,1629,PRODUCT
6660,1001715,1418,SUBSTRATE
6661,1001715,1562,SUBSTRATE
6662,1001715,1382,PRODUCT
6663,1001715,1630,PRODUCT
6664,1001716,1418,SUBSTRATE
6665,1001716,1563,SUBSTRATE
6666,1001716,1382,PRODUCT
6667,1001716,1631,PRODUCT
6668,1001717,1418,SUBSTRATE
6669,1001717,1564,SUBSTRATE
6670,1001717,1382,PRODUCT
6671,1001717,1632,PRODUCT
6672,1001718,1418,SUBSTRATE
6673,1001718,1565,SUBSTRATE
6674,1001718,1382,PRODUCT
6675,1001718,1633,PRODUCT
6676,1001719,1418,SUBSTRATE
6677,1001719,1566,SUBSTRATE
6678,1001719,1382,PRODUCT
6679,1001719,1634,PRODUCT
6680,1001720,1418,SUBSTRATE
6681,1001720,1567,SUBSTRATE
6682,1001720,1382,PRODUCT
6683,1001720,1635,PRODUCT
6684,1001721,1440,SUBSTRATE
6685,1001721,1636,SUBSTRATE
6686,1001721,501,PRODUCT
6687,1001721,1637,PRODUCT
6688,1001722,1440,SUBSTRATE
6689,1001722,1638,SUBSTRATE
6690,1001722,501,PRODUCT
6691,1001722,1639,PRODUCT
6692,1001723,1440,SUBSTRATE
6693,1001723,1640,SUBSTRATE
6694,1001723,501,PRODUCT
6695,1001723,1641,PRODUCT
6696,1001724,1440,SUBSTRATE
6697,1001724,1642,SUBSTRATE
6698,1001724,501,PRODUCT
6699,1001724,1643,PRODUCT
6700,1001725,1440,SUBSTRATE
6701,1001725,1644,SUBSTRATE
6702,1001725,501,PRODUCT
6703,1001725,1645,PRODUCT
6704,1001726,1440,SUBSTRATE
6705,1001726,1646,SUBSTRATE
6706,1001726,501,PRODUCT
6707,1001726,1647,PRODUCT
6708,1001727,1440,SUBSTRATE
6709,1001727,1648,SUBSTRATE
6710,1001727,501,PRODUCT
6711,1001727,1649,PRODUCT
6712,1001728,1440,SUBSTRATE
6713,1001728,1650,SUBSTRATE
6714,1001728,501,PRODUCT
6715,1001728,1651,PRODUCT
6716,1001729,1442,SUBSTRATE
6717,1001729,1636,SUBSTRATE
6718,1001729,501,PRODUCT
6719,1001729,1652,PRODUCT
6720,1001730,1442,SUBSTRATE
6721,1001730,1638,SUBSTRATE
6722,1001730,501,PRODUCT
6723,1001730,1653,PRODUCT
6724,1001731,1442,SUBSTRATE
6725,1001731,1640,SUBSTRATE
6726,1001731,501,PRODUCT
6727,1001731,1654,PRODUCT
6728,1001732,1442,SUBSTRATE
6729,1001732,1642,SUBSTRATE
6730,1001732,501,PRODUCT
6731,1001732,1655,PRODUCT
6732,1001733,1442,SUBSTRATE
6733,1001733,1644,SUBSTRATE
6734,1001733,501,PRODUCT
6735,1001733,1656,PRODUCT
6736,1001734,1442,SUBSTRATE
6737,1001734,1646,SUBSTRATE
6738,1001734,501,PRODUCT
6739,1001734,1657,PRODUCT
6740,1001735,1442,SUBSTRATE
6741,1001735,1648,SUBSTRATE
6742,1001735,501,PRODUCT
6743,1001735,1658,PRODUCT
6744,1001736,1442,SUBSTRATE
6745,1001736,1650,SUBSTRATE
6746,1001736,501,PRODUCT
6747,1001736,1659,PRODUCT
6748,1001737,1444,SUBSTRATE
6749,1001737,1636,SUBSTRATE
6750,1001737,501,PRODUCT
6751,1001737,1660,PRODUCT
6752,1001738,1444,SUBSTRATE
6753,1001738,1638,SUBSTRATE
6754,1001738,501,PRODUCT
6755,1001738,1661,PRODUCT
6756,1001739,1444,SUBSTRATE
6757,1001739,1640,SUBSTRATE
6758,1001739,501,PRODUCT
6759,1001739,1662,PRODUCT
6760,1001740,1444,SUBSTRATE
6761,1001740,1642,SUBSTRATE
6762,1001740,501,PRODUCT
6763,1001740,1663,PRODUCT
6764,1001741,1444,SUBSTRATE
6765,1001741,1644,SUBSTRATE
6766,1001741,501,PRODUCT
6767,1001741,1664,PRODUCT
6768,1001742,1444,SUBSTRATE
6769,1001742,1646,SUBSTRATE
6770,1001742,501,PRODUCT
6771,1001742,1665,PRODUCT
6772,1001743,1444,SUBSTRATE
6773,1001743,1648,SUBSTRATE
6774,1001743,501,PRODUCT
6775,1001743,1666,PRODUCT
6776,1001744,1444,SUBSTRATE
6777,1001744,1650,SUBSTRATE
6778,1001744,501,PRODUCT
6779,1001744,1667,PRODUCT
6780,1001745,1446,SUBSTRATE
6781,1001745,1636,SUBSTRATE
6782,1001745,501,PRODUCT
6783,1001745,1668,PRODUCT
6784,1001746,1446,SUBSTRATE
6785,1001746,1638,SUBSTRATE
6786,1001746,501,PRODUCT
6787,1001746,1669,PRODUCT
6788,1001747,1446,SUBSTRATE
6789,1001747,1640,SUBSTRATE
6790,1001747,501,PRODUCT
6791,1001747,1670,PRODUCT
6792,1001748,1446,SUBSTRATE
6793,1001748,1642,SUBSTRATE
6794,1001748,501,PRODUCT
6795,1001748,1671,PRODUCT
6796,1001749,1446,SUBSTRATE
6797,1001749,1644,SUBSTRATE
6798,1001749,501,PRODUCT
6799,1001749,1672,PRODUCT
6800,1001750,1446,SUBSTRATE
6801,1001750,1646,SUBSTRATE
6802,1001750,501,PRODUCT
6803,1001750,1673,PRODUCT
6804,1001751,1446,SUBSTRATE
6805,1001751,1648,SUBSTRATE
6806,1001751,501,PRODUCT
6807,1001751,1674,PRODUCT
6808,1001752,1446,SUBSTRATE
6809,1001752,1650,SUBSTRATE
6810,1001752,501,PRODUCT
6811,1001752,1675,PRODUCT
6812,1001753,1380,SUBSTRATE
6813,1001753,1547,SUBSTRATE
6814,1001753,1676,SUBSTRATE
6815,1001753,1427,PRODUCT
6816,1001753,1677,PRODUCT
6817,1001754,1380,SUBSTRATE
6818,1001754,1549,SUBSTRATE
6819,1001754,1676,SUBSTRATE
6820,1001754,1427,PRODUCT
6821,1001754,1678,PRODUCT
6822,1001755,1380,SUBSTRATE
6823,1001755,1551,SUBSTRATE
6824,1001755,1676,SUBSTRATE
6825,1001755,1427,PRODUCT
6826,1001755,1679,PRODUCT
6827,1001756,1380,SUBSTRATE
6828,1001756,1553,SUBSTRATE
6829,1001756,1676,SUBSTRATE
6830,1001756,1427,PRODUCT
6831,1001756,1680,PRODUCT
6832,1001757,1380,SUBSTRATE
6833,1001757,1548,SUBSTRATE
6834,1001757,1676,SUBSTRATE
6835,1001757,1427,PRODUCT
6836,1001757,1681,PRODUCT
6837,1001758,1380,SUBSTRATE
6838,1001758,1550,SUBSTRATE
6839,1001758,1676,SUBSTRATE
6840,1001758,1427,PRODUCT
6841,1001758,1682,PRODUCT
6842,1001759,1380,SUBSTRATE
6843,1001759,1552,SUBSTRATE
6844,1001759,1676,SUBSTRATE
6845,1001759,1427,PRODUCT
6846,1001759,1683,PRODUCT
6847,1001760,1380,SUBSTRATE
6848,1001760,1554,SUBSTRATE
6849,1001760,1676,SUBSTRATE
6850,1001760,1427,PRODUCT
6851,1001760,1684,PRODUCT
6852,1001761,1685,SUBSTRATE
6853,1001761,1686,SUBSTRATE
6854,1001761,1687,SUBSTRATE
6855,1001761,1688,PRODUCT
6856,1001761,1689,PRODUCT
6857,1001762,1686,SUBSTRATE
6858,1001762,1687,SUBSTRATE
6859,1001762,1690,SUBSTRATE
6860,1001762,1688,PRODUCT
6861,1001762,1691,PRODUCT
6862,1001763,1686,SUBSTRATE
6863,1001763,1687,SUBSTRATE
6864,1001763,1692,SUBSTRATE
6865,1001763,1688,PRODUCT
6866,1001763,1693,PRODUCT
6867,1001764,1686,SUBSTRATE
6868,1001764,1687,SUBSTRATE
6869,1001764,1694,SUBSTRATE
6870,1001764,1688,PRODUCT
6871,1001764,1695,PRODUCT
6872,1001765,1686,SUBSTRATE
6873,1001765,1687,SUBSTRATE
6874,1001765,1696,SUBSTRATE
6875,1001765,1688,PRODUCT
6876,1001765,1697,PRODUCT
6877,1001766,1686,SUBSTRATE
6878,1001766,1687,SUBSTRATE
6879,1001766,1698,SUBSTRATE
6880,1001766,1688,PRODUCT
6881,1001766,1699,PRODUCT
6882,1001767,1677,SUBSTRATE
6883,1001767,1700,SUBSTRATE
6884,1001767,1380,PRODUCT
6885,1001767,1701,PRODUCT
6886,1001767,1702,PRODUCT
6887,1001768,1678,SUBSTRATE
6888,1001768,1700,SUBSTRATE
6889,1001768,1380,PRODUCT
6890,1001768,1701,PRODUCT
6891,1001768,1703,PRODUCT
6892,1001769,1679,SUBSTRATE
6893,1001769,1700,SUBSTRATE
6894,1001769,1380,PRODUCT
6895,1001769,1701,PRODUCT
6896,1001769,1704,PRODUCT
6897,1001770,1680,SUBSTRATE
6898,1001770,1700,SUBSTRATE
6899,1001770,1380,PRODUCT
6900,1001770,1701,PRODUCT
6901,1001770,1705,PRODUCT
6902,1001771,1681,SUBSTRATE
6903,1001771,1700,SUBSTRATE
6904,1001771,1380,PRODUCT
6905,1001771,1701,PRODUCT
6906,1001771,1706,PRODUCT
6907,1001772,1682,SUBSTRATE
6908,1001772,1700,SUBSTRATE
6909,1001772,1380,PRODUCT
6910,1001772,1701,PRODUCT
6911,1001772,1707,PRODUCT
6912,1001773,1683,SUBSTRATE
6913,1001773,1700,SUBSTRATE
6914,1001773,1380,PRODUCT
6915,1001773,1701,PRODUCT
6916,1001773,1708,PRODUCT
6917,1001774,1684,SUBSTRATE
6918,1001774,1700,SUBSTRATE
6919,1001774,1380,PRODUCT
6920,1001774,1701,PRODUCT
6921,1001774,1709,PRODUCT
6922,1001775,1677,SUBSTRATE
6923,1001775,1710,SUBSTRATE
6924,1001775,1380,PRODUCT
6925,1001775,1701,PRODUCT
6926,1001775,1711,PRODUCT
6927,1001776,1678,SUBSTRATE
6928,1001776,1710,SUBSTRATE
6929,1001776,1380,PRODUCT
6930,1001776,1701,PRODUCT
6931,1001776,1712,PRODUCT
6932,1001777,1679,SUBSTRATE
6933,1001777,1710,SUBSTRATE
6934,1001777,1380,PRODUCT
6935,1001777,1701,PRODUCT
6936,1001777,1713,PRODUCT
6937,1001778,1680,SUBSTRATE
6938,1001778,1710,SUBSTRATE
6939,1001778,1380,PRODUCT
6940,1001778,1701,PRODUCT
6941,1001778,1714,PRODUCT
6942,1001779,1681,SUBSTRATE
6943,1001779,1710,SUBSTRATE
6944,1001779,1380,PRODUCT
6945,1001779,1701,PRODUCT
6946,1001779,1715,PRODUCT
6947,1001780,1682,SUBSTRATE
6948,1001780,1710,SUBSTRATE
6949,1001780,1380,PRODUCT
6950,1001780,1701,PRODUCT
6951,1001780,1716,PRODUCT
6952,1001781,1683,SUBSTRATE
6953,1001781,1710,SUBSTRATE
6954,1001781,1380,PRODUCT
6955,1001781,1701,PRODUCT
6956,1001781,1717,PRODUCT
6957,1001782,1684,SUBSTRATE
6958,1001782,1710,SUBSTRATE
6959,1001782,1380,PRODUCT
6960,1001782,1701,PRODUCT
6961,1001782,1718,PRODUCT
6962,1001783,1388,SUBSTRATE
6963,1001783,1719,SUBSTRATE
6964,1001783,1382,PRODUCT
6965,1001783,1713,PRODUCT
6966,1001784,1388,SUBSTRATE
6967,1001784,1720,SUBSTRATE
6968,1001784,1382,PRODUCT
6969,1001784,1717,PRODUCT
6970,1001785,1721,SUBSTRATE
6971,1001785,1722,PRODUCT
6972,1001785,1723,PRODUCT
6973,1001786,1724,SUBSTRATE
6974,1001786,1722,PRODUCT
6975,1001786,1725,PRODUCT
6976,1001787,1726,SUBSTRATE
6977,1001787,1722,PRODUCT
6978,1001787,1727,PRODUCT
6979,1001788,1728,SUBSTRATE
6980,1001788,1722,PRODUCT
6981,1001788,1729,PRODUCT
6982,1001789,1730,SUBSTRATE
6983,1001789,1722,PRODUCT
6984,1001789,1731,PRODUCT
6985,1001790,1732,SUBSTRATE
6986,1001790,1722,PRODUCT
6987,1001790,1733,PRODUCT
6988,1001791,1734,SUBSTRATE
6989,1001791,1722,PRODUCT
6990,1001791,1735,PRODUCT
6991,1001792,1736,SUBSTRATE
6992,1001792,1722,PRODUCT
6993,1001792,1737,PRODUCT
6994,1001793,1738,SUBSTRATE
6995,1001793,1740,PRODUCT
6996,1001793,1741,PRODUCT
6997,1001794,1742,SUBSTRATE
6998,1001794,1740,PRODUCT
6999,1001794,1743,PRODUCT
7000,1001795,1744,SUBSTRATE
7001,1001795,1740,PRODUCT
7002,1001795,1745,PRODUCT
7003,1001796,1746,SUBSTRATE
7004,1001796,1740,PRODUCT
7005,1001796,1747,PRODUCT
7006,1001797,1748,SUBSTRATE
7007,1001797,1740,PRODUCT
7008,1001797,1749,PRODUCT
7009,1001798,1750,SUBSTRATE
7010,1001798,1740,PRODUCT
7011,1001798,1751,PRODUCT
7012,1001799,1752,SUBSTRATE
7013,1001799,1740,PRODUCT
7014,1001799,1753,PRODUCT
7015,1001800,1754,SUBSTRATE
7016,1001800,1740,PRODUCT
7017,1001800,1755,PRODUCT
7018,1001801,1756,SUBSTRATE
7019,1001801,1758,PRODUCT
7020,1001801,1759,PRODUCT
7021,1001802,1760,SUBSTRATE
7022,1001802,1758,PRODUCT
7023,1001802,1761,PRODUCT
7024,1001803,1762,SUBSTRATE
7025,1001803,1758,PRODUCT
7026,1001803,1763,PRODUCT
7027,1001804,1764,SUBSTRATE
7028,1001804,1758,PRODUCT
7029,1001804,1765,PRODUCT
7030,1001805,1766,SUBSTRATE
7031,1001805,1758,PRODUCT
7032,1001805,1767,PRODUCT
7033,1001806,1768,SUBSTRATE
7034,1001806,1758,PRODUCT
7035,1001806,1769,PRODUCT
7036,1001807,1770,SUBSTRATE
7037,1001807,1758,PRODUCT
7038,1001807,1771,PRODUCT
7039,1001808,1772,SUBSTRATE
7040,1001808,1758,PRODUCT
7041,1001808,1773,PRODUCT
7042,1001809,1774,SUBSTRATE
7043,1001809,1775,SUBSTRATE
7044,1001809,1380,PRODUCT
7045,1001809,1776,PRODUCT
7046,1001809,1777,PRODUCT
7047,1001810,1775,SUBSTRATE
7048,1001810,1778,SUBSTRATE
7049,1001810,1380,PRODUCT
7050,1001810,1776,PRODUCT
7051,1001810,1779,PRODUCT
7052,1001811,1775,SUBSTRATE
7053,1001811,1780,SUBSTRATE
7054,1001811,1380,PRODUCT
7055,1001811,1776,PRODUCT
7056,1001811,1781,PRODUCT
7057,1001812,1775,SUBSTRATE
7058,1001812,1782,SUBSTRATE
7059,1001812,1380,PRODUCT
7060,1001812,1776,PRODUCT
7061,1001812,1783,PRODUCT
7062,1001813,1775,SUBSTRATE
7063,1001813,1784,SUBSTRATE
7064,1001813,1380,PRODUCT
7065,1001813,1776,PRODUCT
7066,1001813,1785,PRODUCT
7067,1001814,1775,SUBSTRATE
7068,1001814,1786,SUBSTRATE
7069,1001814,1380,PRODUCT
7070,1001814,1776,PRODUCT
7071,1001814,1787,PRODUCT
7072,1001815,1775,SUBSTRATE
7073,1001815,1788,SUBSTRATE
7074,1001815,1380,PRODUCT
7075,1001815,1776,PRODUCT
7076,1001815,1789,PRODUCT
7077,1001816,1775,SUBSTRATE
7078,1001816,1790,SUBSTRATE
7079,1001816,1380,PRODUCT
7080,1001816,1776,PRODUCT
7081,1001816,1791,PRODUCT
7082,1001817,1775,SUBSTRATE
7083,1001817,1777,SUBSTRATE
7084,1001817,1380,PRODUCT
7085,1001817,1776,PRODUCT
7086,1001817,1792,PRODUCT
7087,1001818,1775,SUBSTRATE
7088,1001818,1779,SUBSTRATE
7089,1001818,1380,PRODUCT
7090,1001818,1776,PRODUCT
7091,1001818,1793,PRODUCT
7092,1001819,1775,SUBSTRATE
7093,1001819,1781,SUBSTRATE
7094,1001819,1380,PRODUCT
7095,1001819,1776,PRODUCT
7096,1001819,1794,PRODUCT
7097,1001820,1775,SUBSTRATE
7098,1001820,1783,SUBSTRATE
7099,1001820,1380,PRODUCT
7100,1001820,1776,PRODUCT
7101,1001820,1795,PRODUCT
7102,1001821,1775,SUBSTRATE
7103,1001821,1785,SUBSTRATE
7104,1001821,1380,PRODUCT
7105,1001821,1776,PRODUCT
7106,1001821,1796,PRODUCT
7107,1001822,1775,SUBSTRATE
7108,1001822,1787,SUBSTRATE
7109,1001822,1380,PRODUCT
7110,1001822,1776,PRODUCT
7111,1001822,1797,PRODUCT
7112,1001823,1775,SUBSTRATE
7113,1001823,1789,SUBSTRATE
7114,1001823,1380,PRODUCT
7115,1001823,1776,PRODUCT
7116,1001823,1798,PRODUCT
7117,1001824,1775,SUBSTRATE
7118,1001824,1791,SUBSTRATE
7119,1001824,1380,PRODUCT
7120,1001824,1776,PRODUCT
7121,1001824,1799,PRODUCT
7122,1001825,1775,SUBSTRATE
7123,1001825,1792,SUBSTRATE
7124,1001825,1380,PRODUCT
7125,1001825,1776,PRODUCT
7126,1001825,1800,PRODUCT
7127,1001826,1775,SUBSTRATE
7128,1001826,1793,SUBSTRATE
7129,1001826,1380,PRODUCT
7130,1001826,1776,PRODUCT
7131,1001826,1801,PRODUCT
7132,1001827,1775,SUBSTRATE
7133,1001827,1794,SUBSTRATE
7134,1001827,1380,PRODUCT
7135,1001827,1776,PRODUCT
7136,1001827,1802,PRODUCT
7137,1001828,1775,SUBSTRATE
7138,1001828,1795,SUBSTRATE
7139,1001828,1380,PRODUCT
7140,1001828,1776,PRODUCT
7141,1001828,1803,PRODUCT
7142,1001829,1775,SUBSTRATE
7143,1001829,1796,SUBSTRATE
7144,1001829,1380,PRODUCT
7145,1001829,1776,PRODUCT
7146,1001829,1804,PRODUCT
7147,1001830,1775,SUBSTRATE
7148,1001830,1797,SUBSTRATE
7149,1001830,1380,PRODUCT
7150,1001830,1776,PRODUCT
7151,1001830,1805,PRODUCT
7152,1001831,1775,SUBSTRATE
7153,1001831,1798,SUBSTRATE
7154,1001831,1380,PRODUCT
7155,1001831,1776,PRODUCT
7156,1001831,1806,PRODUCT
7157,1001832,1775,SUBSTRATE
7158,1001832,1799,SUBSTRATE
7159,1001832,1380,PRODUCT
7160,1001832,1776,PRODUCT
7161,1001832,1807,PRODUCT
7162,1001833,1380,SUBSTRATE
7163,1001833,1560,SUBSTRATE
7164,1001833,1676,SUBSTRATE
7165,1001833,1547,PRODUCT
7166,1001833,1808,PRODUCT
7167,1001834,1380,SUBSTRATE
7168,1001834,1562,SUBSTRATE
7169,1001834,1676,SUBSTRATE
7170,1001834,1549,PRODUCT
7171,1001834,1808,PRODUCT
7172,1001835,1380,SUBSTRATE
7173,1001835,1564,SUBSTRATE
7174,1001835,1676,SUBSTRATE
7175,1001835,1551,PRODUCT
7176,1001835,1808,PRODUCT
7177,1001836,1380,SUBSTRATE
7178,1001836,1566,SUBSTRATE
7179,1001836,1676,SUBSTRATE
7180,1001836,1553,PRODUCT
7181,1001836,1808,PRODUCT
7182,1001837,1380,SUBSTRATE
7183,1001837,1561,SUBSTRATE
7184,1001837,1676,SUBSTRATE
7185,1001837,1548,PRODUCT
7186,1001837,1808,PRODUCT
7187,1001838,1380,SUBSTRATE
7188,1001838,1563,SUBSTRATE
7189,1001838,1676,SUBSTRATE
7190,1001838,1550,PRODUCT
7191,1001838,1808,PRODUCT
7192,1001839,1380,SUBSTRATE
7193,1001839,1565,SUBSTRATE
7194,1001839,1676,SUBSTRATE
7195,1001839,1552,PRODUCT
7196,1001839,1808,PRODUCT
7197,1001840,1380,SUBSTRATE
7198,1001840,1567,SUBSTRATE
7199,1001840,1676,SUBSTRATE
7200,1001840,1554,PRODUCT
7201,1001840,1808,PRODUCT
7202,1001841,1560,SUBSTRATE
7203,1001841,1809,SUBSTRATE
7204,1001841,1380,PRODUCT
7205,1001841,1701,PRODUCT
7206,1001841,1774,PRODUCT
7207,1001842,1562,SUBSTRATE
7208,1001842,1809,SUBSTRATE
7209,1001842,1380,PRODUCT
7210,1001842,1701,PRODUCT
7211,1001842,1778,PRODUCT
7212,1001843,1564,SUBSTRATE
7213,1001843,1809,SUBSTRATE
7214,1001843,1380,PRODUCT
7215,1001843,1701,PRODUCT
7216,1001843,1780,PRODUCT
7217,1001844,1566,SUBSTRATE
7218,1001844,1809,SUBSTRATE
7219,1001844,1380,PRODUCT
7220,1001844,1701,PRODUCT
7221,1001844,1782,PRODUCT
7222,1001845,1561,SUBSTRATE
7223,1001845,1809,SUBSTRATE
7224,1001845,1380,PRODUCT
7225,1001845,1701,PRODUCT
7226,1001845,1784,PRODUCT
7227,1001846,1563,SUBSTRATE
7228,1001846,1809,SUBSTRATE
7229,1001846,1380,PRODUCT
7230,1001846,1701,PRODUCT
7231,1001846,1786,PRODUCT
7232,1001847,1565,SUBSTRATE
7233,1001847,1809,SUBSTRATE
7234,1001847,1380,PRODUCT
7235,1001847,1701,PRODUCT
7236,1001847,1788,PRODUCT
7237,1001848,1567,SUBSTRATE
7238,1001848,1809,SUBSTRATE
7239,1001848,1380,PRODUCT
7240,1001848,1701,PRODUCT
7241,1001848,1790,PRODUCT
7242,1001849,1560,SUBSTRATE
7243,1001849,1810,SUBSTRATE
7244,1001849,1380,PRODUCT
7245,1001849,1701,PRODUCT
7246,1001849,1800,PRODUCT
7247,1001850,1562,SUBSTRATE
7248,1001850,1810,SUBSTRATE
7249,1001850,1380,PRODUCT
7250,1001850,1701,PRODUCT
7251,1001850,1801,PRODUCT
7252,1001851,1564,SUBSTRATE
7253,1001851,1810,SUBSTRATE
7254,1001851,1380,PRODUCT
7255,1001851,1701,PRODUCT
7256,1001851,1802,PRODUCT
7257,1001852,1566,SUBSTRATE
7258,1001852,1810,SUBSTRATE
7259,1001852,1380,PRODUCT
7260,1001852,1701,PRODUCT
7261,1001852,1803,PRODUCT
7262,1001853,1561,SUBSTRATE
7263,1001853,1810,SUBSTRATE
7264,1001853,1380,PRODUCT
7265,1001853,1701,PRODUCT
7266,1001853,1804,PRODUCT
7267,1001854,1563,SUBSTRATE
7268,1001854,1810,SUBSTRATE
7269,1001854,1380,PRODUCT
7270,1001854,1701,PRODUCT
7271,1001854,1805,PRODUCT
7272,1001855,1565,SUBSTRATE
7273,1001855,1810,SUBSTRATE
7274,1001855,1380,PRODUCT
7275,1001855,1701,PRODUCT
7276,1001855,1806,PRODUCT
7277,1001856,1567,SUBSTRATE
7278,1001856,1810,SUBSTRATE
7279,1001856,1380,PRODUCT
7280,1001856,1701,PRODUCT
7281,1001856,1807,PRODUCT
7282,1001857,1689,SUBSTRATE
7283,1001857,1811,SUBSTRATE
7284,1001857,1812,PRODUCT
7285,1001857,1813,PRODUCT
7286,1001858,1691,SUBSTRATE
7287,1001858,1811,SUBSTRATE
7288,1001858,1812,PRODUCT
7289,1001858,1814,PRODUCT
7290,1001859,1693,SUBSTRATE
7291,1001859,1811,SUBSTRATE
7292,1001859,1812,PRODUCT
7293,1001859,1815,PRODUCT
7294,1001860,1695,SUBSTRATE
7295,1001860,1811,SUBSTRATE
7296,1001860,1812,PRODUCT
7297,1001860,1816,PRODUCT
7298,1001861,1697,SUBSTRATE
7299,1001861,1811,SUBSTRATE
7300,1001861,1812,PRODUCT
7301,1001861,1817,PRODUCT
7302,1001862,1699,SUBSTRATE
7303,1001862,1811,SUBSTRATE
7304,1001862,1812,PRODUCT
7305,1001862,1818,PRODUCT
7306,1001863,1813,SUBSTRATE
7307,1001863,1819,SUBSTRATE
7308,1001863,1687,PRODUCT
7309,1001863,1820,PRODUCT
7310,1001863,1821,PRODUCT
7311,1001864,1814,SUBSTRATE
7312,1001864,1819,SUBSTRATE
7313,1001864,1687,PRODUCT
7314,1001864,1821,PRODUCT
7315,1001864,1822,PRODUCT
7316,1001865,1815,SUBSTRATE
7317,1001865,1819,SUBSTRATE
7318,1001865,1687,PRODUCT
7319,1001865,1821,PRODUCT
7320,1001865,1823,PRODUCT
7321,1001866,1816,SUBSTRATE
7322,1001866,1819,SUBSTRATE
7323,1001866,1687,PRODUCT
7324,1001866,1821,PRODUCT
7325,1001866,1824,PRODUCT
7326,1001867,1817,SUBSTRATE
7327,1001867,1819,SUBSTRATE
7328,1001867,1687,PRODUCT
7329,1001867,1821,PRODUCT
7330,1001867,1825,PRODUCT
7331,1001868,1818,SUBSTRATE
7332,1001868,1819,SUBSTRATE
7333,1001868,1687,PRODUCT
7334,1001868,1821,PRODUCT
7335,1001868,1826,PRODUCT
7336,1001869,1689,SUBSTRATE
7337,1001869,1820,SUBSTRATE
7338,1001869,1687,PRODUCT
7339,1001869,1812,PRODUCT
7340,1001869,1827,PRODUCT
7341,1001870,1689,SUBSTRATE
7342,1001870,1822,SUBSTRATE
7343,1001870,1687,PRODUCT
7344,1001870,1812,PRODUCT
7345,1001870,1828,PRODUCT
7346,1001871,1689,SUBSTRATE
7347,1001871,1823,SUBSTRATE
7348,1001871,1687,PRODUCT
7349,1001871,1812,PRODUCT
7350,1001871,1829,PRODUCT
7351,1001872,1689,SUBSTRATE
7352,1001872,1824,SUBSTRATE
7353,1001872,1687,PRODUCT
7354,1001872,1812,PRODUCT
7355,1001872,1830,PRODUCT
7356,1001873,1689,SUBSTRATE
7357,1001873,1825,SUBSTRATE
7358,1001873,1687,PRODUCT
7359,1001873,1812,PRODUCT
7360,1001873,1831,PRODUCT
7361,1001874,1689,SUBSTRATE
7362,1001874,1826,SUBSTRATE
7363,1001874,1687,PRODUCT
7364,1001874,1812,PRODUCT
7365,1001874,1832,PRODUCT
7366,1001875,1691,SUBSTRATE
7367,1001875,1820,SUBSTRATE
7368,1001875,1687,PRODUCT
7369,1001875,1812,PRODUCT
7370,1001875,1833,PRODUCT
7371,1001876,1691,SUBSTRATE
7372,1001876,1822,SUBSTRATE
7373,1001876,1687,PRODUCT
7374,1001876,1812,PRODUCT
7375,1001876,1834,PRODUCT
7376,1001877,1691,SUBSTRATE
7377,1001877,1823,SUBSTRATE
7378,1001877,1687,PRODUCT
7379,1001877,1812,PRODUCT
7380,1001877,1835,PRODUCT
7381,1001878,1691,SUBSTRATE
7382,1001878,1824,SUBSTRATE
7383,1001878,1687,PRODUCT
7384,1001878,1812,PRODUCT
7385,1001878,1836,PRODUCT
7386,1001879,1691,SUBSTRATE
7387,1001879,1825,SUBSTRATE
7388,1001879,1687,PRODUCT
7389,1001879,1812,PRODUCT
7390,1001879,1837,PRODUCT
7391,1001880,1691,SUBSTRATE
7392,1001880,1826,SUBSTRATE
7393,1001880,1687,PRODUCT
7394,1001880,1812,PRODUCT
7395,1001880,1838,PRODUCT
7396,1001881,1693,SUBSTRATE
7397,1001881,1820,SUBSTRATE
7398,1001881,1687,PRODUCT
7399,1001881,1812,PRODUCT
7400,1001881,1839,PRODUCT
7401,1001882,1693,SUBSTRATE
7402,1001882,1822,SUBSTRATE
7403,1001882,1687,PRODUCT
7404,1001882,1812,PRODUCT
7405,1001882,1840,PRODUCT
7406,1001883,1693,SUBSTRATE
7407,1001883,1823,SUBSTRATE
7408,1001883,1687,PRODUCT
7409,1001883,1812,PRODUCT
7410,1001883,1841,PRODUCT
7411,1001884,1693,SUBSTRATE
7412,1001884,1824,SUBSTRATE
7413,1001884,1687,PRODUCT
7414,1001884,1812,PRODUCT
7415,1001884,1842,PRODUCT
7416,1001885,1693,SUBSTRATE
7417,1001885,1825,SUBSTRATE
7418,1001885,1687,PRODUCT
7419,1001885,1812,PRODUCT
7420,1001885,1843,PRODUCT
7421,1001886,1693,SUBSTRATE
7422,1001886,1826,SUBSTRATE
7423,1001886,1687,PRODUCT
7424,1001886,1812,PRODUCT
7425,1001886,1844,PRODUCT
7426,1001887,1695,SUBSTRATE
7427,1001887,1820,SUBSTRATE
7428,1001887,1687,PRODUCT
7429,1001887,1812,PRODUCT
7430,1001887,1845,PRODUCT
7431,1001888,1695,SUBSTRATE
7432,1001888,1822,SUBSTRATE
7433,1001888,1687,PRODUCT
7434,1001888,1812,PRODUCT
7435,1001888,1846,PRODUCT
7436,1001889,1695,SUBSTRATE
7437,1001889,1823,SUBSTRATE
7438,1001889,1687,PRODUCT
7439,1001889,1812,PRODUCT
7440,1001889,1847,PRODUCT
7441,1001890,1695,SUBSTRATE
7442,1001890,1824,SUBSTRATE
7443,1001890,1687,PRODUCT
7444,1001890,1812,PRODUCT
7445,1001890,1848,PRODUCT
7446,1001891,1695,SUBSTRATE
7447,1001891,1825,SUBSTRATE
7448,1001891,1687,PRODUCT
7449,1001891,1812,PRODUCT
7450,1001891,1849,PRODUCT
7451,1001892,1695,SUBSTRATE
7452,1001892,1826,SUBSTRATE
7453,1001892,1687,PRODUCT
7454,1001892,1812,PRODUCT
7455,1001892,1850,PRODUCT
7456,1001893,1697,SUBSTRATE
7457,1001893,1820,SUBSTRATE
7458,1001893,1687,PRODUCT
7459,1001893,1812,PRODUCT
7460,1001893,1851,PRODUCT
7461,1001894,1697,SUBSTRATE
7462,1001894,1822,SUBSTRATE
7463,1001894,1687,PRODUCT
7464,1001894,1812,PRODUCT
7465,1001894,1852,PRODUCT
7466,1001895,1697,SUBSTRATE
7467,1001895,1823,SUBSTRATE
7468,1001895,1687,PRODUCT
7469,1001895,1812,PRODUCT
7470,1001895,1853,PRODUCT
7471,1001896,1697,SUBSTRATE
7472,1001896,1824,SUBSTRATE
7473,1001896,1687,PRODUCT
7474,1001896,1812,PRODUCT
7475,1001896,1854,PRODUCT
7476,1001897,1697,SUBSTRATE
7477,1001897,1825,SUBSTRATE
7478,1001897,1687,PRODUCT
7479,1001897,1812,PRODUCT
7480,1001897,1855,PRODUCT
7481,1001898,1697,SUBSTRATE
7482,1001898,1826,SUBSTRATE
7483,1001898,1687,PRODUCT
7484,1001898,1812,PRODUCT
7485,1001898,1856,PRODUCT
7486,1001899,1699,SUBSTRATE
7487,1001899,1820,SUBSTRATE
7488,1001899,1687,PRODUCT
7489,1001899,1812,PRODUCT
7490,1001899,1857,PRODUCT
7491,1001900,1699,SUBSTRATE
7492,1001900,1822,SUBSTRATE
7493,1001900,1687,PRODUCT
7494,1001900,1812,PRODUCT
7495,1001900,1858,PRODUCT
7496,1001901,1699,SUBSTRATE
7497,1001901,1823,SUBSTRATE
7498,1001901,1687,PRODUCT
7499,1001901,1812,PRODUCT
7500,1001901,1859,PRODUCT
7501,1001902,1699,SUBSTRATE
7502,1001902,1824,SUBSTRATE
7503,1001902,1687,PRODUCT
7504,1001902,1812,PRODUCT
7505,1001902,1860,PRODUCT
7506,1001903,1699,SUBSTRATE
7507,1001903,1825,SUBSTRATE
7508,1001903,1687,PRODUCT
7509,1001903,1812,PRODUCT
7510,1001903,1861,PRODUCT
7511,1001904,1699,SUBSTRATE
7512,1001904,1826,SUBSTRATE
7513,1001904,1687,PRODUCT
7514,1001904,1812,PRODUCT
7515,1001904,1862,PRODUCT
7516,1001905,1819,SUBSTRATE
7517,1001905,1827,SUBSTRATE
7518,1001905,1687,PRODUCT
7519,1001905,1863,PRODUCT
7520,1001905,1864,PRODUCT
7521,1001906,1819,SUBSTRATE
7522,1001906,1828,SUBSTRATE
7523,1001906,1687,PRODUCT
7524,1001906,1864,PRODUCT
7525,1001906,1865,PRODUCT
7526,1001907,1819,SUBSTRATE
7527,1001907,1829,SUBSTRATE
7528,1001907,1687,PRODUCT
7529,1001907,1864,PRODUCT
7530,1001907,1866,PRODUCT
7531,1001908,1819,SUBSTRATE
7532,1001908,1830,SUBSTRATE
7533,1001908,1687,PRODUCT
7534,1001908,1864,PRODUCT
7535,1001908,1867,PRODUCT
7536,1001909,1819,SUBSTRATE
7537,1001909,1831,SUBSTRATE
7538,1001909,1687,PRODUCT
7539,1001909,1864,PRODUCT
7540,1001909,1868,PRODUCT
7541,1001910,1819,SUBSTRATE
7542,1001910,1832,SUBSTRATE
7543,1001910,1687,PRODUCT
7544,1001910,1864,PRODUCT
7545,1001910,1869,PRODUCT
7546,1001911,1819,SUBSTRATE
7547,1001911,1839,SUBSTRATE
7548,1001911,1687,PRODUCT
7549,1001911,1863,PRODUCT
7550,1001911,1870,PRODUCT
7551,1001912,1819,SUBSTRATE
7552,1001912,1840,SUBSTRATE
7553,1001912,1687,PRODUCT
7554,1001912,1865,PRODUCT
7555,1001912,1870,PRODUCT
7556,1001913,1819,SUBSTRATE
7557,1001913,1841,SUBSTRATE
7558,1001913,1687,PRODUCT
7559,1001913,1866,PRODUCT
7560,1001913,1870,PRODUCT
7561,1001914,1819,SUBSTRATE
7562,1001914,1842,SUBSTRATE
7563,1001914,1687,PRODUCT
7564,1001914,1867,PRODUCT
7565,1001914,1870,PRODUCT
7566,1001915,1819,SUBSTRATE
7567,1001915,1843,SUBSTRATE
7568,1001915,1687,PRODUCT
7569,1001915,1868,PRODUCT
7570,1001915,1870,PRODUCT
7571,1001916,1819,SUBSTRATE
7572,1001916,1844,SUBSTRATE
7573,1001916,1687,PRODUCT
7574,1001916,1869,PRODUCT
7575,1001916,1870,PRODUCT
7576,1001917,1819,SUBSTRATE
7577,1001917,1851,SUBSTRATE
7578,1001917,1687,PRODUCT
7579,1001917,1864,PRODUCT
7580,1001917,1871,PRODUCT
7581,1001918,1819,SUBSTRATE
7582,1001918,1852,SUBSTRATE
7583,1001918,1687,PRODUCT
7584,1001918,1864,PRODUCT
7585,1001918,1872,PRODUCT
7586,1001919,1819,SUBSTRATE
7587,1001919,1853,SUBSTRATE
7588,1001919,1687,PRODUCT
7589,1001919,1864,PRODUCT
7590,1001919,1873,PRODUCT
7591,1001920,1819,SUBSTRATE
7592,1001920,1854,SUBSTRATE
7593,1001920,1687,PRODUCT
7594,1001920,1864,PRODUCT
7595,1001920,1874,PRODUCT
7596,1001921,1819,SUBSTRATE
7597,1001921,1855,SUBSTRATE
7598,1001921,1687,PRODUCT
7599,1001921,1864,PRODUCT
7600,1001921,1875,PRODUCT
7601,1001922,1819,SUBSTRATE
7602,1001922,1856,SUBSTRATE
7603,1001922,1687,PRODUCT
7604,1001922,1864,PRODUCT
7605,1001922,1876,PRODUCT
7606,1001923,1819,SUBSTRATE
7607,1001923,1827,SUBSTRATE
7608,1001923,1687,PRODUCT
7609,1001923,1864,PRODUCT
7610,1001923,1877,PRODUCT
7611,1001924,1819,SUBSTRATE
7612,1001924,1829,SUBSTRATE
7613,1001924,1687,PRODUCT
7614,1001924,1870,PRODUCT
7615,1001924,1877,PRODUCT
7616,1001925,1819,SUBSTRATE
7617,1001925,1831,SUBSTRATE
7618,1001925,1687,PRODUCT
7619,1001925,1864,PRODUCT
7620,1001925,1878,PRODUCT
7621,1001926,1819,SUBSTRATE
7622,1001926,1833,SUBSTRATE
7623,1001926,1687,PRODUCT
7624,1001926,1864,PRODUCT
7625,1001926,1879,PRODUCT
7626,1001927,1819,SUBSTRATE
7627,1001927,1835,SUBSTRATE
7628,1001927,1687,PRODUCT
7629,1001927,1870,PRODUCT
7630,1001927,1879,PRODUCT
7631,1001928,1819,SUBSTRATE
7632,1001928,1837,SUBSTRATE
7633,1001928,1687,PRODUCT
7634,1001928,1864,PRODUCT
7635,1001928,1880,PRODUCT
7636,1001929,1819,SUBSTRATE
7637,1001929,1839,SUBSTRATE
7638,1001929,1687,PRODUCT
7639,1001929,1864,PRODUCT
7640,1001929,1881,PRODUCT
7641,1001930,1819,SUBSTRATE
7642,1001930,1841,SUBSTRATE
7643,1001930,1687,PRODUCT
7644,1001930,1870,PRODUCT
7645,1001930,1881,PRODUCT
7646,1001931,1819,SUBSTRATE
7647,1001931,1843,SUBSTRATE
7648,1001931,1687,PRODUCT
7649,1001931,1864,PRODUCT
7650,1001931,1882,PRODUCT
7651,1001932,1819,SUBSTRATE
7652,1001932,1845,SUBSTRATE
7653,1001932,1687,PRODUCT
7654,1001932,1864,PRODUCT
7655,1001932,1883,PRODUCT
7656,1001933,1819,SUBSTRATE
7657,1001933,1847,SUBSTRATE
7658,1001933,1687,PRODUCT
7659,1001933,1870,PRODUCT
7660,1001933,1883,PRODUCT
7661,1001934,1819,SUBSTRATE
7662,1001934,1849,SUBSTRATE
7663,1001934,1687,PRODUCT
7664,1001934,1864,PRODUCT
7665,1001934,1884,PRODUCT
7666,1001935,1819,SUBSTRATE
7667,1001935,1851,SUBSTRATE
7668,1001935,1687,PRODUCT
7669,1001935,1864,PRODUCT
7670,1001935,1885,PRODUCT
7671,1001936,1819,SUBSTRATE
7672,1001936,1853,SUBSTRATE
7673,1001936,1687,PRODUCT
7674,1001936,1870,PRODUCT
7675,1001936,1885,PRODUCT
7676,1001937,1819,SUBSTRATE
7677,1001937,1855,SUBSTRATE
7678,1001937,1687,PRODUCT
7679,1001937,1864,PRODUCT
7680,1001937,1886,PRODUCT
7681,1001938,1819,SUBSTRATE
7682,1001938,1857,SUBSTRATE
7683,1001938,1687,PRODUCT
7684,1001938,1864,PRODUCT
7685,1001938,1887,PRODUCT
7686,1001939,1819,SUBSTRATE
7687,1001939,1859,SUBSTRATE
7688,1001939,1687,PRODUCT
7689,1001939,1870,PRODUCT
7690,1001939,1887,PRODUCT
7691,1001940,1819,SUBSTRATE
7692,1001940,1861,SUBSTRATE
7693,1001940,1687,PRODUCT
7694,1001940,1864,PRODUCT
7695,1001940,1888,PRODUCT
7696,1001941,1863,SUBSTRATE
7697,1001941,1889,SUBSTRATE
7698,1001941,1833,PRODUCT
7699,1001941,1890,PRODUCT
7700,1001942,1863,SUBSTRATE
7701,1001942,1891,SUBSTRATE
7702,1001942,1833,PRODUCT
7703,1001942,1892,PRODUCT
7704,1001943,1863,SUBSTRATE
7705,1001943,1893,SUBSTRATE
7706,1001943,1833,PRODUCT
7707,1001943,1894,PRODUCT
7708,1001944,1863,SUBSTRATE
7709,1001944,1895,SUBSTRATE
7710,1001944,1833,PRODUCT
7711,1001944,1896,PRODUCT
7712,1001945,1863,SUBSTRATE
7713,1001945,1897,SUBSTRATE
7714,1001945,1845,PRODUCT
7715,1001945,1890,PRODUCT
7716,1001946,1863,SUBSTRATE
7717,1001946,1898,SUBSTRATE
7718,1001946,1845,PRODUCT
7719,1001946,1892,PRODUCT
7720,1001947,1863,SUBSTRATE
7721,1001947,1899,SUBSTRATE
7722,1001947,1845,PRODUCT
7723,1001947,1894,PRODUCT
7724,1001948,1863,SUBSTRATE
7725,1001948,1900,SUBSTRATE
7726,1001948,1845,PRODUCT
7727,1001948,1896,PRODUCT
7728,1001949,1865,SUBSTRATE
7729,1001949,1889,SUBSTRATE
7730,1001949,1834,PRODUCT
7731,1001949,1890,PRODUCT
7732,1001950,1865,SUBSTRATE
7733,1001950,1891,SUBSTRATE
7734,1001950,1834,PRODUCT
7735,1001950,1892,PRODUCT
7736,1001951,1865,SUBSTRATE
7737,1001951,1893,SUBSTRATE
7738,1001951,1834,PRODUCT
7739,1001951,1894,PRODUCT
7740,1001952,1865,SUBSTRATE
7741,1001952,1895,SUBSTRATE
7742,1001952,1834,PRODUCT
7743,1001952,1896,PRODUCT
7744,1001953,1865,SUBSTRATE
7745,1001953,1897,SUBSTRATE
7746,1001953,1846,PRODUCT
7747,1001953,1890,PRODUCT
7748,1001954,1865,SUBSTRATE
7749,1001954,1898,SUBSTRATE
7750,1001954,1846,PRODUCT
7751,1001954,1892,PRODUCT
7752,1001955,1865,SUBSTRATE
7753,1001955,1899,SUBSTRATE
7754,1001955,1846,PRODUCT
7755,1001955,1894,PRODUCT
7756,1001956,1865,SUBSTRATE
7757,1001956,1900,SUBSTRATE
7758,1001956,1846,PRODUCT
7759,1001956,1896,PRODUCT
7760,1001957,1866,SUBSTRATE
7761,1001957,1889,SUBSTRATE
7762,1001957,1835,PRODUCT
7763,1001957,1890,PRODUCT
7764,1001958,1866,SUBSTRATE
7765,1001958,1891,SUBSTRATE
7766,1001958,1835,PRODUCT
7767,1001958,1892,PRODUCT
7768,1001959,1866,SUBSTRATE
7769,1001959,1893,SUBSTRATE
7770,1001959,1835,PRODUCT
7771,1001959,1894,PRODUCT
7772,1001960,1866,SUBSTRATE
7773,1001960,1895,SUBSTRATE
7774,1001960,1835,PRODUCT
7775,1001960,1896,PRODUCT
7776,1001961,1866,SUBSTRATE
7777,1001961,1897,SUBSTRATE
7778,1001961,1847,PRODUCT
7779,1001961,1890,PRODUCT
7780,1001962,1866,SUBSTRATE
7781,1001962,1898,SUBSTRATE
7782,1001962,1847,PRODUCT
7783,1001962,1892,PRODUCT
7784,1001963,1866,SUBSTRATE
7785,1001963,1899,SUBSTRATE
7786,1001963,1847,PRODUCT
7787,1001963,1894,PRODUCT
7788,1001964,1866,SUBSTRATE
7789,1001964,1900,SUBSTRATE
7790,1001964,1847,PRODUCT
7791,1001964,1896,PRODUCT
7792,1001965,1867,SUBSTRATE
7793,1001965,1889,SUBSTRATE
7794,1001965,1836,PRODUCT
7795,1001965,1890,PRODUCT
7796,1001966,1867,SUBSTRATE
7797,1001966,1891,SUBSTRATE
7798,1001966,1836,PRODUCT
7799,1001966,1892,PRODUCT
7800,1001967,1867,SUBSTRATE
7801,1001967,1893,SUBSTRATE
7802,1001967,1836,PRODUCT
7803,1001967,1894,PRODUCT
7804,1001968,1867,SUBSTRATE
7805,1001968,1895,SUBSTRATE
7806,1001968,1836,PRODUCT
7807,1001968,1896,PRODUCT
7808,1001969,1867,SUBSTRATE
7809,1001969,1897,SUBSTRATE
7810,1001969,1848,PRODUCT
7811,1001969,1890,PRODUCT
7812,1001970,1867,SUBSTRATE
7813,1001970,1898,SUBSTRATE
7814,1001970,1848,PRODUCT
7815,1001970,1892,PRODUCT
7816,1001971,1867,SUBSTRATE
7817,1001971,1899,SUBSTRATE
7818,1001971,1848,PRODUCT
7819,1001971,1894,PRODUCT
7820,1001972,1867,SUBSTRATE
7821,1001972,1900,SUBSTRATE
7822,1001972,1848,PRODUCT
7823,1001972,1896,PRODUCT
7824,1001973,1868,SUBSTRATE
7825,1001973,1889,SUBSTRATE
7826,1001973,1837,PRODUCT
7827,1001973,1890,PRODUCT
7828,1001974,1868,SUBSTRATE
7829,1001974,1891,SUBSTRATE
7830,1001974,1837,PRODUCT
7831,1001974,1892,PRODUCT
7832,1001975,1868,SUBSTRATE
7833,1001975,1893,SUBSTRATE
7834,1001975,1837,PRODUCT
7835,1001975,1894,PRODUCT
7836,1001976,1868,SUBSTRATE
7837,1001976,1895,SUBSTRATE
7838,1001976,1837,PRODUCT
7839,1001976,1896,PRODUCT
7840,1001977,1868,SUBSTRATE
7841,1001977,1897,SUBSTRATE
7842,1001977,1849,PRODUCT
7843,1001977,1890,PRODUCT
7844,1001978,1868,SUBSTRATE
7845,1001978,1898,SUBSTRATE
7846,1001978,1849,PRODUCT
7847,1001978,1892,PRODUCT
7848,1001979,1868,SUBSTRATE
7849,1001979,1899,SUBSTRATE
7850,1001979,1849,PRODUCT
7851,1001979,1894,PRODUCT
7852,1001980,1868,SUBSTRATE
7853,1001980,1900,SUBSTRATE
7854,1001980,1849,PRODUCT
7855,1001980,1896,PRODUCT
7856,1001981,1869,SUBSTRATE
7857,1001981,1889,SUBSTRATE
7858,1001981,1838,PRODUCT
7859,1001981,1890,PRODUCT
7860,1001982,1869,SUBSTRATE
7861,1001982,1891,SUBSTRATE
7862,1001982,1838,PRODUCT
7863,1001982,1892,PRODUCT
7864,1001983,1869,SUBSTRATE
7865,1001983,1893,SUBSTRATE
7866,1001983,1838,PRODUCT
7867,1001983,1894,PRODUCT
7868,1001984,1869,SUBSTRATE
7869,1001984,1895,SUBSTRATE
7870,1001984,1838,PRODUCT
7871,1001984,1896,PRODUCT
7872,1001985,1869,SUBSTRATE
7873,1001985,1897,SUBSTRATE
7874,1001985,1850,PRODUCT
7875,1001985,1890,PRODUCT
7876,1001986,1869,SUBSTRATE
7877,1001986,1898,SUBSTRATE
7878,1001986,1850,PRODUCT
7879,1001986,1892,PRODUCT
7880,1001987,1869,SUBSTRATE
7881,1001987,1899,SUBSTRATE
7882,1001987,1850,PRODUCT
7883,1001987,1894,PRODUCT
7884,1001988,1869,SUBSTRATE
7885,1001988,1900,SUBSTRATE
7886,1001988,1850,PRODUCT
7887,1001988,1896,PRODUCT
7888,1001989,1871,SUBSTRATE
7889,1001989,1889,SUBSTRATE
7890,1001989,1857,PRODUCT
7891,1001989,1890,PRODUCT
7892,1001990,1871,SUBSTRATE
7893,1001990,1891,SUBSTRATE
7894,1001990,1857,PRODUCT
7895,1001990,1892,PRODUCT
7896,1001991,1871,SUBSTRATE
7897,1001991,1893,SUBSTRATE
7898,1001991,1857,PRODUCT
7899,1001991,1894,PRODUCT
7900,1001992,1871,SUBSTRATE
7901,1001992,1895,SUBSTRATE
7902,1001992,1857,PRODUCT
7903,1001992,1896,PRODUCT
7904,1001993,1871,SUBSTRATE
7905,1001993,1897,SUBSTRATE
7906,1001993,1890,PRODUCT
7907,1001993,1901,PRODUCT
7908,1001994,1871,SUBSTRATE
7909,1001994,1898,SUBSTRATE
7910,1001994,1892,PRODUCT
7911,1001994,1901,PRODUCT
7912,1001995,1871,SUBSTRATE
7913,1001995,1899,SUBSTRATE
7914,1001995,1894,PRODUCT
7915,1001995,1901,PRODUCT
7916,1001996,1871,SUBSTRATE
7917,1001996,1900,SUBSTRATE
7918,1001996,1896,PRODUCT
7919,1001996,1901,PRODUCT
7920,1001997,1872,SUBSTRATE
7921,1001997,1889,SUBSTRATE
7922,1001997,1858,PRODUCT
7923,1001997,1890,PRODUCT
7924,1001998,1872,SUBSTRATE
7925,1001998,1891,SUBSTRATE
7926,1001998,1858,PRODUCT
7927,1001998,1892,PRODUCT
7928,1001999,1872,SUBSTRATE
7929,1001999,1893,SUBSTRATE
7930,1001999,1858,PRODUCT
7931,1001999,1894,PRODUCT
7932,1002000,1872,SUBSTRATE
7933,1002000,1895,SUBSTRATE
7934,1002000,1858,PRODUCT
7935,1002000,1896,PRODUCT
7936,1002001,1872,SUBSTRATE
7937,1002001,1897,SUBSTRATE
7938,1002001,1890,PRODUCT
7939,1002001,1902,PRODUCT
7940,1002002,1872,SUBSTRATE
7941,1002002,1898,SUBSTRATE
7942,1002002,1892,PRODUCT
7943,1002002,1902,PRODUCT
7944,1002003,1872,SUBSTRATE
7945,1002003,1899,SUBSTRATE
7946,1002003,1894,PRODUCT
7947,1002003,1902,PRODUCT
7948,1002004,1872,SUBSTRATE
7949,1002004,1900,SUBSTRATE
7950,1002004,1896,PRODUCT
7951,1002004,1902,PRODUCT
7952,1002005,1873,SUBSTRATE
7953,1002005,1889,SUBSTRATE
7954,1002005,1859,PRODUCT
7955,1002005,1890,PRODUCT
7956,1002006,1873,SUBSTRATE
7957,1002006,1891,SUBSTRATE
7958,1002006,1859,PRODUCT
7959,1002006,1892,PRODUCT
7960,1002007,1873,SUBSTRATE
7961,1002007,1893,SUBSTRATE
7962,1002007,1859,PRODUCT
7963,1002007,1894,PRODUCT
7964,1002008,1873,SUBSTRATE
7965,1002008,1895,SUBSTRATE
7966,1002008,1859,PRODUCT
7967,1002008,1896,PRODUCT
7968,1002009,1873,SUBSTRATE
7969,1002009,1897,SUBSTRATE
7970,1002009,1890,PRODUCT
7971,1002009,1903,PRODUCT
7972,1002010,1873,SUBSTRATE
7973,1002010,1898,SUBSTRATE
7974,1002010,1892,PRODUCT
7975,1002010,1903,PRODUCT
7976,1002011,1873,SUBSTRATE
7977,1002011,1899,SUBSTRATE
7978,1002011,1894,PRODUCT
7979,1002011,1903,PRODUCT
7980,1002012,1873,SUBSTRATE
7981,1002012,1900,SUBSTRATE
7982,1002012,1896,PRODUCT
7983,1002012,1903,PRODUCT
7984,1002013,1874,SUBSTRATE
7985,1002013,1889,SUBSTRATE
7986,1002013,1860,PRODUCT
7987,1002013,1890,PRODUCT
7988,1002014,1874,SUBSTRATE
7989,1002014,1891,SUBSTRATE
7990,1002014,1860,PRODUCT
7991,1002014,1892,PRODUCT
7992,1002015,1874,SUBSTRATE
7993,1002015,1893,SUBSTRATE
7994,1002015,1860,PRODUCT
7995,1002015,1894,PRODUCT
7996,1002016,1874,SUBSTRATE
7997,1002016,1895,SUBSTRATE
7998,1002016,1860,PRODUCT
7999,1002016,1896,PRODUCT
8000,1002017,1874,SUBSTRATE
8001,1002017,1897,SUBSTRATE
8002,1002017,1890,PRODUCT
8003,1002017,1904,PRODUCT
8004,1002018,1874,SUBSTRATE
8005,1002018,1898,SUBSTRATE
8006,1002018,1892,PRODUCT
8007,1002018,1904,PRODUCT
8008,1002019,1874,SUBSTRATE
8009,1002019,1899,SUBSTRATE
8010,1002019,1894,PRODUCT
8011,1002019,1904,PRODUCT
8012,1002020,1874,SUBSTRATE
8013,1002020,1900,SUBSTRATE
8014,1002020,1896,PRODUCT
8015,1002020,1904,PRODUCT
8016,1002021,1875,SUBSTRATE
8017,1002021,1889,SUBSTRATE
8018,1002021,1861,PRODUCT
8019,1002021,1890,PRODUCT
8020,1002022,1875,SUBSTRATE
8021,1002022,1891,SUBSTRATE
8022,1002022,1861,PRODUCT
8023,1002022,1892,PRODUCT
8024,1002023,1875,SUBSTRATE
8025,1002023,1893,SUBSTRATE
8026,1002023,1861,PRODUCT
8027,1002023,1894,PRODUCT
8028,1002024,1875,SUBSTRATE
8029,1002024,1895,SUBSTRATE
8030,1002024,1861,PRODUCT
8031,1002024,1896,PRODUCT
8032,1002025,1875,SUBSTRATE
8033,1002025,1897,SUBSTRATE
8034,1002025,1890,PRODUCT
8035,1002025,1905,PRODUCT
8036,1002026,1875,SUBSTRATE
8037,1002026,1898,SUBSTRATE
8038,1002026,1892,PRODUCT
8039,1002026,1905,PRODUCT
8040,1002027,1875,SUBSTRATE
8041,1002027,1899,SUBSTRATE
8042,1002027,1894,PRODUCT
8043,1002027,1905,PRODUCT
8044,1002028,1875,SUBSTRATE
8045,1002028,1900,SUBSTRATE
8046,1002028,1896,PRODUCT
8047,1002028,1905,PRODUCT
8048,1002029,1876,SUBSTRATE
8049,1002029,1889,SUBSTRATE
8050,1002029,1862,PRODUCT
8051,1002029,1890,PRODUCT
8052,1002030,1876,SUBSTRATE
8053,1002030,1891,SUBSTRATE
8054,1002030,1862,PRODUCT
8055,1002030,1892,PRODUCT
8056,1002031,1876,SUBSTRATE
8057,1002031,1893,SUBSTRATE
8058,1002031,1862,PRODUCT
8059,1002031,1894,PRODUCT
8060,1002032,1876,SUBSTRATE
8061,1002032,1895,SUBSTRATE
8062,1002032,1862,PRODUCT
8063,1002032,1896,PRODUCT
8064,1002033,1876,SUBSTRATE
8065,1002033,1897,SUBSTRATE
8066,1002033,1890,PRODUCT
8067,1002033,1906,PRODUCT
8068,1002034,1876,SUBSTRATE
8069,1002034,1898,SUBSTRATE
8070,1002034,1892,PRODUCT
8071,1002034,1906,PRODUCT
8072,1002035,1876,SUBSTRATE
8073,1002035,1899,SUBSTRATE
8074,1002035,1894,PRODUCT
8075,1002035,1906,PRODUCT
8076,1002036,1876,SUBSTRATE
8077,1002036,1900,SUBSTRATE
8078,1002036,1896,PRODUCT
8079,1002036,1906,PRODUCT
8080,1002037,1877,SUBSTRATE
8081,1002037,1889,SUBSTRATE
8082,1002037,1828,PRODUCT
8083,1002037,1890,PRODUCT
8084,1002038,1877,SUBSTRATE
8085,1002038,1891,SUBSTRATE
8086,1002038,1828,PRODUCT
8087,1002038,1892,PRODUCT
8088,1002039,1877,SUBSTRATE
8089,1002039,1893,SUBSTRATE
8090,1002039,1828,PRODUCT
8091,1002039,1894,PRODUCT
8092,1002040,1877,SUBSTRATE
8093,1002040,1895,SUBSTRATE
8094,1002040,1828,PRODUCT
8095,1002040,1896,PRODUCT
8096,1002041,1877,SUBSTRATE
8097,1002041,1897,SUBSTRATE
8098,1002041,1830,PRODUCT
8099,1002041,1890,PRODUCT
8100,1002042,1877,SUBSTRATE
8101,1002042,1898,SUBSTRATE
8102,1002042,1830,PRODUCT
8103,1002042,1892,PRODUCT
8104,1002043,1877,SUBSTRATE
8105,1002043,1899,SUBSTRATE
8106,1002043,1830,PRODUCT
8107,1002043,1894,PRODUCT
8108,1002044,1877,SUBSTRATE
8109,1002044,1900,SUBSTRATE
8110,1002044,1830,PRODUCT
8111,1002044,1896,PRODUCT
8112,1002045,1878,SUBSTRATE
8113,1002045,1889,SUBSTRATE
8114,1002045,1832,PRODUCT
8115,1002045,1890,PRODUCT
8116,1002046,1878,SUBSTRATE
8117,1002046,1891,SUBSTRATE
8118,1002046,1832,PRODUCT
8119,1002046,1892,PRODUCT
8120,1002047,1878,SUBSTRATE
8121,1002047,1893,SUBSTRATE
8122,1002047,1832,PRODUCT
8123,1002047,1894,PRODUCT
8124,1002048,1878,SUBSTRATE
8125,1002048,1895,SUBSTRATE
8126,1002048,1832,PRODUCT
8127,1002048,1896,PRODUCT
8128,1002049,1878,SUBSTRATE
8129,1002049,1897,SUBSTRATE
8130,1002049,1890,PRODUCT
8131,1002049,1907,PRODUCT
8132,1002050,1878,SUBSTRATE
8133,1002050,1898,SUBSTRATE
8134,1002050,1892,PRODUCT
8135,1002050,1907,PRODUCT
8136,1002051,1878,SUBSTRATE
8137,1002051,1899,SUBSTRATE
8138,1002051,1894,PRODUCT
8139,1002051,1907,PRODUCT
8140,1002052,1878,SUBSTRATE
8141,1002052,1900,SUBSTRATE
8142,1002052,1896,PRODUCT
8143,1002052,1907,PRODUCT
8144,1002053,1879,SUBSTRATE
8145,1002053,1889,SUBSTRATE
8146,1002053,1834,PRODUCT
8147,1002053,1890,PRODUCT
8148,1002054,1879,SUBSTRATE
8149,1002054,1891,SUBSTRATE
8150,1002054,1834,PRODUCT
8151,1002054,1892,PRODUCT
8152,1002055,1879,SUBSTRATE
8153,1002055,1893,SUBSTRATE
8154,1002055,1834,PRODUCT
8155,1002055,1894,PRODUCT
8156,1002056,1879,SUBSTRATE
8157,1002056,1895,SUBSTRATE
8158,1002056,1834,PRODUCT
8159,1002056,1896,PRODUCT
8160,1002057,1879,SUBSTRATE
8161,1002057,1897,SUBSTRATE
8162,1002057,1836,PRODUCT
8163,1002057,1890,PRODUCT
8164,1002058,1879,SUBSTRATE
8165,1002058,1898,SUBSTRATE
8166,1002058,1836,PRODUCT
8167,1002058,1892,PRODUCT
8168,1002059,1879,SUBSTRATE
8169,1002059,1899,SUBSTRATE
8170,1002059,1836,PRODUCT
8171,1002059,1894,PRODUCT
8172,1002060,1879,SUBSTRATE
8173,1002060,1900,SUBSTRATE
8174,1002060,1836,PRODUCT
8175,1002060,1896,PRODUCT
8176,1002061,1880,SUBSTRATE
8177,1002061,1889,SUBSTRATE
8178,1002061,1838,PRODUCT
8179,1002061,1890,PRODUCT
8180,1002062,1880,SUBSTRATE
8181,1002062,1891,SUBSTRATE
8182,1002062,1838,PRODUCT
8183,1002062,1892,PRODUCT
8184,1002063,1880,SUBSTRATE
8185,1002063,1893,SUBSTRATE
8186,1002063,1838,PRODUCT
8187,1002063,1894,PRODUCT
8188,1002064,1880,SUBSTRATE
8189,1002064,1895,SUBSTRATE
8190,1002064,1838,PRODUCT
8191,1002064,1896,PRODUCT
8192,1002065,1880,SUBSTRATE
8193,1002065,1897,SUBSTRATE
8194,1002065,1890,PRODUCT
8195,1002065,1908,PRODUCT
8196,1002066,1880,SUBSTRATE
8197,1002066,1898,SUBSTRATE
8198,1002066,1892,PRODUCT
8199,1002066,1908,PRODUCT
8200,1002067,1880,SUBSTRATE
8201,1002067,1899,SUBSTRATE
8202,1002067,1894,PRODUCT
8203,1002067,1908,PRODUCT
8204,1002068,1880,SUBSTRATE
8205,1002068,1900,SUBSTRATE
8206,1002068,1896,PRODUCT
8207,1002068,1908,PRODUCT
8208,1002069,1881,SUBSTRATE
8209,1002069,1889,SUBSTRATE
8210,1002069,1840,PRODUCT
8211,1002069,1890,PRODUCT
8212,1002070,1881,SUBSTRATE
8213,1002070,1891,SUBSTRATE
8214,1002070,1840,PRODUCT
8215,1002070,1892,PRODUCT
8216,1002071,1881,SUBSTRATE
8217,1002071,1893,SUBSTRATE
8218,1002071,1840,PRODUCT
8219,1002071,1894,PRODUCT
8220,1002072,1881,SUBSTRATE
8221,1002072,1895,SUBSTRATE
8222,1002072,1840,PRODUCT
8223,1002072,1896,PRODUCT
8224,1002073,1881,SUBSTRATE
8225,1002073,1897,SUBSTRATE
8226,1002073,1842,PRODUCT
8227,1002073,1890,PRODUCT
8228,1002074,1881,SUBSTRATE
8229,1002074,1898,SUBSTRATE
8230,1002074,1842,PRODUCT
8231,1002074,1892,PRODUCT
8232,1002075,1881,SUBSTRATE
8233,1002075,1899,SUBSTRATE
8234,1002075,1842,PRODUCT
8235,1002075,1894,PRODUCT
8236,1002076,1881,SUBSTRATE
8237,1002076,1900,SUBSTRATE
8238,1002076,1842,PRODUCT
8239,1002076,1896,PRODUCT
8240,1002077,1882,SUBSTRATE
8241,1002077,1889,SUBSTRATE
8242,1002077,1844,PRODUCT
8243,1002077,1890,PRODUCT
8244,1002078,1882,SUBSTRATE
8245,1002078,1891,SUBSTRATE
8246,1002078,1844,PRODUCT
8247,1002078,1892,PRODUCT
8248,1002079,1882,SUBSTRATE
8249,1002079,1893,SUBSTRATE
8250,1002079,1844,PRODUCT
8251,1002079,1894,PRODUCT
8252,1002080,1882,SUBSTRATE
8253,1002080,1895,SUBSTRATE
8254,1002080,1844,PRODUCT
8255,1002080,1896,PRODUCT
8256,1002081,1882,SUBSTRATE
8257,1002081,1897,SUBSTRATE
8258,1002081,1890,PRODUCT
8259,1002081,1909,PRODUCT
8260,1002082,1882,SUBSTRATE
8261,1002082,1898,SUBSTRATE
8262,1002082,1892,PRODUCT
8263,1002082,1909,PRODUCT
8264,1002083,1882,SUBSTRATE
8265,1002083,1899,SUBSTRATE
8266,1002083,1894,PRODUCT
8267,1002083,1909,PRODUCT
8268,1002084,1882,SUBSTRATE
8269,1002084,1900,SUBSTRATE
8270,1002084,1896,PRODUCT
8271,1002084,1909,PRODUCT
8272,1002085,1883,SUBSTRATE
8273,1002085,1889,SUBSTRATE
8274,1002085,1846,PRODUCT
8275,1002085,1890,PRODUCT
8276,1002086,1883,SUBSTRATE
8277,1002086,1891,SUBSTRATE
8278,1002086,1846,PRODUCT
8279,1002086,1892,PRODUCT
8280,1002087,1883,SUBSTRATE
8281,1002087,1893,SUBSTRATE
8282,1002087,1846,PRODUCT
8283,1002087,1894,PRODUCT
8284,1002088,1883,SUBSTRATE
8285,1002088,1895,SUBSTRATE
8286,1002088,1846,PRODUCT
8287,1002088,1896,PRODUCT
8288,1002089,1883,SUBSTRATE
8289,1002089,1897,SUBSTRATE
8290,1002089,1848,PRODUCT
8291,1002089,1890,PRODUCT
8292,1002090,1883,SUBSTRATE
8293,1002090,1898,SUBSTRATE
8294,1002090,1848,PRODUCT
8295,1002090,1892,PRODUCT
8296,1002091,1883,SUBSTRATE
8297,1002091,1899,SUBSTRATE
8298,1002091,1848,PRODUCT
8299,1002091,1894,PRODUCT
8300,1002092,1883,SUBSTRATE
8301,1002092,1900,SUBSTRATE
8302,1002092,1848,PRODUCT
8303,1002092,1896,PRODUCT
8304,1002093,1884,SUBSTRATE
8305,1002093,1889,SUBSTRATE
8306,1002093,1850,PRODUCT
8307,1002093,1890,PRODUCT
8308,1002094,1884,SUBSTRATE
8309,1002094,1891,SUBSTRATE
8310,1002094,1850,PRODUCT
8311,1002094,1892,PRODUCT
8312,1002095,1884,SUBSTRATE
8313,1002095,1893,SUBSTRATE
8314,1002095,1850,PRODUCT
8315,1002095,1894,PRODUCT
8316,1002096,1884,SUBSTRATE
8317,1002096,1895,SUBSTRATE
8318,1002096,1850,PRODUCT
8319,1002096,1896,PRODUCT
8320,1002097,1884,SUBSTRATE
8321,1002097,1897,SUBSTRATE
8322,1002097,1890,PRODUCT
8323,1002097,1910,PRODUCT
8324,1002098,1884,SUBSTRATE
8325,1002098,1898,SUBSTRATE
8326,1002098,1892,PRODUCT
8327,1002098,1910,PRODUCT
8328,1002099,1884,SUBSTRATE
8329,1002099,1899,SUBSTRATE
8330,1002099,1894,PRODUCT
8331,1002099,1910,PRODUCT
8332,1002100,1884,SUBSTRATE
8333,1002100,1900,SUBSTRATE
8334,1002100,1896,PRODUCT
8335,1002100,1910,PRODUCT
8336,1002101,1885,SUBSTRATE
8337,1002101,1889,SUBSTRATE
8338,1002101,1852,PRODUCT
8339,1002101,1890,PRODUCT
8340,1002102,1885,SUBSTRATE
8341,1002102,1891,SUBSTRATE
8342,1002102,1852,PRODUCT
8343,1002102,1892,PRODUCT
8344,1002103,1885,SUBSTRATE
8345,1002103,1893,SUBSTRATE
8346,1002103,1852,PRODUCT
8347,1002103,1894,PRODUCT
8348,1002104,1885,SUBSTRATE
8349,1002104,1895,SUBSTRATE
8350,1002104,1852,PRODUCT
8351,1002104,1896,PRODUCT
8352,1002105,1885,SUBSTRATE
8353,1002105,1897,SUBSTRATE
8354,1002105,1854,PRODUCT
8355,1002105,1890,PRODUCT
8356,1002106,1885,SUBSTRATE
8357,1002106,1898,SUBSTRATE
8358,1002106,1854,PRODUCT
8359,1002106,1892,PRODUCT
8360,1002107,1885,SUBSTRATE
8361,1002107,1899,SUBSTRATE
8362,1002107,1854,PRODUCT
8363,1002107,1894,PRODUCT
8364,1002108,1885,SUBSTRATE
8365,1002108,1900,SUBSTRATE
8366,1002108,1854,PRODUCT
8367,1002108,1896,PRODUCT
8368,1002109,1886,SUBSTRATE
8369,1002109,1889,SUBSTRATE
8370,1002109,1856,PRODUCT
8371,1002109,1890,PRODUCT
8372,1002110,1886,SUBSTRATE
8373,1002110,1891,SUBSTRATE
8374,1002110,1856,PRODUCT
8375,1002110,1892,PRODUCT
8376,1002111,1886,SUBSTRATE
8377,1002111,1893,SUBSTRATE
8378,1002111,1856,PRODUCT
8379,1002111,1894,PRODUCT
8380,1002112,1886,SUBSTRATE
8381,1002112,1895,SUBSTRATE
8382,1002112,1856,PRODUCT
8383,1002112,1896,PRODUCT
8384,1002113,1886,SUBSTRATE
8385,1002113,1897,SUBSTRATE
8386,1002113,1890,PRODUCT
8387,1002113,1911,PRODUCT
8388,1002114,1886,SUBSTRATE
8389,1002114,1898,SUBSTRATE
8390,1002114,1892,PRODUCT
8391,1002114,1911,PRODUCT
8392,1002115,1886,SUBSTRATE
8393,1002115,1899,SUBSTRATE
8394,1002115,1894,PRODUCT
8395,1002115,1911,PRODUCT
8396,1002116,1886,SUBSTRATE
8397,1002116,1900,SUBSTRATE
8398,1002116,1896,PRODUCT
8399,1002116,1911,PRODUCT
8400,1002117,1887,SUBSTRATE
8401,1002117,1889,SUBSTRATE
8402,1002117,1858,PRODUCT
8403,1002117,1890,PRODUCT
8404,1002118,1887,SUBSTRATE
8405,1002118,1891,SUBSTRATE
8406,1002118,1858,PRODUCT
8407,1002118,1892,PRODUCT
8408,1002119,1887,SUBSTRATE
8409,1002119,1893,SUBSTRATE
8410,1002119,1858,PRODUCT
8411,1002119,1894,PRODUCT
8412,1002120,1887,SUBSTRATE
8413,1002120,1895,SUBSTRATE
8414,1002120,1858,PRODUCT
8415,1002120,1896,PRODUCT
8416,1002121,1887,SUBSTRATE
8417,1002121,1897,SUBSTRATE
8418,1002121,1860,PRODUCT
8419,1002121,1890,PRODUCT
8420,1002122,1887,SUBSTRATE
8421,1002122,1898,SUBSTRATE
8422,1002122,1860,PRODUCT
8423,1002122,1892,PRODUCT
8424,1002123,1887,SUBSTRATE
8425,1002123,1899,SUBSTRATE
8426,1002123,1860,PRODUCT
8427,1002123,1894,PRODUCT
8428,1002124,1887,SUBSTRATE
8429,1002124,1900,SUBSTRATE
8430,1002124,1860,PRODUCT
8431,1002124,1896,PRODUCT
8432,1002125,1888,SUBSTRATE
8433,1002125,1889,SUBSTRATE
8434,1002125,1862,PRODUCT
8435,1002125,1890,PRODUCT
8436,1002126,1888,SUBSTRATE
8437,1002126,1891,SUBSTRATE
8438,1002126,1862,PRODUCT
8439,1002126,1892,PRODUCT
8440,1002127,1888,SUBSTRATE
8441,1002127,1893,SUBSTRATE
8442,1002127,1862,PRODUCT
8443,1002127,1894,PRODUCT
8444,1002128,1888,SUBSTRATE
8445,1002128,1895,SUBSTRATE
8446,1002128,1862,PRODUCT
8447,1002128,1896,PRODUCT
8448,1002129,1888,SUBSTRATE
8449,1002129,1897,SUBSTRATE
8450,1002129,1890,PRODUCT
8451,1002129,1912,PRODUCT
8452,1002130,1888,SUBSTRATE
8453,1002130,1898,SUBSTRATE
8454,1002130,1892,PRODUCT
8455,1002130,1912,PRODUCT
8456,1002131,1888,SUBSTRATE
8457,1002131,1899,SUBSTRATE
8458,1002131,1894,PRODUCT
8459,1002131,1912,PRODUCT
8460,1002132,1888,SUBSTRATE
8461,1002132,1900,SUBSTRATE
8462,1002132,1896,PRODUCT
8463,1002132,1912,PRODUCT
8464,1002133,1890,SUBSTRATE
8465,1002133,1913,SUBSTRATE
8466,1002133,1889,PRODUCT
8467,1002133,1914,PRODUCT
8468,1002134,1890,SUBSTRATE
8469,1002134,1915,SUBSTRATE
8470,1002134,1897,PRODUCT
8471,1002134,1914,PRODUCT
8472,1002135,1892,SUBSTRATE
8473,1002135,1913,SUBSTRATE
8474,1002135,1891,PRODUCT
8475,1002135,1914,PRODUCT
8476,1002136,1892,SUBSTRATE
8477,1002136,1915,SUBSTRATE
8478,1002136,1898,PRODUCT
8479,1002136,1914,PRODUCT
8480,1002137,1894,SUBSTRATE
8481,1002137,1913,SUBSTRATE
8482,1002137,1893,PRODUCT
8483,1002137,1914,PRODUCT
8484,1002138,1894,SUBSTRATE
8485,1002138,1915,SUBSTRATE
8486,1002138,1899,PRODUCT
8487,1002138,1914,PRODUCT
8488,1002139,1896,SUBSTRATE
8489,1002139,1913,SUBSTRATE
8490,1002139,1895,PRODUCT
8491,1002139,1914,PRODUCT
8492,1002140,1896,SUBSTRATE
8493,1002140,1915,SUBSTRATE
8494,1002140,1900,PRODUCT
8495,1002140,1914,PRODUCT
8496,1002141,699,SUBSTRATE
8497,1002141,1449,SUBSTRATE
8498,1002141,1916,SUBSTRATE
8499,1002141,1917,PRODUCT
8500,1002141,1918,PRODUCT
8501,1002142,699,SUBSTRATE
8502,1002142,1449,SUBSTRATE
8503,1002142,1919,SUBSTRATE
8504,1002142,1917,PRODUCT
8505,1002142,1920,PRODUCT
8506,1002143,699,SUBSTRATE
8507,1002143,1449,SUBSTRATE
8508,1002143,1921,SUBSTRATE
8509,1002143,1917,PRODUCT
8510,1002143,1922,PRODUCT
8511,1002144,699,SUBSTRATE
8512,1002144,1449,SUBSTRATE
8513,1002144,1923,SUBSTRATE
8514,1002144,1917,PRODUCT
8515,1002144,1924,PRODUCT
8516,1002145,699,SUBSTRATE
8517,1002145,1449,SUBSTRATE
8518,1002145,1925,SUBSTRATE
8519,1002145,1917,PRODUCT
8520,1002145,1926,PRODUCT
8521,1002146,699,SUBSTRATE
8522,1002146,1449,SUBSTRATE
8523,1002146,1927,SUBSTRATE
8524,1002146,1917,PRODUCT
8525,1002146,1928,PRODUCT
8526,1002147,699,SUBSTRATE
8527,1002147,1449,SUBSTRATE
8528,1002147,1929,SUBSTRATE
8529,1002147,1917,PRODUCT
8530,1002147,1930,PRODUCT
8531,1002148,699,SUBSTRATE
8532,1002148,1449,SUBSTRATE
8533,1002148,1931,SUBSTRATE
8534,1002148,1917,PRODUCT
8535,1002148,1932,PRODUCT
8536,1002149,1757,SUBSTRATE
8537,1002149,1933,SUBSTRATE
8538,1002149,1934,SUBSTRATE
8539,1002149,1935,PRODUCT
8540,1002149,1936,PRODUCT
8541,1002150,1757,SUBSTRATE
8542,1002150,1934,SUBSTRATE
8543,1002150,1937,SUBSTRATE
8544,1002150,1935,PRODUCT
8545,1002150,1938,PRODUCT
8546,1002151,1757,SUBSTRATE
8547,1002151,1934,SUBSTRATE
8548,1002151,1939,SUBSTRATE
8549,1002151,1935,PRODUCT
8550,1002151,1940,PRODUCT
8551,1002152,1757,SUBSTRATE
8552,1002152,1934,SUBSTRATE
8553,1002152,1941,SUBSTRATE
8554,1002152,1935,PRODUCT
8555,1002152,1942,PRODUCT
8556,1002153,1757,SUBSTRATE
8557,1002153,1934,SUBSTRATE
8558,1002153,1943,SUBSTRATE
8559,1002153,1935,PRODUCT
8560,1002153,1944,PRODUCT
8561,1002154,1757,SUBSTRATE
8562,1002154,1934,SUBSTRATE
8563,1002154,1945,SUBSTRATE
8564,1002154,1935,PRODUCT
8565,1002154,1946,PRODUCT
8566,1002155,1757,SUBSTRATE
8567,1002155,1934,SUBSTRATE
8568,1002155,1947,SUBSTRATE
8569,1002155,1935,PRODUCT
8570,1002155,1948,PRODUCT
8571,1002156,1757,SUBSTRATE
8572,1002156,1934,SUBSTRATE
8573,1002156,1949,SUBSTRATE
8574,1002156,1935,PRODUCT
8575,1002156,1950,PRODUCT
8576,1002157,1739,SUBSTRATE
8577,1002157,1951,SUBSTRATE
8578,1002157,1952,SUBSTRATE
8579,1002157,1953,PRODUCT
8580,1002157,1954,PRODUCT
8581,1002158,1739,SUBSTRATE
8582,1002158,1952,SUBSTRATE
8583,1002158,1955,SUBSTRATE
8584,1002158,1953,PRODUCT
8585,1002158,1956,PRODUCT
8586,1002159,1739,SUBSTRATE
8587,1002159,1952,SUBSTRATE
8588,1002159,1957,SUBSTRATE
8589,1002159,1953,PRODUCT
8590,1002159,1958,PRODUCT
8591,1002160,1739,SUBSTRATE
8592,1002160,1952,SUBSTRATE
8593,1002160,1959,SUBSTRATE
8594,1002160,1953,PRODUCT
8595,1002160,1960,PRODUCT
8596,1002161,1739,SUBSTRATE
8597,1002161,1952,SUBSTRATE
8598,1002161,1961,SUBSTRATE
8599,1002161,1953,PRODUCT
8600,1002161,1962,PRODUCT
8601,1002162,1739,SUBSTRATE
8602,1002162,1952,SUBSTRATE
8603,1002162,1963,SUBSTRATE
8604,1002162,1953,PRODUCT
8605,1002162,1964,PRODUCT
8606,1002163,1739,SUBSTRATE
8607,1002163,1952,SUBSTRATE
8608,1002163,1965,SUBSTRATE
8609,1002163,1953,PRODUCT
8610,1002163,1966,PRODUCT
8611,1002164,1739,SUBSTRATE
8612,1002164,1952,SUBSTRATE
8613,1002164,1967,SUBSTRATE
8614,1002164,1953,PRODUCT
8615,1002164,1968,PRODUCT
8616,1002165,426,SUBSTRATE
8617,1002165,706,SUBSTRATE
8618,1002165,1969,SUBSTRATE
8619,1002165,390,PRODUCT
8620,1002165,1970,PRODUCT
8621,1002166,426,SUBSTRATE
8622,1002166,706,SUBSTRATE
8623,1002166,1971,SUBSTRATE
8624,1002166,390,PRODUCT
8625,1002166,1972,PRODUCT
8626,1002167,426,SUBSTRATE
8627,1002167,706,SUBSTRATE
8628,1002167,1973,SUBSTRATE
8629,1002167,390,PRODUCT
8630,1002167,1974,PRODUCT
8631,1002168,426,SUBSTRATE
8632,1002168,706,SUBSTRATE
8633,1002168,1975,SUBSTRATE
8634,1002168,390,PRODUCT
8635,1002168,1976,PRODUCT
8636,1002169,426,SUBSTRATE
8637,1002169,706,SUBSTRATE
8638,1002169,1977,SUBSTRATE
8639,1002169,390,PRODUCT
8640,1002169,1978,PRODUCT
8641,1002170,426,SUBSTRATE
8642,1002170,706,SUBSTRATE
8643,1002170,1979,SUBSTRATE
8644,1002170,390,PRODUCT
8645,1002170,1980,PRODUCT
8646,1002171,426,SUBSTRATE
8647,1002171,706,SUBSTRATE
8648,1002171,1981,SUBSTRATE
8649,1002171,390,PRODUCT
8650,1002171,1982,PRODUCT
8651,1002172,426,SUBSTRATE
8652,1002172,706,SUBSTRATE
8653,1002172,1983,SUBSTRATE
8654,1002172,390,PRODUCT
8655,1002172,1984,PRODUCT
8656,1002173,1757,SUBSTRATE
8657,1002173,1933,SUBSTRATE
8658,1002173,1934,SUBSTRATE
8659,1002173,1935,PRODUCT
8660,1002173,1985,PRODUCT
8661,1002174,1757,SUBSTRATE
8662,1002174,1934,SUBSTRATE
8663,1002174,1937,SUBSTRATE
8664,1002174,1935,PRODUCT
8665,1002174,1986,PRODUCT
8666,1002175,1757,SUBSTRATE
8667,1002175,1934,SUBSTRATE
8668,1002175,1939,SUBSTRATE
8669,1002175,1935,PRODUCT
8670,1002175,1987,PRODUCT
8671,1002176,1757,SUBSTRATE
8672,1002176,1934,SUBSTRATE
8673,1002176,1941,SUBSTRATE
8674,1002176,1935,PRODUCT
8675,1002176,1988,PRODUCT
8676,1002177,1757,SUBSTRATE
8677,1002177,1934,SUBSTRATE
8678,1002177,1943,SUBSTRATE
8679,1002177,1935,PRODUCT
8680,1002177,1989,PRODUCT
8681,1002178,1757,SUBSTRATE
8682,1002178,1934,SUBSTRATE
8683,1002178,1945,SUBSTRATE
8684,1002178,1935,PRODUCT
8685,1002178,1990,PRODUCT
8686,1002179,1757,SUBSTRATE
8687,1002179,1934,SUBSTRATE
8688,1002179,1947,SUBSTRATE
8689,1002179,1935,PRODUCT
8690,1002179,1991,PRODUCT
8691,1002180,1757,SUBSTRATE
8692,1002180,1934,SUBSTRATE
8693,1002180,1949,SUBSTRATE
8694,1002180,1935,PRODUCT
8695,1002180,1992,PRODUCT
8696,1002181,426,SUBSTRATE
8697,1002181,706,SUBSTRATE
8698,1002181,1970,SUBSTRATE
8699,1002181,390,PRODUCT
8700,1002181,1993,PRODUCT
8701,1002182,426,SUBSTRATE
8702,1002182,706,SUBSTRATE
8703,1002182,1972,SUBSTRATE
8704,1002182,390,PRODUCT
8705,1002182,1994,PRODUCT
8706,1002183,426,SUBSTRATE
8707,1002183,706,SUBSTRATE
8708,1002183,1974,SUBSTRATE
8709,1002183,390,PRODUCT
8710,1002183,1995,PRODUCT
8711,1002184,426,SUBSTRATE
8712,1002184,706,SUBSTRATE
8713,1002184,1976,SUBSTRATE
8714,1002184,390,PRODUCT
8715,1002184,1996,PRODUCT
8716,1002185,426,SUBSTRATE
8717,1002185,706,SUBSTRATE
8718,1002185,1978,SUBSTRATE
8719,1002185,390,PRODUCT
8720,1002185,1997,PRODUCT
8721,1002186,426,SUBSTRATE
8722,1002186,706,SUBSTRATE
8723,1002186,1980,SUBSTRATE
8724,1002186,390,PRODUCT
8725,1002186,1998,PRODUCT
8726,1002187,426,SUBSTRATE
8727,1002187,706,SUBSTRATE
8728,1002187,1982,SUBSTRATE
8729,1002187,390,PRODUCT
8730,1002187,1999,PRODUCT
8731,1002188,426,SUBSTRATE
8732,1002188,706,SUBSTRATE
8733,1002188,1984,SUBSTRATE
8734,1002188,390,PRODUCT
8735,1002188,2000,PRODUCT
8736,1002189,699,SUBSTRATE
8737,1002189,1449,SUBSTRATE
8738,1002189,1918,SUBSTRATE
8739,1002189,1917,PRODUCT
8740,1002189,2001,PRODUCT
8741,1002190,699,SUBSTRATE
8742,1002190,1449,SUBSTRATE
8743,1002190,1920,SUBSTRATE
8744,1002190,1917,PRODUCT
8745,1002190,2002,PRODUCT
8746,1002191,699,SUBSTRATE
8747,1002191,1449,SUBSTRATE
8748,1002191,1922,SUBSTRATE
8749,1002191,1917,PRODUCT
8750,1002191,2003,PRODUCT
8751,1002192,699,SUBSTRATE
8752,1002192,1449,SUBSTRATE
8753,1002192,1924,SUBSTRATE
8754,1002192,1917,PRODUCT
8755,1002192,2004,PRODUCT
8756,1002193,699,SUBSTRATE
8757,1002193,1449,SUBSTRATE
8758,1002193,1926,SUBSTRATE
8759,1002193,1917,PRODUCT
8760,1002193,2005,PRODUCT
8761,1002194,699,SUBSTRATE
8762,1002194,1449,SUBSTRATE
8763,1002194,1928,SUBSTRATE
8764,1002194,1917,PRODUCT
8765,1002194,2006,PRODUCT
8766,1002195,699,SUBSTRATE
8767,1002195,1449,SUBSTRATE
8768,1002195,1930,SUBSTRATE
8769,1002195,1917,PRODUCT
8770,1002195,2007,PRODUCT
8771,1002196,699,SUBSTRATE
8772,1002196,1449,SUBSTRATE
8773,1002196,1932,SUBSTRATE
8774,1002196,1917,PRODUCT
8775,1002196,2008,PRODUCT
8776,1002197,1757,SUBSTRATE
8777,1002197,1934,SUBSTRATE
8778,1002197,1985,SUBSTRATE
8779,1002197,1935,PRODUCT
8780,1002197,2009,PRODUCT
8781,1002198,1757,SUBSTRATE
8782,1002198,1934,SUBSTRATE
8783,1002198,1986,SUBSTRATE
8784,1002198,1935,PRODUCT
8785,1002198,2010,PRODUCT
8786,1002199,1757,SUBSTRATE
8787,1002199,1934,SUBSTRATE
8788,1002199,1987,SUBSTRATE
8789,1002199,1935,PRODUCT
8790,1002199,2011,PRODUCT
8791,1002200,1757,SUBSTRATE
8792,1002200,1934,SUBSTRATE
8793,1002200,1988,SUBSTRATE
8794,1002200,1935,PRODUCT
8795,1002200,2012,PRODUCT
8796,1002201,1757,SUBSTRATE
8797,1002201,1934,SUBSTRATE
8798,1002201,1989,SUBSTRATE
8799,1002201,1935,PRODUCT
8800,1002201,2013,PRODUCT
8801,1002202,1757,SUBSTRATE
8802,1002202,1934,SUBSTRATE
8803,1002202,1990,SUBSTRATE
8804,1002202,1935,PRODUCT
8805,1002202,2014,PRODUCT
8806,1002203,1757,SUBSTRATE
8807,1002203,1934,SUBSTRATE
8808,1002203,1991,SUBSTRATE
8809,1002203,1935,PRODUCT
8810,1002203,2015,PRODUCT
8811,1002204,1757,SUBSTRATE
8812,1002204,1934,SUBSTRATE
8813,1002204,1992,SUBSTRATE
8814,1002204,1935,PRODUCT
8815,1002204,2016,PRODUCT
8816,1002205,1560,SUBSTRATE
8817,1002205,1774,SUBSTRATE
8818,1002205,1612,PRODUCT
8819,1002205,2017,PRODUCT
8820,1002206,1560,SUBSTRATE
8821,1002206,1778,SUBSTRATE
8822,1002206,1612,PRODUCT
8823,1002206,2018,PRODUCT
8824,1002207,1560,SUBSTRATE
8825,1002207,1780,SUBSTRATE
8826,1002207,1612,PRODUCT
8827,1002207,2019,PRODUCT
8828,1002208,1560,SUBSTRATE
8829,1002208,1782,SUBSTRATE
8830,1002208,1612,PRODUCT
8831,1002208,2020,PRODUCT
8832,1002209,1560,SUBSTRATE
8833,1002209,1784,SUBSTRATE
8834,1002209,1628,PRODUCT
8835,1002209,2017,PRODUCT
8836,1002210,1560,SUBSTRATE
8837,1002210,1786,SUBSTRATE
8838,1002210,1628,PRODUCT
8839,1002210,2018,PRODUCT
8840,1002211,1560,SUBSTRATE
8841,1002211,1788,SUBSTRATE
8842,1002211,1628,PRODUCT
8843,1002211,2019,PRODUCT
8844,1002212,1560,SUBSTRATE
8845,1002212,1790,SUBSTRATE
8846,1002212,1628,PRODUCT
8847,1002212,2020,PRODUCT
8848,1002213,1562,SUBSTRATE
8849,1002213,1774,SUBSTRATE
8850,1002213,1614,PRODUCT
8851,1002213,2017,PRODUCT
8852,1002214,1562,SUBSTRATE
8853,1002214,1778,SUBSTRATE
8854,1002214,1614,PRODUCT
8855,1002214,2018,PRODUCT
8856,1002215,1562,SUBSTRATE
8857,1002215,1780,SUBSTRATE
8858,1002215,1614,PRODUCT
8859,1002215,2019,PRODUCT
8860,1002216,1562,SUBSTRATE
8861,1002216,1782,SUBSTRATE
8862,1002216,1614,PRODUCT
8863,1002216,2020,PRODUCT
8864,1002217,1562,SUBSTRATE
8865,1002217,1784,SUBSTRATE
8866,1002217,1630,PRODUCT
8867,1002217,2017,PRODUCT
8868,1002218,1562,SUBSTRATE
8869,1002218,1786,SUBSTRATE
8870,1002218,1630,PRODUCT
8871,1002218,2018,PRODUCT
8872,1002219,1562,SUBSTRATE
8873,1002219,1788,SUBSTRATE
8874,1002219,1630,PRODUCT
8875,1002219,2019,PRODUCT
8876,1002220,1562,SUBSTRATE
8877,1002220,1790,SUBSTRATE
8878,1002220,1630,PRODUCT
8879,1002220,2020,PRODUCT
8880,1002221,1564,SUBSTRATE
8881,1002221,1774,SUBSTRATE
8882,1002221,1616,PRODUCT
8883,1002221,2017,PRODUCT
8884,1002222,1564,SUBSTRATE
8885,1002222,1778,SUBSTRATE
8886,1002222,1616,PRODUCT
8887,1002222,2018,PRODUCT
8888,1002223,1564,SUBSTRATE
8889,1002223,1780,SUBSTRATE
8890,1002223,1616,PRODUCT
8891,1002223,2019,PRODUCT
8892,1002224,1564,SUBSTRATE
8893,1002224,1782,SUBSTRATE
8894,1002224,1616,PRODUCT
8895,1002224,2020,PRODUCT
8896,1002225,1564,SUBSTRATE
8897,1002225,1784,SUBSTRATE
8898,1002225,1632,PRODUCT
8899,1002225,2017,PRODUCT
8900,1002226,1564,SUBSTRATE
8901,1002226,1786,SUBSTRATE
8902,1002226,1632,PRODUCT
8903,1002226,2018,PRODUCT
8904,1002227,1564,SUBSTRATE
8905,1002227,1788,SUBSTRATE
8906,1002227,1632,PRODUCT
8907,1002227,2019,PRODUCT
8908,1002228,1564,SUBSTRATE
8909,1002228,1790,SUBSTRATE
8910,1002228,1632,PRODUCT
8911,1002228,2020,PRODUCT
8912,1002229,1566,SUBSTRATE
8913,1002229,1774,SUBSTRATE
8914,1002229,1618,PRODUCT
8915,1002229,2017,PRODUCT
8916,1002230,1566,SUBSTRATE
8917,1002230,1778,SUBSTRATE
8918,1002230,1618,PRODUCT
8919,1002230,2018,PRODUCT
8920,1002231,1566,SUBSTRATE
8921,1002231,1780,SUBSTRATE
8922,1002231,1618,PRODUCT
8923,1002231,2019,PRODUCT
8924,1002232,1566,SUBSTRATE
8925,1002232,1782,SUBSTRATE
8926,1002232,1618,PRODUCT
8927,1002232,2020,PRODUCT
8928,1002233,1566,SUBSTRATE
8929,1002233,1784,SUBSTRATE
8930,1002233,1634,PRODUCT
8931,1002233,2017,PRODUCT
8932,1002234,1566,SUBSTRATE
8933,1002234,1786,SUBSTRATE
8934,1002234,1634,PRODUCT
8935,1002234,2018,PRODUCT
8936,1002235,1566,SUBSTRATE
8937,1002235,1788,SUBSTRATE
8938,1002235,1634,PRODUCT
8939,1002235,2019,PRODUCT
8940,1002236,1566,SUBSTRATE
8941,1002236,1790,SUBSTRATE
8942,1002236,1634,PRODUCT
8943,1002236,2020,PRODUCT
8944,1002237,1561,SUBSTRATE
8945,1002237,1774,SUBSTRATE
8946,1002237,1613,PRODUCT
8947,1002237,2017,PRODUCT
8948,1002238,1561,SUBSTRATE
8949,1002238,1778,SUBSTRATE
8950,1002238,1613,PRODUCT
8951,1002238,2018,PRODUCT
8952,1002239,1561,SUBSTRATE
8953,1002239,1780,SUBSTRATE
8954,1002239,1613,PRODUCT
8955,1002239,2019,PRODUCT
8956,1002240,1561,SUBSTRATE
8957,1002240,1782,SUBSTRATE
8958,1002240,1613,PRODUCT
8959,1002240,2020,PRODUCT
8960,1002241,1561,SUBSTRATE
8961,1002241,1784,SUBSTRATE
8962,1002241,1629,PRODUCT
8963,1002241,2017,PRODUCT
8964,1002242,1561,SUBSTRATE
8965,1002242,1786,SUBSTRATE
8966,1002242,1629,PRODUCT
8967,1002242,2018,PRODUCT
8968,1002243,1561,SUBSTRATE
8969,1002243,1788,SUBSTRATE
8970,1002243,1629,PRODUCT
8971,1002243,2019,PRODUCT
8972,1002244,1561,SUBSTRATE
8973,1002244,1790,SUBSTRATE
8974,1002244,1629,PRODUCT
8975,1002244,2020,PRODUCT
8976,1002245,1563,SUBSTRATE
8977,1002245,1774,SUBSTRATE
8978,1002245,1615,PRODUCT
8979,1002245,2017,PRODUCT
8980,1002246,1563,SUBSTRATE
8981,1002246,1778,SUBSTRATE
8982,1002246,1615,PRODUCT
8983,1002246,2018,PRODUCT
8984,1002247,1563,SUBSTRATE
8985,1002247,1780,SUBSTRATE
8986,1002247,1615,PRODUCT
8987,1002247,2019,PRODUCT
8988,1002248,1563,SUBSTRATE
8989,1002248,1782,SUBSTRATE
8990,1002248,1615,PRODUCT
8991,1002248,2020,PRODUCT
8992,1002249,1563,SUBSTRATE
8993,1002249,1784,SUBSTRATE
8994,1002249,1631,PRODUCT
8995,1002249,2017,PRODUCT
8996,1002250,1563,SUBSTRATE
8997,1002250,1786,SUBSTRATE
8998,1002250,1631,PRODUCT
8999,1002250,2018,PRODUCT
9000,1002251,1563,SUBSTRATE
9001,1002251,1788,SUBSTRATE
9002,1002251,1631,PRODUCT
9003,1002251,2019,PRODUCT
9004,1002252,1563,SUBSTRATE
9005,1002252,1790,SUBSTRATE
9006,1002252,1631,PRODUCT
9007,1002252,2020,PRODUCT
9008,1002253,1565,SUBSTRATE
9009,1002253,1774,SUBSTRATE
9010,1002253,1617,PRODUCT
9011,1002253,2017,PRODUCT
9012,1002254,1565,SUBSTRATE
9013,1002254,1778,SUBSTRATE
9014,1002254,1617,PRODUCT
9015,1002254,2018,PRODUCT
9016,1002255,1565,SUBSTRATE
9017,1002255,1780,SUBSTRATE
9018,1002255,1617,PRODUCT
9019,1002255,2019,PRODUCT
9020,1002256,1565,SUBSTRATE
9021,1002256,1782,SUBSTRATE
9022,1002256,1617,PRODUCT
9023,1002256,2020,PRODUCT
9024,1002257,1565,SUBSTRATE
9025,1002257,1784,SUBSTRATE
9026,1002257,1633,PRODUCT
9027,1002257,2017,PRODUCT
9028,1002258,1565,SUBSTRATE
9029,1002258,1786,SUBSTRATE
9030,1002258,1633,PRODUCT
9031,1002258,2018,PRODUCT
9032,1002259,1565,SUBSTRATE
9033,1002259,1788,SUBSTRATE
9034,1002259,1633,PRODUCT
9035,1002259,2019,PRODUCT
9036,1002260,1565,SUBSTRATE
9037,1002260,1790,SUBSTRATE
9038,1002260,1633,PRODUCT
9039,1002260,2020,PRODUCT
9040,1002261,1567,SUBSTRATE
9041,1002261,1774,SUBSTRATE
9042,1002261,1619,PRODUCT
9043,1002261,2017,PRODUCT
9044,1002262,1567,SUBSTRATE
9045,1002262,1778,SUBSTRATE
9046,1002262,1619,PRODUCT
9047,1002262,2018,PRODUCT
9048,1002263,1567,SUBSTRATE
9049,1002263,1780,SUBSTRATE
9050,1002263,1619,PRODUCT
9051,1002263,2019,PRODUCT
9052,1002264,1567,SUBSTRATE
9053,1002264,1782,SUBSTRATE
9054,1002264,1619,PRODUCT
9055,1002264,2020,PRODUCT
9056,1002265,1567,SUBSTRATE
9057,1002265,1784,SUBSTRATE
9058,1002265,1635,PRODUCT
9059,1002265,2017,PRODUCT
9060,1002266,1567,SUBSTRATE
9061,1002266,1786,SUBSTRATE
9062,1002266,1635,PRODUCT
9063,1002266,2018,PRODUCT
9064,1002267,1567,SUBSTRATE
9065,1002267,1788,SUBSTRATE
9066,1002267,1635,PRODUCT
9067,1002267,2019,PRODUCT
9068,1002268,1567,SUBSTRATE
9069,1002268,1790,SUBSTRATE
9070,1002268,1635,PRODUCT
9071,1002268,2020,PRODUCT
9072,1002269,1560,SUBSTRATE
9073,1002269,1800,SUBSTRATE
9074,1002269,1612,PRODUCT
9075,1002269,2021,PRODUCT
9076,1002270,1560,SUBSTRATE
9077,1002270,1801,SUBSTRATE
9078,1002270,1612,PRODUCT
9079,1002270,2022,PRODUCT
9080,1002271,1560,SUBSTRATE
9081,1002271,1802,SUBSTRATE
9082,1002271,1612,PRODUCT
9083,1002271,2023,PRODUCT
9084,1002272,1560,SUBSTRATE
9085,1002272,1803,SUBSTRATE
9086,1002272,1612,PRODUCT
9087,1002272,2024,PRODUCT
9088,1002273,1560,SUBSTRATE
9089,1002273,1804,SUBSTRATE
9090,1002273,1628,PRODUCT
9091,1002273,2021,PRODUCT
9092,1002274,1560,SUBSTRATE
9093,1002274,1805,SUBSTRATE
9094,1002274,1628,PRODUCT
9095,1002274,2022,PRODUCT
9096,1002275,1560,SUBSTRATE
9097,1002275,1806,SUBSTRATE
9098,1002275,1628,PRODUCT
9099,1002275,2023,PRODUCT
9100,1002276,1560,SUBSTRATE
9101,1002276,1807,SUBSTRATE
9102,1002276,1628,PRODUCT
9103,1002276,2024,PRODUCT
9104,1002277,1562,SUBSTRATE
9105,1002277,1800,SUBSTRATE
9106,1002277,1614,PRODUCT
9107,1002277,2021,PRODUCT
9108,1002278,1562,SUBSTRATE
9109,1002278,1801,SUBSTRATE
9110,1002278,1614,PRODUCT
9111,1002278,2022,PRODUCT
9112,1002279,1562,SUBSTRATE
9113,1002279,1802,SUBSTRATE
9114,1002279,1614,PRODUCT
9115,1002279,2023,PRODUCT
9116,1002280,1562,SUBSTRATE
9117,1002280,1803,SUBSTRATE
9118,1002280,1614,PRODUCT
9119,1002280,2024,PRODUCT
9120,1002281,1562,SUBSTRATE
9121,1002281,1804,SUBSTRATE
9122,1002281,1630,PRODUCT
9123,1002281,2021,PRODUCT
9124,1002282,1562,SUBSTRATE
9125,1002282,1805,SUBSTRATE
9126,1002282,1630,PRODUCT
9127,1002282,2022,PRODUCT
9128,1002283,1562,SUBSTRATE
9129,1002283,1806,SUBSTRATE
9130,1002283,1630,PRODUCT
9131,1002283,2023,PRODUCT
9132,1002284,1562,SUBSTRATE
9133,1002284,1807,SUBSTRATE
9134,1002284,1630,PRODUCT
9135,1002284,2024,PRODUCT
9136,1002285,1564,SUBSTRATE
9137,1002285,1800,SUBSTRATE
9138,1002285,1616,PRODUCT
9139,1002285,2021,PRODUCT
9140,1002286,1564,SUBSTRATE
9141,1002286,1801,SUBSTRATE
9142,1002286,1616,PRODUCT
9143,1002286,2022,PRODUCT
9144,1002287,1564,SUBSTRATE
9145,1002287,1802,SUBSTRATE
9146,1002287,1616,PRODUCT
9147,1002287,2023,PRODUCT
9148,1002288,1564,SUBSTRATE
9149,1002288,1803,SUBSTRATE
9150,1002288,1616,PRODUCT
9151,1002288,2024,PRODUCT
9152,1002289,1564,SUBSTRATE
9153,1002289,1804,SUBSTRATE
9154,1002289,1632,PRODUCT
9155,1002289,2021,PRODUCT
9156,1002290,1564,SUBSTRATE
9157,1002290,1805,SUBSTRATE
9158,1002290,1632,PRODUCT
9159,1002290,2022,PRODUCT
9160,1002291,1564,SUBSTRATE
9161,1002291,1806,SUBSTRATE
9162,1002291,1632,PRODUCT
9163,1002291,2023,PRODUCT
9164,1002292,1564,SUBSTRATE
9165,1002292,1807,SUBSTRATE
9166,1002292,1632,PRODUCT
9167,1002292,2024,PRODUCT
9168,1002293,1566,SUBSTRATE
9169,1002293,1800,SUBSTRATE
9170,1002293,1618,PRODUCT
9171,1002293,2021,PRODUCT
9172,1002294,1566,SUBSTRATE
9173,1002294,1801,SUBSTRATE
9174,1002294,1618,PRODUCT
9175,1002294,2022,PRODUCT
9176,1002295,1566,SUBSTRATE
9177,1002295,1802,SUBSTRATE
9178,1002295,1618,PRODUCT
9179,1002295,2023,PRODUCT
9180,1002296,1566,SUBSTRATE
9181,1002296,1803,SUBSTRATE
9182,1002296,1618,PRODUCT
9183,1002296,2024,PRODUCT
9184,1002297,1566,SUBSTRATE
9185,1002297,1804,SUBSTRATE
9186,1002297,1634,PRODUCT
9187,1002297,2021,PRODUCT
9188,1002298,1566,SUBSTRATE
9189,1002298,1805,SUBSTRATE
9190,1002298,1634,PRODUCT
9191,1002298,2022,PRODUCT
9192,1002299,1566,SUBSTRATE
9193,1002299,1806,SUBSTRATE
9194,1002299,1634,PRODUCT
9195,1002299,2023,PRODUCT
9196,1002300,1566,SUBSTRATE
9197,1002300,1807,SUBSTRATE
9198,1002300,1634,PRODUCT
9199,1002300,2024,PRODUCT
9200,1002301,1561,SUBSTRATE
9201,1002301,1800,SUBSTRATE
9202,1002301,1613,PRODUCT
9203,1002301,2021,PRODUCT
9204,1002302,1561,SUBSTRATE
9205,1002302,1801,SUBSTRATE
9206,1002302,1613,PRODUCT
9207,1002302,2022,PRODUCT
9208,1002303,1561,SUBSTRATE
9209,1002303,1802,SUBSTRATE
9210,1002303,1613,PRODUCT
9211,1002303,2023,PRODUCT
9212,1002304,1561,SUBSTRATE
9213,1002304,1803,SUBSTRATE
9214,1002304,1613,PRODUCT
9215,1002304,2024,PRODUCT
9216,1002305,1561,SUBSTRATE
9217,1002305,1804,SUBSTRATE
9218,1002305,1629,PRODUCT
9219,1002305,2021,PRODUCT
9220,1002306,1561,SUBSTRATE
9221,1002306,1805,SUBSTRATE
9222,1002306,1629,PRODUCT
9223,1002306,2022,PRODUCT
9224,1002307,1561,SUBSTRATE
9225,1002307,1806,SUBSTRATE
9226,1002307,1629,PRODUCT
9227,1002307,2023,PRODUCT
9228,1002308,1561,SUBSTRATE
9229,1002308,1807,SUBSTRATE
9230,1002308,1629,PRODUCT
9231,1002308,2024,PRODUCT
9232,1002309,1563,SUBSTRATE
9233,1002309,1800,SUBSTRATE
9234,1002309,1615,PRODUCT
9235,1002309,2021,PRODUCT
9236,1002310,1563,SUBSTRATE
9237,1002310,1801,SUBSTRATE
9238,1002310,1615,PRODUCT
9239,1002310,2022,PRODUCT
9240,1002311,1563,SUBSTRATE
9241,1002311,1802,SUBSTRATE
9242,1002311,1615,PRODUCT
9243,1002311,2023,PRODUCT
9244,1002312,1563,SUBSTRATE
9245,1002312,1803,SUBSTRATE
9246,1002312,1615,PRODUCT
9247,1002312,2024,PRODUCT
9248,1002313,1563,SUBSTRATE
9249,1002313,1804,SUBSTRATE
9250,1002313,1631,PRODUCT
9251,1002313,2021,PRODUCT
9252,1002314,1563,SUBSTRATE
9253,1002314,1805,SUBSTRATE
9254,1002314,1631,PRODUCT
9255,1002314,2022,PRODUCT
9256,1002315,1563,SUBSTRATE
9257,1002315,1806,SUBSTRATE
9258,1002315,1631,PRODUCT
9259,1002315,2023,PRODUCT
9260,1002316,1563,SUBSTRATE
9261,1002316,1807,SUBSTRATE
9262,1002316,1631,PRODUCT
9263,1002316,2024,PRODUCT
9264,1002317,1565,SUBSTRATE
9265,1002317,1800,SUBSTRATE
9266,1002317,1617,PRODUCT
9267,1002317,2021,PRODUCT
9268,1002318,1565,SUBSTRATE
9269,1002318,1801,SUBSTRATE
9270,1002318,1617,PRODUCT
9271,1002318,2022,PRODUCT
9272,1002319,1565,SUBSTRATE
9273,1002319,1802,SUBSTRATE
9274,1002319,1617,PRODUCT
9275,1002319,2023,PRODUCT
9276,1002320,1565,SUBSTRATE
9277,1002320,1803,SUBSTRATE
9278,1002320,1617,PRODUCT
9279,1002320,2024,PRODUCT
9280,1002321,1565,SUBSTRATE
9281,1002321,1804,SUBSTRATE
9282,1002321,1633,PRODUCT
9283,1002321,2021,PRODUCT
9284,1002322,1565,SUBSTRATE
9285,1002322,1805,SUBSTRATE
9286,1002322,1633,PRODUCT
9287,1002322,2022,PRODUCT
9288,1002323,1565,SUBSTRATE
9289,1002323,1806,SUBSTRATE
9290,1002323,1633,PRODUCT
9291,1002323,2023,PRODUCT
9292,1002324,1565,SUBSTRATE
9293,1002324,1807,SUBSTRATE
9294,1002324,1633,PRODUCT
9295,1002324,2024,PRODUCT
9296,1002325,1567,SUBSTRATE
9297,1002325,1800,SUBSTRATE
9298,1002325,1619,PRODUCT
9299,1002325,2021,PRODUCT
9300,1002326,1567,SUBSTRATE
9301,1002326,1801,SUBSTRATE
9302,1002326,1619,PRODUCT
9303,1002326,2022,PRODUCT
9304,1002327,1567,SUBSTRATE
9305,1002327,1802,SUBSTRATE
9306,1002327,1619,PRODUCT
9307,1002327,2023,PRODUCT
9308,1002328,1567,SUBSTRATE
9309,1002328,1803,SUBSTRATE
9310,1002328,1619,PRODUCT
9311,1002328,2024,PRODUCT
9312,1002329,1567,SUBSTRATE
9313,1002329,1804,SUBSTRATE
9314,1002329,1635,PRODUCT
9315,1002329,2021,PRODUCT
9316,1002330,1567,SUBSTRATE
9317,1002330,1805,SUBSTRATE
9318,1002330,1635,PRODUCT
9319,1002330,2022,PRODUCT
9320,1002331,1567,SUBSTRATE
9321,1002331,1806,SUBSTRATE
9322,1002331,1635,PRODUCT
9323,1002331,2023,PRODUCT
9324,1002332,1567,SUBSTRATE
9325,1002332,1807,SUBSTRATE
9326,1002332,1635,PRODUCT
9327,1002332,2024,PRODUCT
9328,1002333,1405,SUBSTRATE
9329,1002333,1800,SUBSTRATE
9330,1002333,1380,PRODUCT
9331,1002333,1430,PRODUCT
9332,1002333,2021,PRODUCT
9333,1002334,1405,SUBSTRATE
9334,1002334,1801,SUBSTRATE
9335,1002334,1380,PRODUCT
9336,1002334,1430,PRODUCT
9337,1002334,2022,PRODUCT
9338,1002335,1405,SUBSTRATE
9339,1002335,1802,SUBSTRATE
9340,1002335,1380,PRODUCT
9341,1002335,1430,PRODUCT
9342,1002335,2023,PRODUCT
9343,1002336,1405,SUBSTRATE
9344,1002336,1803,SUBSTRATE
9345,1002336,1380,PRODUCT
9346,1002336,1430,PRODUCT
9347,1002336,2024,PRODUCT
9348,1002337,1405,SUBSTRATE
9349,1002337,1804,SUBSTRATE
9350,1002337,1380,PRODUCT
9351,1002337,1432,PRODUCT
9352,1002337,2021,PRODUCT
9353,1002338,1405,SUBSTRATE
9354,1002338,1805,SUBSTRATE
9355,1002338,1380,PRODUCT
9356,1002338,1432,PRODUCT
9357,1002338,2022,PRODUCT
9358,1002339,1405,SUBSTRATE
9359,1002339,1806,SUBSTRATE
9360,1002339,1380,PRODUCT
9361,1002339,1432,PRODUCT
9362,1002339,2023,PRODUCT
9363,1002340,1405,SUBSTRATE
9364,1002340,1807,SUBSTRATE
9365,1002340,1380,PRODUCT
9366,1002340,1432,PRODUCT
9367,1002340,2024,PRODUCT
9368,1002341,1405,SUBSTRATE
9369,1002341,2021,SUBSTRATE
9370,1002341,1380,PRODUCT
9371,1002341,1429,PRODUCT
9372,1002341,2040,PRODUCT
9373,1002342,1405,SUBSTRATE
9374,1002342,2022,SUBSTRATE
9375,1002342,1380,PRODUCT
9376,1002342,1430,PRODUCT
9377,1002342,2040,PRODUCT
9378,1002343,1405,SUBSTRATE
9379,1002343,2023,SUBSTRATE
9380,1002343,1380,PRODUCT
9381,1002343,1431,PRODUCT
9382,1002343,2040,PRODUCT
9383,1002344,1405,SUBSTRATE
9384,1002344,2024,SUBSTRATE
9385,1002344,1380,PRODUCT
9386,1002344,1432,PRODUCT
9387,1002344,2040,PRODUCT
9388,1002345,2041,SUBSTRATE
9389,1002345,2042,SUBSTRATE
9390,1002345,699,PRODUCT
9391,1002345,2043,PRODUCT
9392,1002345,2044,PRODUCT
9393,1002346,2042,SUBSTRATE
9394,1002346,2045,SUBSTRATE
9395,1002346,699,PRODUCT
9396,1002346,2044,PRODUCT
9397,1002346,2046,PRODUCT
9398,1002347,2042,SUBSTRATE
9399,1002347,2047,SUBSTRATE
9400,1002347,699,PRODUCT
9401,1002347,2044,PRODUCT
9402,1002347,2048,PRODUCT
9403,1002348,2042,SUBSTRATE
9404,1002348,2049,SUBSTRATE
9405,1002348,699,PRODUCT
9406,1002348,2044,PRODUCT
9407,1002348,2050,PRODUCT
9408,1002349,2042,SUBSTRATE
9409,1002349,2051,SUBSTRATE
9410,1002349,699,PRODUCT
9411,1002349,2043,PRODUCT
9412,1002349,2052,PRODUCT
9413,1002350,2042,SUBSTRATE
9414,1002350,2053,SUBSTRATE
9415,1002350,699,PRODUCT
9416,1002350,2046,PRODUCT
9417,1002350,2052,PRODUCT
9418,1002351,2042,SUBSTRATE
9419,1002351,2054,SUBSTRATE
9420,1002351,699,PRODUCT
9421,1002351,2048,PRODUCT
9422,1002351,2052,PRODUCT
9423,1002352,2042,SUBSTRATE
9424,1002352,2055,SUBSTRATE
9425,1002352,699,PRODUCT
9426,1002352,2050,PRODUCT
9427,1002352,2052,PRODUCT
9428,1002353,2042,SUBSTRATE
9429,1002353,2043,SUBSTRATE
9430,1002353,699,PRODUCT
9431,1002353,1207,PRODUCT
9432,1002353,2056,PRODUCT
9433,1002354,2042,SUBSTRATE
9434,1002354,2046,SUBSTRATE
9435,1002354,699,PRODUCT
9436,1002354,1207,PRODUCT
9437,1002354,2044,PRODUCT
9438,1002355,2042,SUBSTRATE
9439,1002355,2048,SUBSTRATE
9440,1002355,699,PRODUCT
9441,1002355,1207,PRODUCT
9442,1002355,2057,PRODUCT
9443,1002356,2042,SUBSTRATE
9444,1002356,2050,SUBSTRATE
9445,1002356,699,PRODUCT
9446,1002356,1207,PRODUCT
9447,1002356,2052,PRODUCT
9448,1002357,2042,SUBSTRATE
9449,1002357,2058,SUBSTRATE
9450,1002357,699,PRODUCT
9451,1002357,2044,PRODUCT
9452,1002357,2059,PRODUCT
9453,1002358,2042,SUBSTRATE
9454,1002358,2060,SUBSTRATE
9455,1002358,699,PRODUCT
9456,1002358,2044,PRODUCT
9457,1002358,2061,PRODUCT
9458,1002359,2042,SUBSTRATE
9459,1002359,2062,SUBSTRATE
9460,1002359,699,PRODUCT
9461,1002359,2044,PRODUCT
9462,1002359,2063,PRODUCT
9463,1002360,2042,SUBSTRATE
9464,1002360,2064,SUBSTRATE
9465,1002360,699,PRODUCT
9466,1002360,2044,PRODUCT
9467,1002360,2065,PRODUCT
9468,1002361,2042,SUBSTRATE
9469,1002361,2066,SUBSTRATE
9470,1002361,699,PRODUCT
9471,1002361,2052,PRODUCT
9472,1002361,2059,PRODUCT
9473,1002362,2042,SUBSTRATE
9474,1002362,2067,SUBSTRATE
9475,1002362,699,PRODUCT
9476,1002362,2052,PRODUCT
9477,1002362,2061,PRODUCT
9478,1002363,2042,SUBSTRATE
9479,1002363,2068,SUBSTRATE
9480,1002363,699,PRODUCT
9481,1002363,2052,PRODUCT
9482,1002363,2063,PRODUCT
9483,1002364,2042,SUBSTRATE
9484,1002364,2069,SUBSTRATE
9485,1002364,699,PRODUCT
9486,1002364,2052,PRODUCT
9487,1002364,2065,PRODUCT
9488,1002365,2042,SUBSTRATE
9489,1002365,2059,SUBSTRATE
9490,1002365,699,PRODUCT
9491,1002365,2056,PRODUCT
9492,1002365,2070,PRODUCT
9493,1002366,2042,SUBSTRATE
9494,1002366,2061,SUBSTRATE
9495,1002366,699,PRODUCT
9496,1002366,2044,PRODUCT
9497,1002366,2070,PRODUCT
9498,1002367,2042,SUBSTRATE
9499,1002367,2063,SUBSTRATE
9500,1002367,699,PRODUCT
9501,1002367,2057,PRODUCT
9502,1002367,2070,PRODUCT
9503,1002368,2042,SUBSTRATE
9504,1002368,2065,SUBSTRATE
9505,1002368,699,PRODUCT
9506,1002368,2052,PRODUCT
9507,1002368,2070,PRODUCT
9508,1002369,2042,SUBSTRATE
9509,1002369,2071,SUBSTRATE
9510,1002369,699,PRODUCT
9511,1002369,2044,PRODUCT
9512,1002369,2072,PRODUCT
9513,1002370,2042,SUBSTRATE
9514,1002370,2073,SUBSTRATE
9515,1002370,699,PRODUCT
9516,1002370,2044,PRODUCT
9517,1002370,2074,PRODUCT
9518,1002371,2042,SUBSTRATE
9519,1002371,2075,SUBSTRATE
9520,1002371,699,PRODUCT
9521,1002371,2044,PRODUCT
9522,1002371,2076,PRODUCT
9523,1002372,2042,SUBSTRATE
9524,1002372,2077,SUBSTRATE
9525,1002372,699,PRODUCT
9526,1002372,2044,PRODUCT
9527,1002372,2078,PRODUCT
9528,1002373,2042,SUBSTRATE
9529,1002373,2079,SUBSTRATE
9530,1002373,699,PRODUCT
9531,1002373,2052,PRODUCT
9532,1002373,2072,PRODUCT
9533,1002374,2042,SUBSTRATE
9534,1002374,2080,SUBSTRATE
9535,1002374,699,PRODUCT
9536,1002374,2052,PRODUCT
9537,1002374,2074,PRODUCT
9538,1002375,2042,SUBSTRATE
9539,1002375,2081,SUBSTRATE
9540,1002375,699,PRODUCT
9541,1002375,2052,PRODUCT
9542,1002375,2076,PRODUCT
9543,1002376,2042,SUBSTRATE
9544,1002376,2082,SUBSTRATE
9545,1002376,699,PRODUCT
9546,1002376,2052,PRODUCT
9547,1002376,2078,PRODUCT
9548,1002377,2042,SUBSTRATE
9549,1002377,2072,SUBSTRATE
9550,1002377,699,PRODUCT
9551,1002377,2056,PRODUCT
9552,1002377,2083,PRODUCT
9553,1002378,2042,SUBSTRATE
9554,1002378,2074,SUBSTRATE
9555,1002378,699,PRODUCT
9556,1002378,2044,PRODUCT
9557,1002378,2083,PRODUCT
9558,1002379,2042,SUBSTRATE
9559,1002379,2076,SUBSTRATE
9560,1002379,699,PRODUCT
9561,1002379,2057,PRODUCT
9562,1002379,2083,PRODUCT
9563,1002380,2042,SUBSTRATE
9564,1002380,2078,SUBSTRATE
9565,1002380,699,PRODUCT
9566,1002380,2052,PRODUCT
9567,1002380,2083,PRODUCT
9568,1002381,1916,SUBSTRATE
9569,1002381,2042,SUBSTRATE
9570,1002381,699,PRODUCT
9571,1002381,2044,PRODUCT
9572,1002381,2084,PRODUCT
9573,1002382,1919,SUBSTRATE
9574,1002382,2042,SUBSTRATE
9575,1002382,699,PRODUCT
9576,1002382,2044,PRODUCT
9577,1002382,2085,PRODUCT
9578,1002383,1921,SUBSTRATE
9579,1002383,2042,SUBSTRATE
9580,1002383,699,PRODUCT
9581,1002383,2044,PRODUCT
9582,1002383,2086,PRODUCT
9583,1002384,1923,SUBSTRATE
9584,1002384,2042,SUBSTRATE
9585,1002384,699,PRODUCT
9586,1002384,2044,PRODUCT
9587,1002384,2087,PRODUCT
9588,1002385,1925,SUBSTRATE
9589,1002385,2042,SUBSTRATE
9590,1002385,699,PRODUCT
9591,1002385,2052,PRODUCT
9592,1002385,2084,PRODUCT
9593,1002386,1927,SUBSTRATE
9594,1002386,2042,SUBSTRATE
9595,1002386,699,PRODUCT
9596,1002386,2052,PRODUCT
9597,1002386,2085,PRODUCT
9598,1002387,1929,SUBSTRATE
9599,1002387,2042,SUBSTRATE
9600,1002387,699,PRODUCT
9601,1002387,2052,PRODUCT
9602,1002387,2086,PRODUCT
9603,1002388,1931,SUBSTRATE
9604,1002388,2042,SUBSTRATE
9605,1002388,699,PRODUCT
9606,1002388,2052,PRODUCT
9607,1002388,2087,PRODUCT
9608,1002389,2042,SUBSTRATE
9609,1002389,2084,SUBSTRATE
9610,1002389,699,PRODUCT
9611,1002389,2056,PRODUCT
9612,1002389,2088,PRODUCT
9613,1002390,2042,SUBSTRATE
9614,1002390,2085,SUBSTRATE
9615,1002390,699,PRODUCT
9616,1002390,2044,PRODUCT
9617,1002390,2088,PRODUCT
9618,1002391,2042,SUBSTRATE
9619,1002391,2086,SUBSTRATE
9620,1002391,699,PRODUCT
9621,1002391,2057,PRODUCT
9622,1002391,2088,PRODUCT
9623,1002392,2042,SUBSTRATE
9624,1002392,2087,SUBSTRATE
9625,1002392,699,PRODUCT
9626,1002392,2052,PRODUCT
9627,1002392,2088,PRODUCT
9628,1002393,709,SUBSTRATE
9629,1002393,2089,SUBSTRATE
9630,1002393,700,PRODUCT
9631,1002393,2090,PRODUCT
9632,1002393,2091,PRODUCT
9633,1002394,709,SUBSTRATE
9634,1002394,2092,SUBSTRATE
9635,1002394,700,PRODUCT
9636,1002394,2091,PRODUCT
9637,1002394,2093,PRODUCT
9638,1002395,709,SUBSTRATE
9639,1002395,2094,SUBSTRATE
9640,1002395,700,PRODUCT
9641,1002395,2091,PRODUCT
9642,1002395,2095,PRODUCT
9643,1002396,709,SUBSTRATE
9644,1002396,2096,SUBSTRATE
9645,1002396,700,PRODUCT
9646,1002396,2091,PRODUCT
9647,1002396,2097,PRODUCT
9648,1002397,709,SUBSTRATE
9649,1002397,2098,SUBSTRATE
9650,1002397,700,PRODUCT
9651,1002397,2091,PRODUCT
9652,1002397,2099,PRODUCT
9653,1002398,709,SUBSTRATE
9654,1002398,2100,SUBSTRATE
9655,1002398,700,PRODUCT
9656,1002398,2091,PRODUCT
9657,1002398,2101,PRODUCT
9658,1002399,709,SUBSTRATE
9659,1002399,2102,SUBSTRATE
9660,1002399,700,PRODUCT
9661,1002399,2091,PRODUCT
9662,1002399,2103,PRODUCT
9663,1002400,709,SUBSTRATE
9664,1002400,2104,SUBSTRATE
9665,1002400,700,PRODUCT
9666,1002400,2091,PRODUCT
9667,1002400,2105,PRODUCT
9668,1002401,714,SUBSTRATE
9669,1002401,1993,SUBSTRATE
9670,1002401,174,PRODUCT
9671,1002401,706,PRODUCT
9672,1002401,2106,PRODUCT
9673,1002402,714,SUBSTRATE
9674,1002402,1994,SUBSTRATE
9675,1002402,174,PRODUCT
9676,1002402,706,PRODUCT
9677,1002402,2107,PRODUCT
9678,1002403,714,SUBSTRATE
9679,1002403,1995,SUBSTRATE
9680,1002403,174,PRODUCT
9681,1002403,706,PRODUCT
9682,1002403,2108,PRODUCT
9683,1002404,714,SUBSTRATE
9684,1002404,1996,SUBSTRATE
9685,1002404,174,PRODUCT
9686,1002404,706,PRODUCT
9687,1002404,2109,PRODUCT
9688,1002405,714,SUBSTRATE
9689,1002405,1997,SUBSTRATE
9690,1002405,174,PRODUCT
9691,1002405,706,PRODUCT
9692,1002405,2110,PRODUCT
9693,1002406,714,SUBSTRATE
9694,1002406,1998,SUBSTRATE
9695,1002406,174,PRODUCT
9696,1002406,706,PRODUCT
9697,1002406,2111,PRODUCT
9698,1002407,714,SUBSTRATE
9699,1002407,1999,SUBSTRATE
9700,1002407,174,PRODUCT
9701,1002407,706,PRODUCT
9702,1002407,2112,PRODUCT
9703,1002408,714,SUBSTRATE
9704,1002408,2000,SUBSTRATE
9705,1002408,174,PRODUCT
9706,1002408,706,PRODUCT
9707,1002408,2113,PRODUCT
9708,1002409,1819,SUBSTRATE
9709,1002409,1820,SUBSTRATE
9710,1002409,1687,PRODUCT
9711,1002409,1811,PRODUCT
9712,1002409,2114,PRODUCT
9713,1002410,1819,SUBSTRATE
9714,1002410,1822,SUBSTRATE
9715,1002410,1687,PRODUCT
9716,1002410,1811,PRODUCT
9717,1002410,2115,PRODUCT
9718,1002411,1819,SUBSTRATE
9719,1002411,1823,SUBSTRATE
9720,1002411,1687,PRODUCT
9721,1002411,1811,PRODUCT
9722,1002411,2116,PRODUCT
9723,1002412,1819,SUBSTRATE
9724,1002412,1824,SUBSTRATE
9725,1002412,1687,PRODUCT
9726,1002412,1811,PRODUCT
9727,1002412,2117,PRODUCT
9728,1002413,1819,SUBSTRATE
9729,1002413,1825,SUBSTRATE
9730,1002413,1687,PRODUCT
9731,1002413,1811,PRODUCT
9732,1002413,2118,PRODUCT
9733,1002414,1819,SUBSTRATE
9734,1002414,1826,SUBSTRATE
9735,1002414,1687,PRODUCT
9736,1002414,1811,PRODUCT
9737,1002414,2119,PRODUCT
9738,1002415,699,SUBSTRATE
9739,1002415,2041,SUBSTRATE
9740,1002415,2042,SUBSTRATE
9741,1002415,486,PRODUCT
9742,1002415,2120,PRODUCT
9743,1002416,699,SUBSTRATE
9744,1002416,2042,SUBSTRATE
9745,1002416,2045,SUBSTRATE
9746,1002416,486,PRODUCT
9747,1002416,2121,PRODUCT
9748,1002417,699,SUBSTRATE
9749,1002417,2042,SUBSTRATE
9750,1002417,2047,SUBSTRATE
9751,1002417,486,PRODUCT
9752,1002417,2122,PRODUCT
9753,1002418,699,SUBSTRATE
9754,1002418,2042,SUBSTRATE
9755,1002418,2049,SUBSTRATE
9756,1002418,486,PRODUCT
9757,1002418,2123,PRODUCT
9758,1002419,699,SUBSTRATE
9759,1002419,2042,SUBSTRATE
9760,1002419,2051,SUBSTRATE
9761,1002419,486,PRODUCT
9762,1002419,2124,PRODUCT
9763,1002420,699,SUBSTRATE
9764,1002420,2042,SUBSTRATE
9765,1002420,2053,SUBSTRATE
9766,1002420,486,PRODUCT
9767,1002420,2125,PRODUCT
9768,1002421,699,SUBSTRATE
9769,1002421,2042,SUBSTRATE
9770,1002421,2054,SUBSTRATE
9771,1002421,486,PRODUCT
9772,1002421,2126,PRODUCT
9773,1002422,699,SUBSTRATE
9774,1002422,2042,SUBSTRATE
9775,1002422,2055,SUBSTRATE
9776,1002422,486,PRODUCT
9777,1002422,2127,PRODUCT
9778,1002423,2042,SUBSTRATE
9779,1002423,2128,SUBSTRATE
9780,1002423,699,PRODUCT
9781,1002423,1916,PRODUCT
9782,1002423,2129,PRODUCT
9783,1002424,2042,SUBSTRATE
9784,1002424,2130,SUBSTRATE
9785,1002424,699,PRODUCT
9786,1002424,1919,PRODUCT
9787,1002424,2129,PRODUCT
9788,1002425,2042,SUBSTRATE
9789,1002425,2131,SUBSTRATE
9790,1002425,699,PRODUCT
9791,1002425,1921,PRODUCT
9792,1002425,2129,PRODUCT
9793,1002426,2042,SUBSTRATE
9794,1002426,2132,SUBSTRATE
9795,1002426,699,PRODUCT
9796,1002426,1923,PRODUCT
9797,1002426,2129,PRODUCT
9798,1002427,2042,SUBSTRATE
9799,1002427,2133,SUBSTRATE
9800,1002427,699,PRODUCT
9801,1002427,1925,PRODUCT
9802,1002427,2129,PRODUCT
9803,1002428,2042,SUBSTRATE
9804,1002428,2134,SUBSTRATE
9805,1002428,699,PRODUCT
9806,1002428,1927,PRODUCT
9807,1002428,2129,PRODUCT
9808,1002429,2042,SUBSTRATE
9809,1002429,2135,SUBSTRATE
9810,1002429,699,PRODUCT
9811,1002429,1929,PRODUCT
9812,1002429,2129,PRODUCT
9813,1002430,2042,SUBSTRATE
9814,1002430,2136,SUBSTRATE
9815,1002430,699,PRODUCT
9816,1002430,1931,PRODUCT
9817,1002430,2129,PRODUCT
9818,1002431,709,SUBSTRATE
9819,1002431,2137,SUBSTRATE
9820,1002431,700,PRODUCT
9821,1002431,1134,PRODUCT
9822,1002431,2138,PRODUCT
9823,1002432,709,SUBSTRATE
9824,1002432,2139,SUBSTRATE
9825,1002432,700,PRODUCT
9826,1002432,1134,PRODUCT
9827,1002432,2140,PRODUCT
9828,1002433,709,SUBSTRATE
9829,1002433,2141,SUBSTRATE
9830,1002433,700,PRODUCT
9831,1002433,1134,PRODUCT
9832,1002433,2142,PRODUCT
9833,1002434,709,SUBSTRATE
9834,1002434,2143,SUBSTRATE
9835,1002434,700,PRODUCT
9836,1002434,1134,PRODUCT
9837,1002434,2144,PRODUCT
9838,1002435,709,SUBSTRATE
9839,1002435,2145,SUBSTRATE
9840,1002435,700,PRODUCT
9841,1002435,1134,PRODUCT
9842,1002435,2146,PRODUCT
9843,1002436,709,SUBSTRATE
9844,1002436,2147,SUBSTRATE
9845,1002436,700,PRODUCT
9846,1002436,1134,PRODUCT
9847,1002436,2148,PRODUCT
9848,1002437,709,SUBSTRATE
9849,1002437,2149,SUBSTRATE
9850,1002437,700,PRODUCT
9851,1002437,1134,PRODUCT
9852,1002437,2150,PRODUCT
9853,1002438,709,SUBSTRATE
9854,1002438,2151,SUBSTRATE
9855,1002438,700,PRODUCT
9856,1002438,1134,PRODUCT
9857,1002438,2152,PRODUCT
9858,1002439,1405,SUBSTRATE
9859,1002439,2153,SUBSTRATE
9860,1002439,1380,PRODUCT
9861,1002439,1559,PRODUCT
9862,1002439,1711,PRODUCT
9863,1002440,1405,SUBSTRATE
9864,1002440,2154,SUBSTRATE
9865,1002440,1380,PRODUCT
9866,1002440,1559,PRODUCT
9867,1002440,1712,PRODUCT
9868,1002441,1405,SUBSTRATE
9869,1002441,2155,SUBSTRATE
9870,1002441,1380,PRODUCT
9871,1002441,1559,PRODUCT
9872,1002441,1713,PRODUCT
9873,1002442,1405,SUBSTRATE
9874,1002442,2156,SUBSTRATE
9875,1002442,1380,PRODUCT
9876,1002442,1559,PRODUCT
9877,1002442,1714,PRODUCT
9878,1002443,1405,SUBSTRATE
9879,1002443,2157,SUBSTRATE
9880,1002443,1380,PRODUCT
9881,1002443,1559,PRODUCT
9882,1002443,1715,PRODUCT
9883,1002444,1405,SUBSTRATE
9884,1002444,2158,SUBSTRATE
9885,1002444,1380,PRODUCT
9886,1002444,1559,PRODUCT
9887,1002444,1716,PRODUCT
9888,1002445,1405,SUBSTRATE
9889,1002445,2159,SUBSTRATE
9890,1002445,1380,PRODUCT
9891,1002445,1559,PRODUCT
9892,1002445,1717,PRODUCT
9893,1002446,1405,SUBSTRATE
9894,1002446,2160,SUBSTRATE
9895,1002446,1380,PRODUCT
9896,1002446,1559,PRODUCT
9897,1002446,1718,PRODUCT
9898,1002447,1587,SUBSTRATE
9899,1002447,2161,SUBSTRATE
9900,1002447,1588,PRODUCT
9901,1002447,1739,PRODUCT
9902,1002447,1951,PRODUCT
9903,1002448,1587,SUBSTRATE
9904,1002448,2162,SUBSTRATE
9905,1002448,1588,PRODUCT
9906,1002448,1739,PRODUCT
9907,1002448,1955,PRODUCT
9908,1002449,1587,SUBSTRATE
9909,1002449,2163,SUBSTRATE
9910,1002449,1588,PRODUCT
9911,1002449,1739,PRODUCT
9912,1002449,1957,PRODUCT
9913,1002450,1587,SUBSTRATE
9914,1002450,2164,SUBSTRATE
9915,1002450,1588,PRODUCT
9916,1002450,1739,PRODUCT
9917,1002450,1959,PRODUCT
9918,1002451,1587,SUBSTRATE
9919,1002451,2165,SUBSTRATE
9920,1002451,1588,PRODUCT
9921,1002451,1739,PRODUCT
9922,1002451,1961,PRODUCT
9923,1002452,1587,SUBSTRATE
9924,1002452,2166,SUBSTRATE
9925,1002452,1588,PRODUCT
9926,1002452,1739,PRODUCT
9927,1002452,1963,PRODUCT
9928,1002453,1587,SUBSTRATE
9929,1002453,2167,SUBSTRATE
9930,1002453,1588,PRODUCT
9931,1002453,1739,PRODUCT
9932,1002453,1965,PRODUCT
9933,1002454,1587,SUBSTRATE
9934,1002454,2168,SUBSTRATE
9935,1002454,1588,PRODUCT
9936,1002454,1739,PRODUCT
9937,1002454,1967,PRODUCT
9938,1002455,1918,SUBSTRATE
9939,1002455,2042,SUBSTRATE
9940,1002455,699,PRODUCT
9941,1002455,1916,PRODUCT
9942,1002455,2129,PRODUCT
9943,1002456,1920,SUBSTRATE
9944,1002456,2042,SUBSTRATE
9945,1002456,699,PRODUCT
9946,1002456,1919,PRODUCT
9947,1002456,2129,PRODUCT
9948,1002457,1922,SUBSTRATE
9949,1002457,2042,SUBSTRATE
9950,1002457,699,PRODUCT
9951,1002457,1921,PRODUCT
9952,1002457,2129,PRODUCT
9953,1002458,1924,SUBSTRATE
9954,1002458,2042,SUBSTRATE
9955,1002458,699,PRODUCT
9956,1002458,1923,PRODUCT
9957,1002458,2129,PRODUCT
9958,1002459,1926,SUBSTRATE
9959,1002459,2042,SUBSTRATE
9960,1002459,699,PRODUCT
9961,1002459,1925,PRODUCT
9962,1002459,2129,PRODUCT
9963,1002460,1928,SUBSTRATE
9964,1002460,2042,SUBSTRATE
9965,1002460,699,PRODUCT
9966,1002460,1927,PRODUCT
9967,1002460,2129,PRODUCT
9968,1002461,1930,SUBSTRATE
9969,1002461,2042,SUBSTRATE
9970,1002461,699,PRODUCT
9971,1002461,1929,PRODUCT
9972,1002461,2129,PRODUCT
9973,1002462,1932,SUBSTRATE
9974,1002462,2042,SUBSTRATE
9975,1002462,699,PRODUCT
9976,1002462,1931,PRODUCT
9977,1002462,2129,PRODUCT
9978,1002463,709,SUBSTRATE
9979,1002463,2169,SUBSTRATE
9980,1002463,700,PRODUCT
9981,1002463,1134,PRODUCT
9982,1002463,2138,PRODUCT
9983,1002464,709,SUBSTRATE
9984,1002464,2170,SUBSTRATE
9985,1002464,700,PRODUCT
9986,1002464,1134,PRODUCT
9987,1002464,2140,PRODUCT
9988,1002465,709,SUBSTRATE
9989,1002465,2171,SUBSTRATE
9990,1002465,700,PRODUCT
9991,1002465,1134,PRODUCT
9992,1002465,2142,PRODUCT
9993,1002466,709,SUBSTRATE
9994,1002466,2172,SUBSTRATE
9995,1002466,700,PRODUCT
9996,1002466,1134,PRODUCT
9997,1002466,2144,PRODUCT
9998,1002467,709,SUBSTRATE
9999,1002467,2173,SUBSTRATE
10000,1002467,700,PRODUCT
10001,1002467,1134,PRODUCT
10002,1002467,2146,PRODUCT
10003,1002468,709,SUBSTRATE
10004,1002468,2174,SUBSTRATE
10005,1002468,700,PRODUCT
10006,1002468,1134,PRODUCT
10007,1002468,2148,PRODUCT
10008,1002469,709,SUBSTRATE
10009,1002469,2175,SUBSTRATE
10010,1002469,700,PRODUCT
10011,1002469,1134,PRODUCT
10012,1002469,2150,PRODUCT
10013,1002470,709,SUBSTRATE
10014,1002470,2176,SUBSTRATE
10015,1002470,700,PRODUCT
10016,1002470,1134,PRODUCT
10017,1002470,2152,PRODUCT
10018,1002471,1405,SUBSTRATE
10019,1002471,2177,SUBSTRATE
10020,1002471,1380,PRODUCT
10021,1002471,1559,PRODUCT
10022,1002471,1711,PRODUCT
10023,1002472,1405,SUBSTRATE
10024,1002472,2178,SUBSTRATE
10025,1002472,1380,PRODUCT
10026,1002472,1559,PRODUCT
10027,1002472,1712,PRODUCT
10028,1002473,1405,SUBSTRATE
10029,1002473,2179,SUBSTRATE
10030,1002473,1380,PRODUCT
10031,1002473,1559,PRODUCT
10032,1002473,1713,PRODUCT
10033,1002474,1405,SUBSTRATE
10034,1002474,2180,SUBSTRATE
10035,1002474,1380,PRODUCT
10036,1002474,1559,PRODUCT
10037,1002474,1714,PRODUCT
10038,1002475,1405,SUBSTRATE
10039,1002475,2181,SUBSTRATE
10040,1002475,1380,PRODUCT
10041,1002475,1559,PRODUCT
10042,1002475,1715,PRODUCT
10043,1002476,1405,SUBSTRATE
10044,1002476,2182,SUBSTRATE
10045,1002476,1380,PRODUCT
10046,1002476,1559,PRODUCT
10047,1002476,1716,PRODUCT
10048,1002477,1405,SUBSTRATE
10049,1002477,2183,SUBSTRATE
10050,1002477,1380,PRODUCT
10051,1002477,1559,PRODUCT
10052,1002477,1717,PRODUCT
10053,1002478,1405,SUBSTRATE
10054,1002478,2184,SUBSTRATE
10055,1002478,1380,PRODUCT
10056,1002478,1559,PRODUCT
10057,1002478,1718,PRODUCT
10058,1002479,1587,SUBSTRATE
10059,1002479,1954,SUBSTRATE
10060,1002479,1588,PRODUCT
10061,1002479,1739,PRODUCT
10062,1002479,1951,PRODUCT
10063,1002480,1587,SUBSTRATE
10064,1002480,1956,SUBSTRATE
10065,1002480,1588,PRODUCT
10066,1002480,1739,PRODUCT
10067,1002480,1955,PRODUCT
10068,1002481,1587,SUBSTRATE
10069,1002481,1958,SUBSTRATE
10070,1002481,1588,PRODUCT
10071,1002481,1739,PRODUCT
10072,1002481,1957,PRODUCT
10073,1002482,1587,SUBSTRATE
10074,1002482,1960,SUBSTRATE
10075,1002482,1588,PRODUCT
10076,1002482,1739,PRODUCT
10077,1002482,1959,PRODUCT
10078,1002483,1587,SUBSTRATE
10079,1002483,1962,SUBSTRATE
10080,1002483,1588,PRODUCT
10081,1002483,1739,PRODUCT
10082,1002483,1961,PRODUCT
10083,1002484,1587,SUBSTRATE
10084,1002484,1964,SUBSTRATE
10085,1002484,1588,PRODUCT
10086,1002484,1739,PRODUCT
10087,1002484,1963,PRODUCT
10088,1002485,1587,SUBSTRATE
10089,1002485,1966,SUBSTRATE
10090,1002485,1588,PRODUCT
10091,1002485,1739,PRODUCT
10092,1002485,1965,PRODUCT
10093,1002486,1587,SUBSTRATE
10094,1002486,1968,SUBSTRATE
10095,1002486,1588,PRODUCT
10096,1002486,1739,PRODUCT
10097,1002486,1967,PRODUCT
10098,1002487,2042,SUBSTRATE
10099,1002487,2185,SUBSTRATE
10100,1002487,699,PRODUCT
10101,1002487,2128,PRODUCT
10102,1002487,2129,PRODUCT
10103,1002488,2042,SUBSTRATE
10104,1002488,2186,SUBSTRATE
10105,1002488,699,PRODUCT
10106,1002488,2129,PRODUCT
10107,1002488,2130,PRODUCT
10108,1002489,2042,SUBSTRATE
10109,1002489,2187,SUBSTRATE
10110,1002489,699,PRODUCT
10111,1002489,2129,PRODUCT
10112,1002489,2131,PRODUCT
10113,1002490,2042,SUBSTRATE
10114,1002490,2188,SUBSTRATE
10115,1002490,699,PRODUCT
10116,1002490,2129,PRODUCT
10117,1002490,2132,PRODUCT
10118,1002491,2042,SUBSTRATE
10119,1002491,2189,SUBSTRATE
10120,1002491,699,PRODUCT
10121,1002491,2129,PRODUCT
10122,1002491,2133,PRODUCT
10123,1002492,2042,SUBSTRATE
10124,1002492,2190,SUBSTRATE
10125,1002492,699,PRODUCT
10126,1002492,2129,PRODUCT
10127,1002492,2134,PRODUCT
10128,1002493,2042,SUBSTRATE
10129,1002493,2191,SUBSTRATE
10130,1002493,699,PRODUCT
10131,1002493,2129,PRODUCT
10132,1002493,2135,PRODUCT
10133,1002494,2042,SUBSTRATE
10134,1002494,2192,SUBSTRATE
10135,1002494,699,PRODUCT
10136,1002494,2129,PRODUCT
10137,1002494,2136,PRODUCT
10138,1002495,709,SUBSTRATE
10139,1002495,2193,SUBSTRATE
10140,1002495,700,PRODUCT
10141,1002495,1134,PRODUCT
10142,1002495,2137,PRODUCT
10143,1002496,709,SUBSTRATE
10144,1002496,2194,SUBSTRATE
10145,1002496,700,PRODUCT
10146,1002496,1134,PRODUCT
10147,1002496,2139,PRODUCT
10148,1002497,709,SUBSTRATE
10149,1002497,2195,SUBSTRATE
10150,1002497,700,PRODUCT
10151,1002497,1134,PRODUCT
10152,1002497,2141,PRODUCT
10153,1002498,709,SUBSTRATE
10154,1002498,2196,SUBSTRATE
10155,1002498,700,PRODUCT
10156,1002498,1134,PRODUCT
10157,1002498,2143,PRODUCT
10158,1002499,709,SUBSTRATE
10159,1002499,2197,SUBSTRATE
10160,1002499,700,PRODUCT
10161,1002499,1134,PRODUCT
10162,1002499,2145,PRODUCT
10163,1002500,709,SUBSTRATE
10164,1002500,2198,SUBSTRATE
10165,1002500,700,PRODUCT
10166,1002500,1134,PRODUCT
10167,1002500,2147,PRODUCT
10168,1002501,709,SUBSTRATE
10169,1002501,2199,SUBSTRATE
10170,1002501,700,PRODUCT
10171,1002501,1134,PRODUCT
10172,1002501,2149,PRODUCT
10173,1002502,709,SUBSTRATE
10174,1002502,2200,SUBSTRATE
10175,1002502,700,PRODUCT
10176,1002502,1134,PRODUCT
10177,1002502,2151,PRODUCT
10178,1002503,2001,SUBSTRATE
10179,1002503,2042,SUBSTRATE
10180,1002503,699,PRODUCT
10181,1002503,1918,PRODUCT
10182,1002503,2129,PRODUCT
10183,1002504,2002,SUBSTRATE
10184,1002504,2042,SUBSTRATE
10185,1002504,699,PRODUCT
10186,1002504,1920,PRODUCT
10187,1002504,2129,PRODUCT
10188,1002505,2003,SUBSTRATE
10189,1002505,2042,SUBSTRATE
10190,1002505,699,PRODUCT
10191,1002505,1922,PRODUCT
10192,1002505,2129,PRODUCT
10193,1002506,2004,SUBSTRATE
10194,1002506,2042,SUBSTRATE
10195,1002506,699,PRODUCT
10196,1002506,1924,PRODUCT
10197,1002506,2129,PRODUCT
10198,1002507,2005,SUBSTRATE
10199,1002507,2042,SUBSTRATE
10200,1002507,699,PRODUCT
10201,1002507,1926,PRODUCT
10202,1002507,2129,PRODUCT
10203,1002508,2006,SUBSTRATE
10204,1002508,2042,SUBSTRATE
10205,1002508,699,PRODUCT
10206,1002508,1928,PRODUCT
10207,1002508,2129,PRODUCT
10208,1002509,2007,SUBSTRATE
10209,1002509,2042,SUBSTRATE
10210,1002509,699,PRODUCT
10211,1002509,1930,PRODUCT
10212,1002509,2129,PRODUCT
10213,1002510,2008,SUBSTRATE
10214,1002510,2042,SUBSTRATE
10215,1002510,699,PRODUCT
10216,1002510,1932,PRODUCT
10217,1002510,2129,PRODUCT
10218,1002511,709,SUBSTRATE
10219,1002511,2089,SUBSTRATE
10220,1002511,700,PRODUCT
10221,1002511,1134,PRODUCT
10222,1002511,2169,PRODUCT
10223,1002512,709,SUBSTRATE
10224,1002512,2092,SUBSTRATE
10225,1002512,700,PRODUCT
10226,1002512,1134,PRODUCT
10227,1002512,2170,PRODUCT
10228,1002513,709,SUBSTRATE
10229,1002513,2094,SUBSTRATE
10230,1002513,700,PRODUCT
10231,1002513,1134,PRODUCT
10232,1002513,2171,PRODUCT
10233,1002514,709,SUBSTRATE
10234,1002514,2096,SUBSTRATE
10235,1002514,700,PRODUCT
10236,1002514,1134,PRODUCT
10237,1002514,2172,PRODUCT
10238,1002515,709,SUBSTRATE
10239,1002515,2098,SUBSTRATE
10240,1002515,700,PRODUCT
10241,1002515,1134,PRODUCT
10242,1002515,2173,PRODUCT
10243,1002516,709,SUBSTRATE
10244,1002516,2100,SUBSTRATE
10245,1002516,700,PRODUCT
10246,1002516,1134,PRODUCT
10247,1002516,2174,PRODUCT
10248,1002517,709,SUBSTRATE
10249,1002517,2102,SUBSTRATE
10250,1002517,700,PRODUCT
10251,1002517,1134,PRODUCT
10252,1002517,2175,PRODUCT
10253,1002518,709,SUBSTRATE
10254,1002518,2104,SUBSTRATE
10255,1002518,700,PRODUCT
10256,1002518,1134,PRODUCT
10257,1002518,2176,PRODUCT
10258,1002519,1405,SUBSTRATE
10259,1002519,2201,SUBSTRATE
10260,1002519,1380,PRODUCT
10261,1002519,1559,PRODUCT
10262,1002519,2177,PRODUCT
10263,1002520,1405,SUBSTRATE
10264,1002520,2202,SUBSTRATE
10265,1002520,1380,PRODUCT
10266,1002520,1559,PRODUCT
10267,1002520,2178,PRODUCT
10268,1002521,1405,SUBSTRATE
10269,1002521,2203,SUBSTRATE
10270,1002521,1380,PRODUCT
10271,1002521,1559,PRODUCT
10272,1002521,2179,PRODUCT
10273,1002522,1405,SUBSTRATE
10274,1002522,2204,SUBSTRATE
10275,1002522,1380,PRODUCT
10276,1002522,1559,PRODUCT
10277,1002522,2180,PRODUCT
10278,1002523,1405,SUBSTRATE
10279,1002523,2205,SUBSTRATE
10280,1002523,1380,PRODUCT
10281,1002523,1559,PRODUCT
10282,1002523,2181,PRODUCT
10283,1002524,1405,SUBSTRATE
10284,1002524,2206,SUBSTRATE
10285,1002524,1380,PRODUCT
10286,1002524,1559,PRODUCT
10287,1002524,2182,PRODUCT
10288,1002525,1405,SUBSTRATE
10289,1002525,2207,SUBSTRATE
10290,1002525,1380,PRODUCT
10291,1002525,1559,PRODUCT
10292,1002525,2183,PRODUCT
10293,1002526,1405,SUBSTRATE
10294,1002526,2208,SUBSTRATE
10295,1002526,1380,PRODUCT
10296,1002526,1559,PRODUCT
10297,1002526,2184,PRODUCT
10298,1002527,1569,SUBSTRATE
10299,1002527,2009,SUBSTRATE
10300,1002527,1570,PRODUCT
10301,1002527,1757,PRODUCT
10302,1002527,1985,PRODUCT
10303,1002528,1569,SUBSTRATE
10304,1002528,2010,SUBSTRATE
10305,1002528,1570,PRODUCT
10306,1002528,1757,PRODUCT
10307,1002528,1986,PRODUCT
10308,1002529,1569,SUBSTRATE
10309,1002529,2011,SUBSTRATE
10310,1002529,1570,PRODUCT
10311,1002529,1757,PRODUCT
10312,1002529,1987,PRODUCT
10313,1002530,1569,SUBSTRATE
10314,1002530,2012,SUBSTRATE
10315,1002530,1570,PRODUCT
10316,1002530,1757,PRODUCT
10317,1002530,1988,PRODUCT
10318,1002531,1569,SUBSTRATE
10319,1002531,2013,SUBSTRATE
10320,1002531,1570,PRODUCT
10321,1002531,1757,PRODUCT
10322,1002531,1989,PRODUCT
10323,1002532,1569,SUBSTRATE
10324,1002532,2014,SUBSTRATE
10325,1002532,1570,PRODUCT
10326,1002532,1757,PRODUCT
10327,1002532,1990,PRODUCT
10328,1002533,1569,SUBSTRATE
10329,1002533,2015,SUBSTRATE
10330,1002533,1570,PRODUCT
10331,1002533,1757,PRODUCT
10332,1002533,1991,PRODUCT
10333,1002534,1569,SUBSTRATE
10334,1002534,2016,SUBSTRATE
10335,1002534,1570,PRODUCT
10336,1002534,1757,PRODUCT
10337,1002534,1992,PRODUCT
10338,1002535,1569,SUBSTRATE
10339,1002535,2209,SUBSTRATE
10340,1002535,1568,PRODUCT
10341,1002535,1570,PRODUCT
10342,1002535,1757,PRODUCT
10343,1002536,1569,SUBSTRATE
10344,1002536,2210,SUBSTRATE
10345,1002536,1570,PRODUCT
10346,1002536,1574,PRODUCT
10347,1002536,1757,PRODUCT
10348,1002537,1569,SUBSTRATE
10349,1002537,2211,SUBSTRATE
10350,1002537,1570,PRODUCT
10351,1002537,1578,PRODUCT
10352,1002537,1757,PRODUCT
10353,1002538,1569,SUBSTRATE
10354,1002538,2212,SUBSTRATE
10355,1002538,1570,PRODUCT
10356,1002538,1582,PRODUCT
10357,1002538,1757,PRODUCT
10358,1002539,1569,SUBSTRATE
10359,1002539,2213,SUBSTRATE
10360,1002539,1570,PRODUCT
10361,1002539,1572,PRODUCT
10362,1002539,1757,PRODUCT
10363,1002540,1569,SUBSTRATE
10364,1002540,2214,SUBSTRATE
10365,1002540,1570,PRODUCT
10366,1002540,1576,PRODUCT
10367,1002540,1757,PRODUCT
10368,1002541,1569,SUBSTRATE
10369,1002541,2215,SUBSTRATE
10370,1002541,1570,PRODUCT
10371,1002541,1580,PRODUCT
10372,1002541,1757,PRODUCT
10373,1002542,1569,SUBSTRATE
10374,1002542,2216,SUBSTRATE
10375,1002542,1570,PRODUCT
10376,1002542,1584,PRODUCT
10377,1002542,1757,PRODUCT
10378,1002543,1587,SUBSTRATE
10379,1002543,2217,SUBSTRATE
10380,1002543,1586,PRODUCT
10381,1002543,1588,PRODUCT
10382,1002543,1739,PRODUCT
10383,1002544,1587,SUBSTRATE
10384,1002544,2218,SUBSTRATE
10385,1002544,1588,PRODUCT
10386,1002544,1592,PRODUCT
10387,1002544,1739,PRODUCT
10388,1002545,1587,SUBSTRATE
10389,1002545,2219,SUBSTRATE
10390,1002545,1588,PRODUCT
10391,1002545,1596,PRODUCT
10392,1002545,1739,PRODUCT
10393,1002546,1587,SUBSTRATE
10394,1002546,2220,SUBSTRATE
10395,1002546,1588,PRODUCT
10396,1002546,1600,PRODUCT
10397,1002546,1739,PRODUCT
10398,1002547,1587,SUBSTRATE
10399,1002547,2221,SUBSTRATE
10400,1002547,1588,PRODUCT
10401,1002547,1590,PRODUCT
10402,1002547,1739,PRODUCT
10403,1002548,1587,SUBSTRATE
10404,1002548,2222,SUBSTRATE
10405,1002548,1588,PRODUCT
10406,1002548,1594,PRODUCT
10407,1002548,1739,PRODUCT
10408,1002549,1587,SUBSTRATE
10409,1002549,2223,SUBSTRATE
10410,1002549,1588,PRODUCT
10411,1002549,1598,PRODUCT
10412,1002549,1739,PRODUCT
10413,1002550,1587,SUBSTRATE
10414,1002550,2224,SUBSTRATE
10415,1002550,1588,PRODUCT
10416,1002550,1602,PRODUCT
10417,1002550,1739,PRODUCT
10418,1002551,709,SUBSTRATE
10419,1002551,2225,SUBSTRATE
10420,1002551,700,PRODUCT
10421,1002551,1134,PRODUCT
10422,1002551,2226,PRODUCT
10423,1002552,709,SUBSTRATE
10424,1002552,2227,SUBSTRATE
10425,1002552,700,PRODUCT
10426,1002552,1134,PRODUCT
10427,1002552,2228,PRODUCT
10428,1002553,709,SUBSTRATE
10429,1002553,2229,SUBSTRATE
10430,1002553,700,PRODUCT
10431,1002553,1134,PRODUCT
10432,1002553,2230,PRODUCT
10433,1002554,709,SUBSTRATE
10434,1002554,2231,SUBSTRATE
10435,1002554,700,PRODUCT
10436,1002554,1134,PRODUCT
10437,1002554,2232,PRODUCT
10438,1002555,1569,SUBSTRATE
10439,1002555,2233,SUBSTRATE
10440,1002555,1570,PRODUCT
10441,1002555,1757,PRODUCT
10442,1002555,2234,PRODUCT
10443,1002556,1569,SUBSTRATE
10444,1002556,2235,SUBSTRATE
10445,1002556,1570,PRODUCT
10446,1002556,1757,PRODUCT
10447,1002556,2236,PRODUCT
10448,1002557,1569,SUBSTRATE
10449,1002557,2237,SUBSTRATE
10450,1002557,1570,PRODUCT
10451,1002557,1757,PRODUCT
10452,1002557,2238,PRODUCT
10453,1002558,1569,SUBSTRATE
10454,1002558,2239,SUBSTRATE
10455,1002558,1570,PRODUCT
10456,1002558,1757,PRODUCT
10457,1002558,2240,PRODUCT
10458,1002559,1587,SUBSTRATE
10459,1002559,2241,SUBSTRATE
10460,1002559,1588,PRODUCT
10461,1002559,1739,PRODUCT
10462,1002559,2242,PRODUCT
10463,1002560,1587,SUBSTRATE
10464,1002560,2243,SUBSTRATE
10465,1002560,1588,PRODUCT
10466,1002560,1739,PRODUCT
10467,1002560,2244,PRODUCT
10468,1002561,1587,SUBSTRATE
10469,1002561,2245,SUBSTRATE
10470,1002561,1588,PRODUCT
10471,1002561,1739,PRODUCT
10472,1002561,2246,PRODUCT
10473,1002562,1587,SUBSTRATE
10474,1002562,2247,SUBSTRATE
10475,1002562,1588,PRODUCT
10476,1002562,1739,PRODUCT
10477,1002562,2248,PRODUCT
10478,1002563,2249,SUBSTRATE
10479,1002563,2250,SUBSTRATE
10480,1002563,612,PRODUCT
10481,1002563,704,PRODUCT
10482,1002563,1441,PRODUCT
10483,1002564,2250,SUBSTRATE
10484,1002564,2251,SUBSTRATE
10485,1002564,612,PRODUCT
10486,1002564,704,PRODUCT
10487,1002564,1445,PRODUCT
10488,1002565,2250,SUBSTRATE
10489,1002565,2252,SUBSTRATE
10490,1002565,704,PRODUCT
10491,1002565,1441,PRODUCT
10492,1002565,2253,PRODUCT
10493,1002566,2250,SUBSTRATE
10494,1002566,2254,SUBSTRATE
10495,1002566,704,PRODUCT
10496,1002566,1445,PRODUCT
10497,1002566,2253,PRODUCT
10498,1002567,2250,SUBSTRATE
10499,1002567,2255,SUBSTRATE
10500,1002567,634,PRODUCT
10501,1002567,704,PRODUCT
10502,1002567,1441,PRODUCT
10503,1002568,2250,SUBSTRATE
10504,1002568,2256,SUBSTRATE
10505,1002568,634,PRODUCT
10506,1002568,704,PRODUCT
10507,1002568,1445,PRODUCT
10508,1002569,2250,SUBSTRATE
10509,1002569,2257,SUBSTRATE
10510,1002569,704,PRODUCT
10511,1002569,1441,PRODUCT
10512,1002569,2258,PRODUCT
10513,1002570,2250,SUBSTRATE
10514,1002570,2259,SUBSTRATE
10515,1002570,704,PRODUCT
10516,1002570,1445,PRODUCT
10517,1002570,2258,PRODUCT
10518,1002571,2250,SUBSTRATE
10519,1002571,2260,SUBSTRATE
10520,1002571,704,PRODUCT
10521,1002571,1315,PRODUCT
10522,1002571,1441,PRODUCT
10523,1002572,2250,SUBSTRATE
10524,1002572,2261,SUBSTRATE
10525,1002572,704,PRODUCT
10526,1002572,1315,PRODUCT
10527,1002572,1445,PRODUCT
10528,1002573,2042,SUBSTRATE
10529,1002573,2262,SUBSTRATE
10530,1002573,699,PRODUCT
10531,1002573,1312,PRODUCT
10532,1002573,2044,PRODUCT
10533,1002574,2042,SUBSTRATE
10534,1002574,2263,SUBSTRATE
10535,1002574,699,PRODUCT
10536,1002574,1312,PRODUCT
10537,1002574,2052,PRODUCT
10538,1002575,1637,SUBSTRATE
10539,1002575,2250,SUBSTRATE
10540,1002575,704,PRODUCT
10541,1002575,1439,PRODUCT
10542,1002575,1636,PRODUCT
10543,1002576,1652,SUBSTRATE
10544,1002576,2250,SUBSTRATE
10545,1002576,704,PRODUCT
10546,1002576,1441,PRODUCT
10547,1002576,1636,PRODUCT
10548,1002577,1660,SUBSTRATE
10549,1002577,2250,SUBSTRATE
10550,1002577,704,PRODUCT
10551,1002577,1443,PRODUCT
10552,1002577,1636,PRODUCT
10553,1002578,1668,SUBSTRATE
10554,1002578,2250,SUBSTRATE
10555,1002578,704,PRODUCT
10556,1002578,1445,PRODUCT
10557,1002578,1636,PRODUCT
10558,1002579,1641,SUBSTRATE
10559,1002579,2250,SUBSTRATE
10560,1002579,704,PRODUCT
10561,1002579,1439,PRODUCT
10562,1002579,1640,PRODUCT
10563,1002580,1654,SUBSTRATE
10564,1002580,2250,SUBSTRATE
10565,1002580,704,PRODUCT
10566,1002580,1441,PRODUCT
10567,1002580,1640,PRODUCT
10568,1002581,1662,SUBSTRATE
10569,1002581,2250,SUBSTRATE
10570,1002581,704,PRODUCT
10571,1002581,1443,PRODUCT
10572,1002581,1640,PRODUCT
10573,1002582,1670,SUBSTRATE
10574,1002582,2250,SUBSTRATE
10575,1002582,704,PRODUCT
10576,1002582,1445,PRODUCT
10577,1002582,1640,PRODUCT
10578,1002583,1645,SUBSTRATE
10579,1002583,2250,SUBSTRATE
10580,1002583,704,PRODUCT
10581,1002583,1439,PRODUCT
10582,1002583,1644,PRODUCT
10583,1002584,1656,SUBSTRATE
10584,1002584,2250,SUBSTRATE
10585,1002584,704,PRODUCT
10586,1002584,1441,PRODUCT
10587,1002584,1644,PRODUCT
10588,1002585,1664,SUBSTRATE
10589,1002585,2250,SUBSTRATE
10590,1002585,704,PRODUCT
10591,1002585,1443,PRODUCT
10592,1002585,1644,PRODUCT
10593,1002586,1672,SUBSTRATE
10594,1002586,2250,SUBSTRATE
10595,1002586,704,PRODUCT
10596,1002586,1445,PRODUCT
10597,1002586,1644,PRODUCT
10598,1002587,1649,SUBSTRATE
10599,1002587,2250,SUBSTRATE
10600,1002587,704,PRODUCT
10601,1002587,1439,PRODUCT
10602,1002587,1648,PRODUCT
10603,1002588,1658,SUBSTRATE
10604,1002588,2250,SUBSTRATE
10605,1002588,704,PRODUCT
10606,1002588,1441,PRODUCT
10607,1002588,1648,PRODUCT
10608,1002589,1666,SUBSTRATE
10609,1002589,2250,SUBSTRATE
10610,1002589,704,PRODUCT
10611,1002589,1443,PRODUCT
10612,1002589,1648,PRODUCT
10613,1002590,1674,SUBSTRATE
10614,1002590,2250,SUBSTRATE
10615,1002590,704,PRODUCT
10616,1002590,1445,PRODUCT
10617,1002590,1648,PRODUCT
10618,1002591,1639,SUBSTRATE
10619,1002591,2250,SUBSTRATE
10620,1002591,704,PRODUCT
10621,1002591,1439,PRODUCT
10622,1002591,1638,PRODUCT
10623,1002592,1653,SUBSTRATE
10624,1002592,2250,SUBSTRATE
10625,1002592,704,PRODUCT
10626,1002592,1441,PRODUCT
10627,1002592,1638,PRODUCT
10628,1002593,1661,SUBSTRATE
10629,1002593,2250,SUBSTRATE
10630,1002593,704,PRODUCT
10631,1002593,1443,PRODUCT
10632,1002593,1638,PRODUCT
10633,1002594,1669,SUBSTRATE
10634,1002594,2250,SUBSTRATE
10635,1002594,704,PRODUCT
10636,1002594,1445,PRODUCT
10637,1002594,1638,PRODUCT
10638,1002595,1643,SUBSTRATE
10639,1002595,2250,SUBSTRATE
10640,1002595,704,PRODUCT
10641,1002595,1439,PRODUCT
10642,1002595,1642,PRODUCT
10643,1002596,1655,SUBSTRATE
10644,1002596,2250,SUBSTRATE
10645,1002596,704,PRODUCT
10646,1002596,1441,PRODUCT
10647,1002596,1642,PRODUCT
10648,1002597,1663,SUBSTRATE
10649,1002597,2250,SUBSTRATE
10650,1002597,704,PRODUCT
10651,1002597,1443,PRODUCT
10652,1002597,1642,PRODUCT
10653,1002598,1671,SUBSTRATE
10654,1002598,2250,SUBSTRATE
10655,1002598,704,PRODUCT
10656,1002598,1445,PRODUCT
10657,1002598,1642,PRODUCT
10658,1002599,1647,SUBSTRATE
10659,1002599,2250,SUBSTRATE
10660,1002599,704,PRODUCT
10661,1002599,1439,PRODUCT
10662,1002599,1646,PRODUCT
10663,1002600,1657,SUBSTRATE
10664,1002600,2250,SUBSTRATE
10665,1002600,704,PRODUCT
10666,1002600,1441,PRODUCT
10667,1002600,1646,PRODUCT
10668,1002601,1665,SUBSTRATE
10669,1002601,2250,SUBSTRATE
10670,1002601,704,PRODUCT
10671,1002601,1443,PRODUCT
10672,1002601,1646,PRODUCT
10673,1002602,1673,SUBSTRATE
10674,1002602,2250,SUBSTRATE
10675,1002602,704,PRODUCT
10676,1002602,1445,PRODUCT
10677,1002602,1646,PRODUCT
10678,1002603,1651,SUBSTRATE
10679,1002603,2250,SUBSTRATE
10680,1002603,704,PRODUCT
10681,1002603,1439,PRODUCT
10682,1002603,1650,PRODUCT
10683,1002604,1659,SUBSTRATE
10684,1002604,2250,SUBSTRATE
10685,1002604,704,PRODUCT
10686,1002604,1441,PRODUCT
10687,1002604,1650,PRODUCT
10688,1002605,1667,SUBSTRATE
10689,1002605,2250,SUBSTRATE
10690,1002605,704,PRODUCT
10691,1002605,1443,PRODUCT
10692,1002605,1650,PRODUCT
10693,1002606,1675,SUBSTRATE
10694,1002606,2250,SUBSTRATE
10695,1002606,704,PRODUCT
10696,1002606,1445,PRODUCT
10697,1002606,1650,PRODUCT
10698,1002607,1636,SUBSTRATE
10699,1002607,2250,SUBSTRATE
10700,1002607,704,PRODUCT
10701,1002607,1441,PRODUCT
10702,1002607,2264,PRODUCT
10703,1002608,1640,SUBSTRATE
10704,1002608,2250,SUBSTRATE
10705,1002608,704,PRODUCT
10706,1002608,1441,PRODUCT
10707,1002608,2265,PRODUCT
10708,1002609,1644,SUBSTRATE
10709,1002609,2250,SUBSTRATE
10710,1002609,704,PRODUCT
10711,1002609,1441,PRODUCT
10712,1002609,2266,PRODUCT
10713,1002610,1648,SUBSTRATE
10714,1002610,2250,SUBSTRATE
10715,1002610,704,PRODUCT
10716,1002610,1441,PRODUCT
10717,1002610,2267,PRODUCT
10718,1002611,1638,SUBSTRATE
10719,1002611,2250,SUBSTRATE
10720,1002611,704,PRODUCT
10721,1002611,1445,PRODUCT
10722,1002611,2264,PRODUCT
10723,1002612,1642,SUBSTRATE
10724,1002612,2250,SUBSTRATE
10725,1002612,704,PRODUCT
10726,1002612,1445,PRODUCT
10727,1002612,2265,PRODUCT
10728,1002613,1646,SUBSTRATE
10729,1002613,2250,SUBSTRATE
10730,1002613,704,PRODUCT
10731,1002613,1445,PRODUCT
10732,1002613,2266,PRODUCT
10733,1002614,1650,SUBSTRATE
10734,1002614,2250,SUBSTRATE
10735,1002614,704,PRODUCT
10736,1002614,1445,PRODUCT
10737,1002614,2267,PRODUCT
10738,1002615,713,SUBSTRATE
10739,1002615,2268,SUBSTRATE
10740,1002615,705,PRODUCT
10741,1002615,2269,PRODUCT
10742,1002615,2270,PRODUCT
10743,1002616,713,SUBSTRATE
10744,1002616,2271,SUBSTRATE
10745,1002616,705,PRODUCT
10746,1002616,2270,PRODUCT
10747,1002616,2272,PRODUCT
10748,1002617,713,SUBSTRATE
10749,1002617,2273,SUBSTRATE
10750,1002617,705,PRODUCT
10751,1002617,2270,PRODUCT
10752,1002617,2274,PRODUCT
10753,1002618,713,SUBSTRATE
10754,1002618,2275,SUBSTRATE
10755,1002618,705,PRODUCT
10756,1002618,2270,PRODUCT
10757,1002618,2276,PRODUCT
10758,1002619,2250,SUBSTRATE
10759,1002619,2264,SUBSTRATE
10760,1002619,704,PRODUCT
10761,1002619,1439,PRODUCT
10762,1002619,2277,PRODUCT
10763,1002620,2250,SUBSTRATE
10764,1002620,2265,SUBSTRATE
10765,1002620,704,PRODUCT
10766,1002620,1441,PRODUCT
10767,1002620,2277,PRODUCT
10768,1002621,2250,SUBSTRATE
10769,1002621,2266,SUBSTRATE
10770,1002621,704,PRODUCT
10771,1002621,1443,PRODUCT
10772,1002621,2277,PRODUCT
10773,1002622,2250,SUBSTRATE
10774,1002622,2267,SUBSTRATE
10775,1002622,704,PRODUCT
10776,1002622,1445,PRODUCT
10777,1002622,2277,PRODUCT
10778,1002623,1446,SUBSTRATE
10779,1002623,2278,SUBSTRATE
10780,1002623,501,PRODUCT
10781,1002623,2279,PRODUCT
10782,1002624,1446,SUBSTRATE
10783,1002624,2280,SUBSTRATE
10784,1002624,501,PRODUCT
10785,1002624,2281,PRODUCT
10786,1002625,1446,SUBSTRATE
10787,1002625,2282,SUBSTRATE
10788,1002625,501,PRODUCT
10789,1002625,2283,PRODUCT
10790,1002626,1446,SUBSTRATE
10791,1002626,2284,SUBSTRATE
10792,1002626,501,PRODUCT
10793,1002626,2285,PRODUCT
10794,1002627,2250,SUBSTRATE
10795,1002627,2286,SUBSTRATE
10796,1002627,704,PRODUCT
10797,1002627,1441,PRODUCT
10798,1002627,2287,PRODUCT
10799,1002628,2250,SUBSTRATE
10800,1002628,2288,SUBSTRATE
10801,1002628,704,PRODUCT
10802,1002628,1441,PRODUCT
10803,1002628,2289,PRODUCT
10804,1002629,2250,SUBSTRATE
10805,1002629,2290,SUBSTRATE
10806,1002629,704,PRODUCT
10807,1002629,1441,PRODUCT
10808,1002629,2291,PRODUCT
10809,1002630,2250,SUBSTRATE
10810,1002630,2292,SUBSTRATE
10811,1002630,704,PRODUCT
10812,1002630,1441,PRODUCT
10813,1002630,2293,PRODUCT
10814,1002631,2250,SUBSTRATE
10815,1002631,2294,SUBSTRATE
10816,1002631,704,PRODUCT
10817,1002631,1445,PRODUCT
10818,1002631,2287,PRODUCT
10819,1002632,2250,SUBSTRATE
10820,1002632,2295,SUBSTRATE
10821,1002632,704,PRODUCT
10822,1002632,1445,PRODUCT
10823,1002632,2289,PRODUCT
10824,1002633,2250,SUBSTRATE
10825,1002633,2296,SUBSTRATE
10826,1002633,704,PRODUCT
10827,1002633,1445,PRODUCT
10828,1002633,2291,PRODUCT
10829,1002634,2250,SUBSTRATE
10830,1002634,2297,SUBSTRATE
10831,1002634,704,PRODUCT
10832,1002634,1445,PRODUCT
10833,1002634,2293,PRODUCT
10834,1002635,2250,SUBSTRATE
10835,1002635,2298,SUBSTRATE
10836,1002635,704,PRODUCT
10837,1002635,1441,PRODUCT
10838,1002635,2278,PRODUCT
10839,1002636,2250,SUBSTRATE
10840,1002636,2299,SUBSTRATE
10841,1002636,704,PRODUCT
10842,1002636,1441,PRODUCT
10843,1002636,2280,PRODUCT
10844,1002637,2250,SUBSTRATE
10845,1002637,2300,SUBSTRATE
10846,1002637,704,PRODUCT
10847,1002637,1441,PRODUCT
10848,1002637,2282,PRODUCT
10849,1002638,2250,SUBSTRATE
10850,1002638,2301,SUBSTRATE
10851,1002638,704,PRODUCT
10852,1002638,1441,PRODUCT
10853,1002638,2284,PRODUCT
10854,1002639,2250,SUBSTRATE
10855,1002639,2279,SUBSTRATE
10856,1002639,704,PRODUCT
10857,1002639,1445,PRODUCT
10858,1002639,2278,PRODUCT
10859,1002640,2250,SUBSTRATE
10860,1002640,2281,SUBSTRATE
10861,1002640,704,PRODUCT
10862,1002640,1445,PRODUCT
10863,1002640,2280,PRODUCT
10864,1002641,2250,SUBSTRATE
10865,1002641,2283,SUBSTRATE
10866,1002641,704,PRODUCT
10867,1002641,1445,PRODUCT
10868,1002641,2282,PRODUCT
10869,1002642,2250,SUBSTRATE
10870,1002642,2285,SUBSTRATE
10871,1002642,704,PRODUCT
10872,1002642,1445,PRODUCT
10873,1002642,2284,PRODUCT
10874,1002643,1586,SUBSTRATE
10875,1002643,1739,SUBSTRATE
10876,1002643,1952,SUBSTRATE
10877,1002643,1953,PRODUCT
10878,1002643,2217,PRODUCT
10879,1002644,1592,SUBSTRATE
10880,1002644,1739,SUBSTRATE
10881,1002644,1952,SUBSTRATE
10882,1002644,1953,PRODUCT
10883,1002644,2218,PRODUCT
10884,1002645,1596,SUBSTRATE
10885,1002645,1739,SUBSTRATE
10886,1002645,1952,SUBSTRATE
10887,1002645,1953,PRODUCT
10888,1002645,2219,PRODUCT
10889,1002646,1600,SUBSTRATE
10890,1002646,1739,SUBSTRATE
10891,1002646,1952,SUBSTRATE
10892,1002646,1953,PRODUCT
10893,1002646,2220,PRODUCT
10894,1002647,1590,SUBSTRATE
10895,1002647,1739,SUBSTRATE
10896,1002647,1952,SUBSTRATE
10897,1002647,1953,PRODUCT
10898,1002647,2221,PRODUCT
10899,1002648,1594,SUBSTRATE
10900,1002648,1739,SUBSTRATE
10901,1002648,1952,SUBSTRATE
10902,1002648,1953,PRODUCT
10903,1002648,2222,PRODUCT
10904,1002649,1598,SUBSTRATE
10905,1002649,1739,SUBSTRATE
10906,1002649,1952,SUBSTRATE
10907,1002649,1953,PRODUCT
10908,1002649,2223,PRODUCT
10909,1002650,1602,SUBSTRATE
10910,1002650,1739,SUBSTRATE
10911,1002650,1952,SUBSTRATE
10912,1002650,1953,PRODUCT
10913,1002650,2224,PRODUCT
10914,1002651,1568,SUBSTRATE
10915,1002651,1757,SUBSTRATE
10916,1002651,1934,SUBSTRATE
10917,1002651,1935,PRODUCT
10918,1002651,2209,PRODUCT
10919,1002652,1574,SUBSTRATE
10920,1002652,1757,SUBSTRATE
10921,1002652,1934,SUBSTRATE
10922,1002652,1935,PRODUCT
10923,1002652,2210,PRODUCT
10924,1002653,1578,SUBSTRATE
10925,1002653,1757,SUBSTRATE
10926,1002653,1934,SUBSTRATE
10927,1002653,1935,PRODUCT
10928,1002653,2211,PRODUCT
10929,1002654,1582,SUBSTRATE
10930,1002654,1757,SUBSTRATE
10931,1002654,1934,SUBSTRATE
10932,1002654,1935,PRODUCT
10933,1002654,2212,PRODUCT
10934,1002655,1572,SUBSTRATE
10935,1002655,1757,SUBSTRATE
10936,1002655,1934,SUBSTRATE
10937,1002655,1935,PRODUCT
10938,1002655,2213,PRODUCT
10939,1002656,1576,SUBSTRATE
10940,1002656,1757,SUBSTRATE
10941,1002656,1934,SUBSTRATE
10942,1002656,1935,PRODUCT
10943,1002656,2214,PRODUCT
10944,1002657,1580,SUBSTRATE
10945,1002657,1757,SUBSTRATE
10946,1002657,1934,SUBSTRATE
10947,1002657,1935,PRODUCT
10948,1002657,2215,PRODUCT
10949,1002658,1584,SUBSTRATE
10950,1002658,1757,SUBSTRATE
10951,1002658,1934,SUBSTRATE
10952,1002658,1935,PRODUCT
10953,1002658,2216,PRODUCT
10954,1002659,980,SUBSTRATE
10955,1002659,1951,SUBSTRATE
10956,1002659,758,PRODUCT
10957,1002659,1589,PRODUCT
10958,1002660,980,SUBSTRATE
10959,1002660,1955,SUBSTRATE
10960,1002660,758,PRODUCT
10961,1002660,1593,PRODUCT
10962,1002661,980,SUBSTRATE
10963,1002661,1957,SUBSTRATE
10964,1002661,758,PRODUCT
10965,1002661,1597,PRODUCT
10966,1002662,980,SUBSTRATE
10967,1002662,1959,SUBSTRATE
10968,1002662,758,PRODUCT
10969,1002662,1601,PRODUCT
10970,1002663,980,SUBSTRATE
10971,1002663,1961,SUBSTRATE
10972,1002663,758,PRODUCT
10973,1002663,1591,PRODUCT
10974,1002664,980,SUBSTRATE
10975,1002664,1963,SUBSTRATE
10976,1002664,758,PRODUCT
10977,1002664,1595,PRODUCT
10978,1002665,980,SUBSTRATE
10979,1002665,1965,SUBSTRATE
10980,1002665,758,PRODUCT
10981,1002665,1599,PRODUCT
10982,1002666,980,SUBSTRATE
10983,1002666,1967,SUBSTRATE
10984,1002666,758,PRODUCT
10985,1002666,1603,PRODUCT
10986,1002667,983,SUBSTRATE
10987,1002667,1951,SUBSTRATE
10988,1002667,761,PRODUCT
10989,1002667,1589,PRODUCT
10990,1002668,983,SUBSTRATE
10991,1002668,1955,SUBSTRATE
10992,1002668,761,PRODUCT
10993,1002668,1593,PRODUCT
10994,1002669,983,SUBSTRATE
10995,1002669,1957,SUBSTRATE
10996,1002669,761,PRODUCT
10997,1002669,1597,PRODUCT
10998,1002670,983,SUBSTRATE
10999,1002670,1959,SUBSTRATE
11000,1002670,761,PRODUCT
11001,1002670,1601,PRODUCT
11002,1002671,983,SUBSTRATE
11003,1002671,1961,SUBSTRATE
11004,1002671,761,PRODUCT
11005,1002671,1591,PRODUCT
11006,1002672,983,SUBSTRATE
11007,1002672,1963,SUBSTRATE
11008,1002672,761,PRODUCT
11009,1002672,1595,PRODUCT
11010,1002673,983,SUBSTRATE
11011,1002673,1965,SUBSTRATE
11012,1002673,761,PRODUCT
11013,1002673,1599,PRODUCT
11014,1002674,983,SUBSTRATE
11015,1002674,1967,SUBSTRATE
11016,1002674,761,PRODUCT
11017,1002674,1603,PRODUCT
11018,1002675,992,SUBSTRATE
11019,1002675,1951,SUBSTRATE
11020,1002675,770,PRODUCT
11021,1002675,1589,PRODUCT
11022,1002676,992,SUBSTRATE
11023,1002676,1955,SUBSTRATE
11024,1002676,770,PRODUCT
11025,1002676,1593,PRODUCT
11026,1002677,992,SUBSTRATE
11027,1002677,1957,SUBSTRATE
11028,1002677,770,PRODUCT
11029,1002677,1597,PRODUCT
11030,1002678,992,SUBSTRATE
11031,1002678,1959,SUBSTRATE
11032,1002678,770,PRODUCT
11033,1002678,1601,PRODUCT
11034,1002679,992,SUBSTRATE
11035,1002679,1961,SUBSTRATE
11036,1002679,770,PRODUCT
11037,1002679,1591,PRODUCT
11038,1002680,992,SUBSTRATE
11039,1002680,1963,SUBSTRATE
11040,1002680,770,PRODUCT
11041,1002680,1595,PRODUCT
11042,1002681,992,SUBSTRATE
11043,1002681,1965,SUBSTRATE
11044,1002681,770,PRODUCT
11045,1002681,1599,PRODUCT
11046,1002682,992,SUBSTRATE
11047,1002682,1967,SUBSTRATE
11048,1002682,770,PRODUCT
11049,1002682,1603,PRODUCT
11050,1002683,995,SUBSTRATE
11051,1002683,1951,SUBSTRATE
11052,1002683,773,PRODUCT
11053,1002683,1589,PRODUCT
11054,1002684,995,SUBSTRATE
11055,1002684,1955,SUBSTRATE
11056,1002684,773,PRODUCT
11057,1002684,1593,PRODUCT
11058,1002685,995,SUBSTRATE
11059,1002685,1957,SUBSTRATE
11060,1002685,773,PRODUCT
11061,1002685,1597,PRODUCT
11062,1002686,995,SUBSTRATE
11063,1002686,1959,SUBSTRATE
11064,1002686,773,PRODUCT
11065,1002686,1601,PRODUCT
11066,1002687,995,SUBSTRATE
11067,1002687,1961,SUBSTRATE
11068,1002687,773,PRODUCT
11069,1002687,1591,PRODUCT
11070,1002688,995,SUBSTRATE
11071,1002688,1963,SUBSTRATE
11072,1002688,773,PRODUCT
11073,1002688,1595,PRODUCT
11074,1002689,995,SUBSTRATE
11075,1002689,1965,SUBSTRATE
11076,1002689,773,PRODUCT
11077,1002689,1599,PRODUCT
11078,1002690,995,SUBSTRATE
11079,1002690,1967,SUBSTRATE
11080,1002690,773,PRODUCT
11081,1002690,1603,PRODUCT
11082,1002691,986,SUBSTRATE
11083,1002691,1951,SUBSTRATE
11084,1002691,764,PRODUCT
11085,1002691,1589,PRODUCT
11086,1002692,986,SUBSTRATE
11087,1002692,1955,SUBSTRATE
11088,1002692,764,PRODUCT
11089,1002692,1593,PRODUCT
11090,1002693,986,SUBSTRATE
11091,1002693,1957,SUBSTRATE
11092,1002693,764,PRODUCT
11093,1002693,1597,PRODUCT
11094,1002694,986,SUBSTRATE
11095,1002694,1959,SUBSTRATE
11096,1002694,764,PRODUCT
11097,1002694,1601,PRODUCT
11098,1002695,986,SUBSTRATE
11099,1002695,1961,SUBSTRATE
11100,1002695,764,PRODUCT
11101,1002695,1591,PRODUCT
11102,1002696,986,SUBSTRATE
11103,1002696,1963,SUBSTRATE
11104,1002696,764,PRODUCT
11105,1002696,1595,PRODUCT
11106,1002697,986,SUBSTRATE
11107,1002697,1965,SUBSTRATE
11108,1002697,764,PRODUCT
11109,1002697,1599,PRODUCT
11110,1002698,986,SUBSTRATE
11111,1002698,1967,SUBSTRATE
11112,1002698,764,PRODUCT
11113,1002698,1603,PRODUCT
11114,1002699,989,SUBSTRATE
11115,1002699,1951,SUBSTRATE
11116,1002699,767,PRODUCT
11117,1002699,1589,PRODUCT
11118,1002700,989,SUBSTRATE
11119,1002700,1955,SUBSTRATE
11120,1002700,767,PRODUCT
11121,1002700,1593,PRODUCT
11122,1002701,989,SUBSTRATE
11123,1002701,1957,SUBSTRATE
11124,1002701,767,PRODUCT
11125,1002701,1597,PRODUCT
11126,1002702,989,SUBSTRATE
11127,1002702,1959,SUBSTRATE
11128,1002702,767,PRODUCT
11129,1002702,1601,PRODUCT
11130,1002703,989,SUBSTRATE
11131,1002703,1961,SUBSTRATE
11132,1002703,767,PRODUCT
11133,1002703,1591,PRODUCT
11134,1002704,989,SUBSTRATE
11135,1002704,1963,SUBSTRATE
11136,1002704,767,PRODUCT
11137,1002704,1595,PRODUCT
11138,1002705,989,SUBSTRATE
11139,1002705,1965,SUBSTRATE
11140,1002705,767,PRODUCT
11141,1002705,1599,PRODUCT
11142,1002706,989,SUBSTRATE
11143,1002706,1967,SUBSTRATE
11144,1002706,767,PRODUCT
11145,1002706,1603,PRODUCT
11146,1002707,998,SUBSTRATE
11147,1002707,1951,SUBSTRATE
11148,1002707,776,PRODUCT
11149,1002707,1589,PRODUCT
11150,1002708,998,SUBSTRATE
11151,1002708,1955,SUBSTRATE
11152,1002708,776,PRODUCT
11153,1002708,1593,PRODUCT
11154,1002709,998,SUBSTRATE
11155,1002709,1957,SUBSTRATE
11156,1002709,776,PRODUCT
11157,1002709,1597,PRODUCT
11158,1002710,998,SUBSTRATE
11159,1002710,1959,SUBSTRATE
11160,1002710,776,PRODUCT
11161,1002710,1601,PRODUCT
11162,1002711,998,SUBSTRATE
11163,1002711,1961,SUBSTRATE
11164,1002711,776,PRODUCT
11165,1002711,1591,PRODUCT
11166,1002712,998,SUBSTRATE
11167,1002712,1963,SUBSTRATE
11168,1002712,776,PRODUCT
11169,1002712,1595,PRODUCT
11170,1002713,998,SUBSTRATE
11171,1002713,1965,SUBSTRATE
11172,1002713,776,PRODUCT
11173,1002713,1599,PRODUCT
11174,1002714,998,SUBSTRATE
11175,1002714,1967,SUBSTRATE
11176,1002714,776,PRODUCT
11177,1002714,1603,PRODUCT
11178,1002715,1001,SUBSTRATE
11179,1002715,1951,SUBSTRATE
11180,1002715,779,PRODUCT
11181,1002715,1589,PRODUCT
11182,1002716,1001,SUBSTRATE
11183,1002716,1955,SUBSTRATE
11184,1002716,779,PRODUCT
11185,1002716,1593,PRODUCT
11186,1002717,1001,SUBSTRATE
11187,1002717,1957,SUBSTRATE
11188,1002717,779,PRODUCT
11189,1002717,1597,PRODUCT
11190,1002718,1001,SUBSTRATE
11191,1002718,1959,SUBSTRATE
11192,1002718,779,PRODUCT
11193,1002718,1601,PRODUCT
11194,1002719,1001,SUBSTRATE
11195,1002719,1961,SUBSTRATE
11196,1002719,779,PRODUCT
11197,1002719,1591,PRODUCT
11198,1002720,1001,SUBSTRATE
11199,1002720,1963,SUBSTRATE
11200,1002720,779,PRODUCT
11201,1002720,1595,PRODUCT
11202,1002721,1001,SUBSTRATE
11203,1002721,1965,SUBSTRATE
11204,1002721,779,PRODUCT
11205,1002721,1599,PRODUCT
11206,1002722,1001,SUBSTRATE
11207,1002722,1967,SUBSTRATE
11208,1002722,779,PRODUCT
11209,1002722,1603,PRODUCT
11210,1002723,1004,SUBSTRATE
11211,1002723,1951,SUBSTRATE
11212,1002723,782,PRODUCT
11213,1002723,1589,PRODUCT
11214,1002724,1004,SUBSTRATE
11215,1002724,1955,SUBSTRATE
11216,1002724,782,PRODUCT
11217,1002724,1593,PRODUCT
11218,1002725,1004,SUBSTRATE
11219,1002725,1957,SUBSTRATE
11220,1002725,782,PRODUCT
11221,1002725,1597,PRODUCT
11222,1002726,1004,SUBSTRATE
11223,1002726,1959,SUBSTRATE
11224,1002726,782,PRODUCT
11225,1002726,1601,PRODUCT
11226,1002727,1004,SUBSTRATE
11227,1002727,1961,SUBSTRATE
11228,1002727,782,PRODUCT
11229,1002727,1591,PRODUCT
11230,1002728,1004,SUBSTRATE
11231,1002728,1963,SUBSTRATE
11232,1002728,782,PRODUCT
11233,1002728,1595,PRODUCT
11234,1002729,1004,SUBSTRATE
11235,1002729,1965,SUBSTRATE
11236,1002729,782,PRODUCT
11237,1002729,1599,PRODUCT
11238,1002730,1004,SUBSTRATE
11239,1002730,1967,SUBSTRATE
11240,1002730,782,PRODUCT
11241,1002730,1603,PRODUCT
11242,1002731,1007,SUBSTRATE
11243,1002731,1951,SUBSTRATE
11244,1002731,785,PRODUCT
11245,1002731,1589,PRODUCT
11246,1002732,1007,SUBSTRATE
11247,1002732,1955,SUBSTRATE
11248,1002732,785,PRODUCT
11249,1002732,1593,PRODUCT
11250,1002733,1007,SUBSTRATE
11251,1002733,1957,SUBSTRATE
11252,1002733,785,PRODUCT
11253,1002733,1597,PRODUCT
11254,1002734,1007,SUBSTRATE
11255,1002734,1959,SUBSTRATE
11256,1002734,785,PRODUCT
11257,1002734,1601,PRODUCT
11258,1002735,1007,SUBSTRATE
11259,1002735,1961,SUBSTRATE
11260,1002735,785,PRODUCT
11261,1002735,1591,PRODUCT
11262,1002736,1007,SUBSTRATE
11263,1002736,1963,SUBSTRATE
11264,1002736,785,PRODUCT
11265,1002736,1595,PRODUCT
11266,1002737,1007,SUBSTRATE
11267,1002737,1965,SUBSTRATE
11268,1002737,785,PRODUCT
11269,1002737,1599,PRODUCT
11270,1002738,1007,SUBSTRATE
11271,1002738,1967,SUBSTRATE
11272,1002738,785,PRODUCT
11273,1002738,1603,PRODUCT
11274,1002739,454,SUBSTRATE
11275,1002739,1951,SUBSTRATE
11276,1002739,789,PRODUCT
11277,1002739,1589,PRODUCT
11278,1002740,454,SUBSTRATE
11279,1002740,1955,SUBSTRATE
11280,1002740,789,PRODUCT
11281,1002740,1593,PRODUCT
11282,1002741,454,SUBSTRATE
11283,1002741,1957,SUBSTRATE
11284,1002741,789,PRODUCT
11285,1002741,1597,PRODUCT
11286,1002742,454,SUBSTRATE
11287,1002742,1959,SUBSTRATE
11288,1002742,789,PRODUCT
11289,1002742,1601,PRODUCT
11290,1002743,454,SUBSTRATE
11291,1002743,1961,SUBSTRATE
11292,1002743,789,PRODUCT
11293,1002743,1591,PRODUCT
11294,1002744,454,SUBSTRATE
11295,1002744,1963,SUBSTRATE
11296,1002744,789,PRODUCT
11297,1002744,1595,PRODUCT
11298,1002745,454,SUBSTRATE
11299,1002745,1965,SUBSTRATE
11300,1002745,789,PRODUCT
11301,1002745,1599,PRODUCT
11302,1002746,454,SUBSTRATE
11303,1002746,1967,SUBSTRATE
11304,1002746,789,PRODUCT
11305,1002746,1603,PRODUCT
11306,1002747,457,SUBSTRATE
11307,1002747,1951,SUBSTRATE
11308,1002747,792,PRODUCT
11309,1002747,1589,PRODUCT
11310,1002748,457,SUBSTRATE
11311,1002748,1955,SUBSTRATE
11312,1002748,792,PRODUCT
11313,1002748,1593,PRODUCT
11314,1002749,457,SUBSTRATE
11315,1002749,1957,SUBSTRATE
11316,1002749,792,PRODUCT
11317,1002749,1597,PRODUCT
11318,1002750,457,SUBSTRATE
11319,1002750,1959,SUBSTRATE
11320,1002750,792,PRODUCT
11321,1002750,1601,PRODUCT
11322,1002751,457,SUBSTRATE
11323,1002751,1961,SUBSTRATE
11324,1002751,792,PRODUCT
11325,1002751,1591,PRODUCT
11326,1002752,457,SUBSTRATE
11327,1002752,1963,SUBSTRATE
11328,1002752,792,PRODUCT
11329,1002752,1595,PRODUCT
11330,1002753,457,SUBSTRATE
11331,1002753,1965,SUBSTRATE
11332,1002753,792,PRODUCT
11333,1002753,1599,PRODUCT
11334,1002754,457,SUBSTRATE
11335,1002754,1967,SUBSTRATE
11336,1002754,792,PRODUCT
11337,1002754,1603,PRODUCT
11338,1002755,466,SUBSTRATE
11339,1002755,1951,SUBSTRATE
11340,1002755,801,PRODUCT
11341,1002755,1589,PRODUCT
11342,1002756,466,SUBSTRATE
11343,1002756,1955,SUBSTRATE
11344,1002756,801,PRODUCT
11345,1002756,1593,PRODUCT
11346,1002757,466,SUBSTRATE
11347,1002757,1957,SUBSTRATE
11348,1002757,801,PRODUCT
11349,1002757,1597,PRODUCT
11350,1002758,466,SUBSTRATE
11351,1002758,1959,SUBSTRATE
11352,1002758,801,PRODUCT
11353,1002758,1601,PRODUCT
11354,1002759,466,SUBSTRATE
11355,1002759,1961,SUBSTRATE
11356,1002759,801,PRODUCT
11357,1002759,1591,PRODUCT
11358,1002760,466,SUBSTRATE
11359,1002760,1963,SUBSTRATE
11360,1002760,801,PRODUCT
11361,1002760,1595,PRODUCT
11362,1002761,466,SUBSTRATE
11363,1002761,1965,SUBSTRATE
11364,1002761,801,PRODUCT
11365,1002761,1599,PRODUCT
11366,1002762,466,SUBSTRATE
11367,1002762,1967,SUBSTRATE
11368,1002762,801,PRODUCT
11369,1002762,1603,PRODUCT
11370,1002763,469,SUBSTRATE
11371,1002763,1951,SUBSTRATE
11372,1002763,804,PRODUCT
11373,1002763,1589,PRODUCT
11374,1002764,469,SUBSTRATE
11375,1002764,1955,SUBSTRATE
11376,1002764,804,PRODUCT
11377,1002764,1593,PRODUCT
11378,1002765,469,SUBSTRATE
11379,1002765,1957,SUBSTRATE
11380,1002765,804,PRODUCT
11381,1002765,1597,PRODUCT
11382,1002766,469,SUBSTRATE
11383,1002766,1959,SUBSTRATE
11384,1002766,804,PRODUCT
11385,1002766,1601,PRODUCT
11386,1002767,469,SUBSTRATE
11387,1002767,1961,SUBSTRATE
11388,1002767,804,PRODUCT
11389,1002767,1591,PRODUCT
11390,1002768,469,SUBSTRATE
11391,1002768,1963,SUBSTRATE
11392,1002768,804,PRODUCT
11393,1002768,1595,PRODUCT
11394,1002769,469,SUBSTRATE
11395,1002769,1965,SUBSTRATE
11396,1002769,804,PRODUCT
11397,1002769,1599,PRODUCT
11398,1002770,469,SUBSTRATE
11399,1002770,1967,SUBSTRATE
11400,1002770,804,PRODUCT
11401,1002770,1603,PRODUCT
11402,1002771,460,SUBSTRATE
11403,1002771,1951,SUBSTRATE
11404,1002771,795,PRODUCT
11405,1002771,1589,PRODUCT
11406,1002772,460,SUBSTRATE
11407,1002772,1955,SUBSTRATE
11408,1002772,795,PRODUCT
11409,1002772,1593,PRODUCT
11410,1002773,460,SUBSTRATE
11411,1002773,1957,SUBSTRATE
11412,1002773,795,PRODUCT
11413,1002773,1597,PRODUCT
11414,1002774,460,SUBSTRATE
11415,1002774,1959,SUBSTRATE
11416,1002774,795,PRODUCT
11417,1002774,1601,PRODUCT
11418,1002775,460,SUBSTRATE
11419,1002775,1961,SUBSTRATE
11420,1002775,795,PRODUCT
11421,1002775,1591,PRODUCT
11422,1002776,460,SUBSTRATE
11423,1002776,1963,SUBSTRATE
11424,1002776,795,PRODUCT
11425,1002776,1595,PRODUCT
11426,1002777,460,SUBSTRATE
11427,1002777,1965,SUBSTRATE
11428,1002777,795,PRODUCT
11429,1002777,1599,PRODUCT
11430,1002778,460,SUBSTRATE
11431,1002778,1967,SUBSTRATE
11432,1002778,795,PRODUCT
11433,1002778,1603,PRODUCT
11434,1002779,463,SUBSTRATE
11435,1002779,1951,SUBSTRATE
11436,1002779,798,PRODUCT
11437,1002779,1589,PRODUCT
11438,1002780,463,SUBSTRATE
11439,1002780,1955,SUBSTRATE
11440,1002780,798,PRODUCT
11441,1002780,1593,PRODUCT
11442,1002781,463,SUBSTRATE
11443,1002781,1957,SUBSTRATE
11444,1002781,798,PRODUCT
11445,1002781,1597,PRODUCT
11446,1002782,463,SUBSTRATE
11447,1002782,1959,SUBSTRATE
11448,1002782,798,PRODUCT
11449,1002782,1601,PRODUCT
11450,1002783,463,SUBSTRATE
11451,1002783,1961,SUBSTRATE
11452,1002783,798,PRODUCT
11453,1002783,1591,PRODUCT
11454,1002784,463,SUBSTRATE
11455,1002784,1963,SUBSTRATE
11456,1002784,798,PRODUCT
11457,1002784,1595,PRODUCT
11458,1002785,463,SUBSTRATE
11459,1002785,1965,SUBSTRATE
11460,1002785,798,PRODUCT
11461,1002785,1599,PRODUCT
11462,1002786,463,SUBSTRATE
11463,1002786,1967,SUBSTRATE
11464,1002786,798,PRODUCT
11465,1002786,1603,PRODUCT
11466,1002787,472,SUBSTRATE
11467,1002787,1951,SUBSTRATE
11468,1002787,807,PRODUCT
11469,1002787,1589,PRODUCT
11470,1002788,472,SUBSTRATE
11471,1002788,1955,SUBSTRATE
11472,1002788,807,PRODUCT
11473,1002788,1593,PRODUCT
11474,1002789,472,SUBSTRATE
11475,1002789,1957,SUBSTRATE
11476,1002789,807,PRODUCT
11477,1002789,1597,PRODUCT
11478,1002790,472,SUBSTRATE
11479,1002790,1959,SUBSTRATE
11480,1002790,807,PRODUCT
11481,1002790,1601,PRODUCT
11482,1002791,472,SUBSTRATE
11483,1002791,1961,SUBSTRATE
11484,1002791,807,PRODUCT
11485,1002791,1591,PRODUCT
11486,1002792,472,SUBSTRATE
11487,1002792,1963,SUBSTRATE
11488,1002792,807,PRODUCT
11489,1002792,1595,PRODUCT
11490,1002793,472,SUBSTRATE
11491,1002793,1965,SUBSTRATE
11492,1002793,807,PRODUCT
11493,1002793,1599,PRODUCT
11494,1002794,472,SUBSTRATE
11495,1002794,1967,SUBSTRATE
11496,1002794,807,PRODUCT
11497,1002794,1603,PRODUCT
11498,1002795,475,SUBSTRATE
11499,1002795,1951,SUBSTRATE
11500,1002795,810,PRODUCT
11501,1002795,1589,PRODUCT
11502,1002796,475,SUBSTRATE
11503,1002796,1955,SUBSTRATE
11504,1002796,810,PRODUCT
11505,1002796,1593,PRODUCT
11506,1002797,475,SUBSTRATE
11507,1002797,1957,SUBSTRATE
11508,1002797,810,PRODUCT
11509,1002797,1597,PRODUCT
11510,1002798,475,SUBSTRATE
11511,1002798,1959,SUBSTRATE
11512,1002798,810,PRODUCT
11513,1002798,1601,PRODUCT
11514,1002799,475,SUBSTRATE
11515,1002799,1961,SUBSTRATE
11516,1002799,810,PRODUCT
11517,1002799,1591,PRODUCT
11518,1002800,475,SUBSTRATE
11519,1002800,1963,SUBSTRATE
11520,1002800,810,PRODUCT
11521,1002800,1595,PRODUCT
11522,1002801,475,SUBSTRATE
11523,1002801,1965,SUBSTRATE
11524,1002801,810,PRODUCT
11525,1002801,1599,PRODUCT
11526,1002802,475,SUBSTRATE
11527,1002802,1967,SUBSTRATE
11528,1002802,810,PRODUCT
11529,1002802,1603,PRODUCT
11530,1002803,478,SUBSTRATE
11531,1002803,1951,SUBSTRATE
11532,1002803,813,PRODUCT
11533,1002803,1589,PRODUCT
11534,1002804,478,SUBSTRATE
11535,1002804,1955,SUBSTRATE
11536,1002804,813,PRODUCT
11537,1002804,1593,PRODUCT
11538,1002805,478,SUBSTRATE
11539,1002805,1957,SUBSTRATE
11540,1002805,813,PRODUCT
11541,1002805,1597,PRODUCT
11542,1002806,478,SUBSTRATE
11543,1002806,1959,SUBSTRATE
11544,1002806,813,PRODUCT
11545,1002806,1601,PRODUCT
11546,1002807,478,SUBSTRATE
11547,1002807,1961,SUBSTRATE
11548,1002807,813,PRODUCT
11549,1002807,1591,PRODUCT
11550,1002808,478,SUBSTRATE
11551,1002808,1963,SUBSTRATE
11552,1002808,813,PRODUCT
11553,1002808,1595,PRODUCT
11554,1002809,478,SUBSTRATE
11555,1002809,1965,SUBSTRATE
11556,1002809,813,PRODUCT
11557,1002809,1599,PRODUCT
11558,1002810,478,SUBSTRATE
11559,1002810,1967,SUBSTRATE
11560,1002810,813,PRODUCT
11561,1002810,1603,PRODUCT
11562,1002811,481,SUBSTRATE
11563,1002811,1951,SUBSTRATE
11564,1002811,816,PRODUCT
11565,1002811,1589,PRODUCT
11566,1002812,481,SUBSTRATE
11567,1002812,1955,SUBSTRATE
11568,1002812,816,PRODUCT
11569,1002812,1593,PRODUCT
11570,1002813,481,SUBSTRATE
11571,1002813,1957,SUBSTRATE
11572,1002813,816,PRODUCT
11573,1002813,1597,PRODUCT
11574,1002814,481,SUBSTRATE
11575,1002814,1959,SUBSTRATE
11576,1002814,816,PRODUCT
11577,1002814,1601,PRODUCT
11578,1002815,481,SUBSTRATE
11579,1002815,1961,SUBSTRATE
11580,1002815,816,PRODUCT
11581,1002815,1591,PRODUCT
11582,1002816,481,SUBSTRATE
11583,1002816,1963,SUBSTRATE
11584,1002816,816,PRODUCT
11585,1002816,1595,PRODUCT
11586,1002817,481,SUBSTRATE
11587,1002817,1965,SUBSTRATE
11588,1002817,816,PRODUCT
11589,1002817,1599,PRODUCT
11590,1002818,481,SUBSTRATE
11591,1002818,1967,SUBSTRATE
11592,1002818,816,PRODUCT
11593,1002818,1603,PRODUCT
11594,1002819,951,SUBSTRATE
11595,1002819,1425,PRODUCT
11596,1002820,1019,SUBSTRATE
11597,1002820,1428,PRODUCT
11598,1002821,1110,SUBSTRATE
11599,1002821,1429,PRODUCT
11600,1002822,1113,SUBSTRATE
11601,1002822,1430,PRODUCT
11602,1002823,1222,SUBSTRATE
11603,1002823,1431,PRODUCT
11604,1002824,1090,SUBSTRATE
11605,1002824,1432,PRODUCT
11606,1002825,968,SUBSTRATE
11607,1002825,1379,PRODUCT
11608,1002826,954,SUBSTRATE
11609,1002826,1378,PRODUCT
11610,1002827,1022,SUBSTRATE
11611,1002827,1384,PRODUCT
11612,1002828,1116,SUBSTRATE
11613,1002828,1386,PRODUCT
11614,1002829,1470,SUBSTRATE
11615,1002829,1416,PRODUCT
11616,1002830,1225,SUBSTRATE
11617,1002830,1388,PRODUCT
11618,1002831,1091,SUBSTRATE
11619,1002831,1418,PRODUCT
11620,1002832,1471,SUBSTRATE
11621,1002832,1390,PRODUCT
11622,1002833,1473,SUBSTRATE
11623,1002833,1392,PRODUCT
11624,1002834,1244,SUBSTRATE
11625,1002834,1394,PRODUCT
11626,1002835,722,SUBSTRATE
11627,1002835,1413,PRODUCT
11628,1002836,700,SUBSTRATE
11629,1002836,1380,PRODUCT
11630,1002837,709,SUBSTRATE
11631,1002837,1405,PRODUCT
11632,1002838,442,SUBSTRATE
11633,1002838,1381,PRODUCT
11634,1002839,499,SUBSTRATE
11635,1002839,1382,PRODUCT
11636,1002840,1054,SUBSTRATE
11637,1002840,1396,PRODUCT
11638,1002841,1050,SUBSTRATE
11639,1002841,1397,PRODUCT
11640,1002842,1102,SUBSTRATE
11641,1002842,1414,PRODUCT
11642,1002843,1046,SUBSTRATE
11643,1002843,1415,PRODUCT
11644,1002844,1041,SUBSTRATE
11645,1002844,1417,PRODUCT
11646,1002845,677,SUBSTRATE
11647,1002845,1527,PRODUCT
11648,1002846,579,SUBSTRATE
11649,1002846,1532,PRODUCT
11650,1002847,582,SUBSTRATE
11651,1002847,1427,PRODUCT
11652,1002848,1134,SUBSTRATE
11653,1002848,1559,PRODUCT
11654,1002849,506,SUBSTRATE
11655,1002849,1676,PRODUCT
11656,1002850,449,SUBSTRATE
11657,1002850,1808,PRODUCT
11658,1002851,497,SUBSTRATE
11659,1002851,1701,PRODUCT
11660,1002852,452,SUBSTRATE
11661,1002852,1809,PRODUCT
11662,1002853,451,SUBSTRATE
11663,1002853,1810,PRODUCT
11664,1002854,423,SUBSTRATE
11665,1002854,1424,PRODUCT
11666,1002855,412,SUBSTRATE
11667,1002855,1426,PRODUCT
11668,1002856,929,SUBSTRATE
11669,1002856,1700,PRODUCT
11670,1002857,1013,SUBSTRATE
11671,1002857,1710,PRODUCT
11672,1002858,1192,SUBSTRATE
11673,1002858,1775,PRODUCT
11674,1002859,1190,SUBSTRATE
11675,1002859,1776,PRODUCT
11676,1002860,603,SUBSTRATE
11677,1002860,2025,PRODUCT
11678,1002861,632,SUBSTRATE
11679,1002861,2028,PRODUCT
11680,1002862,949,SUBSTRATE
11681,1002862,2031,PRODUCT
11682,1002863,609,SUBSTRATE
11683,1002863,2034,PRODUCT
11684,1002864,1313,SUBSTRATE
11685,1002864,2037,PRODUCT
11686,1002865,2090,SUBSTRATE
11687,1002865,1560,PRODUCT
11688,1002866,2093,SUBSTRATE
11689,1002866,1562,PRODUCT
11690,1002867,2095,SUBSTRATE
11691,1002867,1564,PRODUCT
11692,1002868,2097,SUBSTRATE
11693,1002868,1566,PRODUCT
11694,1002869,2099,SUBSTRATE
11695,1002869,1561,PRODUCT
11696,1002870,2101,SUBSTRATE
11697,1002870,1563,PRODUCT
11698,1002871,2103,SUBSTRATE
11699,1002871,1565,PRODUCT
11700,1002872,2105,SUBSTRATE
11701,1002872,1567,PRODUCT
11702,1002873,2138,SUBSTRATE
11703,1002873,1711,PRODUCT
11704,1002874,2140,SUBSTRATE
11705,1002874,1712,PRODUCT
11706,1002875,2142,SUBSTRATE
11707,1002875,1713,PRODUCT
11708,1002876,2144,SUBSTRATE
11709,1002876,1714,PRODUCT
11710,1002877,2146,SUBSTRATE
11711,1002877,1715,PRODUCT
11712,1002878,2148,SUBSTRATE
11713,1002878,1716,PRODUCT
11714,1002879,2150,SUBSTRATE
11715,1002879,1717,PRODUCT
11716,1002880,2152,SUBSTRATE
11717,1002880,1718,PRODUCT
11718,1002881,2040,SUBSTRATE
11719,1002881,1208,PRODUCT
11720,1002882,1110,SUBSTRATE
11721,1002882,1439,PRODUCT
11722,1002883,1113,SUBSTRATE
11723,1002883,1441,PRODUCT
11724,1002884,1222,SUBSTRATE
11725,1002884,1443,PRODUCT
11726,1002885,1090,SUBSTRATE
11727,1002885,1445,PRODUCT
11728,1002886,954,SUBSTRATE
11729,1002886,1436,PRODUCT
11730,1002887,1022,SUBSTRATE
11731,1002887,1438,PRODUCT
11732,1002888,1116,SUBSTRATE
11733,1002888,1440,PRODUCT
11734,1002889,1470,SUBSTRATE
11735,1002889,1442,PRODUCT
11736,1002890,1225,SUBSTRATE
11737,1002890,1444,PRODUCT
11738,1002891,1091,SUBSTRATE
11739,1002891,1446,PRODUCT
11740,1002892,677,SUBSTRATE
11741,1002892,678,PRODUCT
11742,1002893,579,SUBSTRATE
11743,1002893,580,PRODUCT
11744,1002894,1054,SUBSTRATE
11745,1002894,1545,PRODUCT
11746,1002895,1050,SUBSTRATE
11747,1002895,1546,PRODUCT
11748,1002896,423,SUBSTRATE
11749,1002896,1433,PRODUCT
11750,1002897,412,SUBSTRATE
11751,1002897,1435,PRODUCT
11752,1002898,582,SUBSTRATE
11753,1002898,583,PRODUCT
11754,1002899,2090,SUBSTRATE
11755,1002899,1636,PRODUCT
11756,1002900,2093,SUBSTRATE
11757,1002900,1640,PRODUCT
11758,1002901,2095,SUBSTRATE
11759,1002901,1644,PRODUCT
11760,1002902,2097,SUBSTRATE
11761,1002902,1648,PRODUCT
11762,1002903,2099,SUBSTRATE
11763,1002903,1638,PRODUCT
11764,1002904,2101,SUBSTRATE
11765,1002904,1642,PRODUCT
11766,1002905,2103,SUBSTRATE
11767,1002905,1646,PRODUCT
11768,1002906,2105,SUBSTRATE
11769,1002906,1650,PRODUCT
11770,1002907,709,SUBSTRATE
11771,1002907,2250,PRODUCT
11772,1002908,2277,SUBSTRATE
11773,1002908,675,PRODUCT
11774,1002909,1465,SUBSTRATE
11775,1002909,1473,PRODUCT
11776,1002910,1467,SUBSTRATE
11777,1002910,1244,PRODUCT
11778,1002911,1469,SUBSTRATE
11779,1002911,722,PRODUCT
11780,1002912,423,SUBSTRATE
11781,1002912,1449,PRODUCT
11782,1002913,387,SUBSTRATE
11783,1002913,1917,PRODUCT
11784,1002914,700,SUBSTRATE
11785,1002914,699,PRODUCT
11786,1002915,709,SUBSTRATE
11787,1002915,2042,PRODUCT
11788,1002916,1134,SUBSTRATE
11789,1002916,2129,PRODUCT
11790,1002917,1207,SUBSTRATE
11791,1002917,1208,PRODUCT
11792,1002918,2088,SUBSTRATE
11793,1002918,159,PRODUCT
11794,1002919,2056,SUBSTRATE
11795,1002919,1110,PRODUCT
11796,1002920,2044,SUBSTRATE
11797,1002920,1113,PRODUCT
11798,1002921,2057,SUBSTRATE
11799,1002921,1222,PRODUCT
11800,1002922,2052,SUBSTRATE
11801,1002922,1090,PRODUCT
11802,1002923,1454,SUBSTRATE
11803,1002923,1471,PRODUCT
11804,1002924,1456,SUBSTRATE
11805,1002924,1473,PRODUCT
11806,1002925,1458,SUBSTRATE
11807,1002925,1244,PRODUCT
11808,1002926,1460,SUBSTRATE
11809,1002926,722,PRODUCT
11810,1002927,2001,SUBSTRATE
11811,1002927,2089,PRODUCT
11812,1002928,2002,SUBSTRATE
11813,1002928,2092,PRODUCT
11814,1002929,2003,SUBSTRATE
11815,1002929,2094,PRODUCT
11816,1002930,2004,SUBSTRATE
11817,1002930,2096,PRODUCT
11818,1002931,2005,SUBSTRATE
11819,1002931,2098,PRODUCT
11820,1002932,2006,SUBSTRATE
11821,1002932,2100,PRODUCT
11822,1002933,2007,SUBSTRATE
11823,1002933,2102,PRODUCT
11824,1002934,2008,SUBSTRATE
11825,1002934,2104,PRODUCT
11826,1002935,1918,SUBSTRATE
11827,1002935,2169,PRODUCT
11828,1002936,1920,SUBSTRATE
11829,1002936,2170,PRODUCT
11830,1002937,1922,SUBSTRATE
11831,1002937,2171,PRODUCT
11832,1002938,1924,SUBSTRATE
11833,1002938,2172,PRODUCT
11834,1002939,1926,SUBSTRATE
11835,1002939,2173,PRODUCT
11836,1002940,1928,SUBSTRATE
11837,1002940,2174,PRODUCT
11838,1002941,1930,SUBSTRATE
11839,1002941,2175,PRODUCT
11840,1002942,1932,SUBSTRATE
11841,1002942,2176,PRODUCT
11842,1002943,1993,SUBSTRATE
11843,1002943,2089,PRODUCT
11844,1002944,1994,SUBSTRATE
11845,1002944,2092,PRODUCT
11846,1002945,1995,SUBSTRATE
11847,1002945,2094,PRODUCT
11848,1002946,1996,SUBSTRATE
11849,1002946,2096,PRODUCT
11850,1002947,1997,SUBSTRATE
11851,1002947,2098,PRODUCT
11852,1002948,1998,SUBSTRATE
11853,1002948,2100,PRODUCT
11854,1002949,1999,SUBSTRATE
11855,1002949,2102,PRODUCT
11856,1002950,2000,SUBSTRATE
11857,1002950,2104,PRODUCT
11858,1002951,2106,SUBSTRATE
11859,1002951,2090,PRODUCT
11860,1002952,2107,SUBSTRATE
11861,1002952,2093,PRODUCT
11862,1002953,2108,SUBSTRATE
11863,1002953,2095,PRODUCT
11864,1002954,2109,SUBSTRATE
11865,1002954,2097,PRODUCT
11866,1002955,2110,SUBSTRATE
11867,1002955,2099,PRODUCT
11868,1002956,2111,SUBSTRATE
11869,1002956,2101,PRODUCT
11870,1002957,2112,SUBSTRATE
11871,1002957,2103,PRODUCT
11872,1002958,2113,SUBSTRATE
11873,1002958,2105,PRODUCT
11874,1002959,709,SUBSTRATE
11875,1002959,1569,PRODUCT
11876,1002960,1134,SUBSTRATE
11877,1002960,1570,PRODUCT
11878,1002961,700,SUBSTRATE
11879,1002961,1757,PRODUCT
11880,1002962,423,SUBSTRATE
11881,1002962,1934,PRODUCT
11882,1002963,387,SUBSTRATE
11883,1002963,1935,PRODUCT
11884,1002964,442,SUBSTRATE
11885,1002964,1758,PRODUCT
11886,1002965,2009,SUBSTRATE
11887,1002965,2193,PRODUCT
11888,1002966,2010,SUBSTRATE
11889,1002966,2194,PRODUCT
11890,1002967,2011,SUBSTRATE
11891,1002967,2195,PRODUCT
11892,1002968,2012,SUBSTRATE
11893,1002968,2196,PRODUCT
11894,1002969,2013,SUBSTRATE
11895,1002969,2197,PRODUCT
11896,1002970,2014,SUBSTRATE
11897,1002970,2198,PRODUCT
11898,1002971,2015,SUBSTRATE
11899,1002971,2199,PRODUCT
11900,1002972,2016,SUBSTRATE
11901,1002972,2200,PRODUCT
11902,1002973,709,SUBSTRATE
11903,1002973,1587,PRODUCT
11904,1002974,1134,SUBSTRATE
11905,1002974,1588,PRODUCT
11906,1002975,700,SUBSTRATE
11907,1002975,1739,PRODUCT
11908,1002976,442,SUBSTRATE
11909,1002976,1740,PRODUCT
11910,1002977,423,SUBSTRATE
11911,1002977,1952,PRODUCT
11912,1002978,387,SUBSTRATE
11913,1002978,1953,PRODUCT
11914,1002979,709,SUBSTRATE
11915,1002979,1819,PRODUCT
11916,1002980,442,SUBSTRATE
11917,1002980,1722,PRODUCT
11918,1002981,1470,SUBSTRATE
11919,1002981,1913,PRODUCT
11920,1002982,1091,SUBSTRATE
11921,1002982,1915,PRODUCT
11922,1002983,2114,SUBSTRATE
11923,1002983,2090,PRODUCT
11924,1002984,2115,SUBSTRATE
11925,1002984,2093,PRODUCT
11926,1002985,2116,SUBSTRATE
11927,1002985,2095,PRODUCT
11928,1002986,2117,SUBSTRATE
11929,1002986,2097,PRODUCT
11930,1002987,2118,SUBSTRATE
11931,1002987,2099,PRODUCT
11932,1002988,2119,SUBSTRATE
11933,1002988,2101,PRODUCT
11934,1002989,1864,SUBSTRATE
11935,1002989,1110,PRODUCT
11936,1002990,1870,SUBSTRATE
11937,1002990,1222,PRODUCT
11938,1002991,1914,SUBSTRATE
11939,1002991,499,PRODUCT
11940,1002992,1425,SUBSTRATE
11941,1002992,1434,PRODUCT
11942,1002993,1428,SUBSTRATE
11943,1002993,1437,PRODUCT
11944,1002994,1462,SUBSTRATE
11945,1002994,1466,PRODUCT
11946,1002995,1463,SUBSTRATE
11947,1002995,1468,PRODUCT
11948,1002996,1604,SUBSTRATE
11949,1002996,1637,PRODUCT
11950,1002997,1612,SUBSTRATE
11951,1002997,1652,PRODUCT
11952,1002998,1620,SUBSTRATE
11953,1002998,1660,PRODUCT
11954,1002999,1628,SUBSTRATE
11955,1002999,1668,PRODUCT
11956,1003000,1606,SUBSTRATE
11957,1003000,1641,PRODUCT
11958,1003001,1614,SUBSTRATE
11959,1003001,1654,PRODUCT
11960,1003002,1622,SUBSTRATE
11961,1003002,1662,PRODUCT
11962,1003003,1630,SUBSTRATE
11963,1003003,1670,PRODUCT
11964,1003004,1608,SUBSTRATE
11965,1003004,1645,PRODUCT
11966,1003005,1616,SUBSTRATE
11967,1003005,1656,PRODUCT
11968,1003006,1624,SUBSTRATE
11969,1003006,1664,PRODUCT
11970,1003007,1632,SUBSTRATE
11971,1003007,1672,PRODUCT
11972,1003008,1610,SUBSTRATE
11973,1003008,1649,PRODUCT
11974,1003009,1618,SUBSTRATE
11975,1003009,1658,PRODUCT
11976,1003010,1626,SUBSTRATE
11977,1003010,1666,PRODUCT
11978,1003011,1634,SUBSTRATE
11979,1003011,1674,PRODUCT
11980,1003012,1605,SUBSTRATE
11981,1003012,1639,PRODUCT
11982,1003013,1613,SUBSTRATE
11983,1003013,1653,PRODUCT
11984,1003014,1621,SUBSTRATE
11985,1003014,1661,PRODUCT
11986,1003015,1629,SUBSTRATE
11987,1003015,1669,PRODUCT
11988,1003016,1607,SUBSTRATE
11989,1003016,1643,PRODUCT
11990,1003017,1615,SUBSTRATE
11991,1003017,1655,PRODUCT
11992,1003018,1623,SUBSTRATE
11993,1003018,1663,PRODUCT
11994,1003019,1631,SUBSTRATE
11995,1003019,1671,PRODUCT
11996,1003020,1609,SUBSTRATE
11997,1003020,1647,PRODUCT
11998,1003021,1617,SUBSTRATE
11999,1003021,1657,PRODUCT
12000,1003022,1625,SUBSTRATE
12001,1003022,1665,PRODUCT
12002,1003023,1633,SUBSTRATE
12003,1003023,1673,PRODUCT
12004,1003024,1611,SUBSTRATE
12005,1003024,1651,PRODUCT
12006,1003025,1619,SUBSTRATE
12007,1003025,1659,PRODUCT
12008,1003026,1627,SUBSTRATE
12009,1003026,1667,PRODUCT
12010,1003027,1635,SUBSTRATE
12011,1003027,1675,PRODUCT
12012,1003028,2025,SUBSTRATE
12013,1003028,2253,PRODUCT
12014,1003029,2028,SUBSTRATE
12015,1003029,634,PRODUCT
12016,1003030,2031,SUBSTRATE
12017,1003030,2258,PRODUCT
12018,1003031,2037,SUBSTRATE
12019,1003031,1315,PRODUCT
12020,1003032,2036,SUBSTRATE
12021,1003032,2249,PRODUCT
12022,1003033,2035,SUBSTRATE
12023,1003033,2251,PRODUCT
12024,1003034,2027,SUBSTRATE
12025,1003034,2252,PRODUCT
12026,1003035,2026,SUBSTRATE
12027,1003035,2254,PRODUCT
12028,1003036,2030,SUBSTRATE
12029,1003036,2255,PRODUCT
12030,1003037,2029,SUBSTRATE
12031,1003037,2256,PRODUCT
12032,1003038,2033,SUBSTRATE
12033,1003038,2257,PRODUCT
12034,1003039,2032,SUBSTRATE
12035,1003039,2259,PRODUCT
12036,1003040,2039,SUBSTRATE
12037,1003040,2260,PRODUCT
12038,1003041,2038,SUBSTRATE
12039,1003041,2261,PRODUCT
12040,1003042,1800,SUBSTRATE
12041,1003042,2286,PRODUCT
12042,1003043,1801,SUBSTRATE
12043,1003043,2288,PRODUCT
12044,1003044,1802,SUBSTRATE
12045,1003044,2290,PRODUCT
12046,1003045,1803,SUBSTRATE
12047,1003045,2292,PRODUCT
12048,1003046,1804,SUBSTRATE
12049,1003046,2294,PRODUCT
12050,1003047,1805,SUBSTRATE
12051,1003047,2295,PRODUCT
12052,1003048,1806,SUBSTRATE
12053,1003048,2296,PRODUCT
12054,1003049,1807,SUBSTRATE
12055,1003049,2297,PRODUCT
12056,1003050,1774,SUBSTRATE
12057,1003050,2298,PRODUCT
12058,1003051,1778,SUBSTRATE
12059,1003051,2299,PRODUCT
12060,1003052,1780,SUBSTRATE
12061,1003052,2300,PRODUCT
12062,1003053,1782,SUBSTRATE
12063,1003053,2301,PRODUCT
12064,1003054,1784,SUBSTRATE
12065,1003054,2279,PRODUCT
12066,1003055,1786,SUBSTRATE
12067,1003055,2281,PRODUCT
12068,1003056,1788,SUBSTRATE
12069,1003056,2283,PRODUCT
12070,1003057,1790,SUBSTRATE
12071,1003057,2285,PRODUCT
12072,1003058,2021,SUBSTRATE
12073,1003058,2287,PRODUCT
12074,1003059,2022,SUBSTRATE
12075,1003059,2289,PRODUCT
12076,1003060,2023,SUBSTRATE
12077,1003060,2291,PRODUCT
12078,1003061,2024,SUBSTRATE
12079,1003061,2293,PRODUCT
12080,1003062,2017,SUBSTRATE
12081,1003062,2278,PRODUCT
12082,1003063,2018,SUBSTRATE
12083,1003063,2280,PRODUCT
12084,1003064,2019,SUBSTRATE
12085,1003064,2282,PRODUCT
12086,1003065,2020,SUBSTRATE
12087,1003065,2284,PRODUCT
12088,1003066,1555,SUBSTRATE
12089,1003066,1548,PRODUCT
12090,1003067,1556,SUBSTRATE
12091,1003067,1550,PRODUCT
12092,1003068,1557,SUBSTRATE
12093,1003068,1552,PRODUCT
12094,1003069,1558,SUBSTRATE
12095,1003069,1554,PRODUCT
12096,1003070,1547,SUBSTRATE
12097,1003070,1685,PRODUCT
12098,1003071,1549,SUBSTRATE
12099,1003071,1690,PRODUCT
12100,1003072,1551,SUBSTRATE
12101,1003072,1692,PRODUCT
12102,1003073,1553,SUBSTRATE
12103,1003073,1694,PRODUCT
12104,1003074,1548,SUBSTRATE
12105,1003074,1696,PRODUCT
12106,1003075,1550,SUBSTRATE
12107,1003075,1698,PRODUCT
12108,1003076,1702,SUBSTRATE
12109,1003076,1721,PRODUCT
12110,1003077,1703,SUBSTRATE
12111,1003077,1724,PRODUCT
12112,1003078,1704,SUBSTRATE
12113,1003078,1726,PRODUCT
12114,1003079,1705,SUBSTRATE
12115,1003079,1728,PRODUCT
12116,1003080,1706,SUBSTRATE
12117,1003080,1730,PRODUCT
12118,1003081,1707,SUBSTRATE
12119,1003081,1732,PRODUCT
12120,1003082,1708,SUBSTRATE
12121,1003082,1734,PRODUCT
12122,1003083,1709,SUBSTRATE
12123,1003083,1736,PRODUCT
12124,1003084,1723,SUBSTRATE
12125,1003084,1774,PRODUCT
12126,1003085,1725,SUBSTRATE
12127,1003085,1778,PRODUCT
12128,1003086,1727,SUBSTRATE
12129,1003086,1780,PRODUCT
12130,1003087,1729,SUBSTRATE
12131,1003087,1782,PRODUCT
12132,1003088,1731,SUBSTRATE
12133,1003088,1784,PRODUCT
12134,1003089,1733,SUBSTRATE
12135,1003089,1786,PRODUCT
12136,1003090,1735,SUBSTRATE
12137,1003090,1788,PRODUCT
12138,1003091,1737,SUBSTRATE
12139,1003091,1790,PRODUCT
12140,1003092,1800,SUBSTRATE
12141,1003092,1889,PRODUCT
12142,1003093,1801,SUBSTRATE
12143,1003093,1891,PRODUCT
12144,1003094,1802,SUBSTRATE
12145,1003094,1893,PRODUCT
12146,1003095,1803,SUBSTRATE
12147,1003095,1895,PRODUCT
12148,1003096,1804,SUBSTRATE
12149,1003096,1897,PRODUCT
12150,1003097,1805,SUBSTRATE
12151,1003097,1898,PRODUCT
12152,1003098,1806,SUBSTRATE
12153,1003098,1899,PRODUCT
12154,1003099,1807,SUBSTRATE
12155,1003099,1900,PRODUCT
12156,1003100,1560,SUBSTRATE
12157,1003100,1589,PRODUCT
12158,1003101,1562,SUBSTRATE
12159,1003101,1593,PRODUCT
12160,1003102,1564,SUBSTRATE
12161,1003102,1597,PRODUCT
12162,1003103,1566,SUBSTRATE
12163,1003103,1601,PRODUCT
12164,1003104,1561,SUBSTRATE
12165,1003104,1591,PRODUCT
12166,1003105,1563,SUBSTRATE
12167,1003105,1595,PRODUCT
12168,1003106,1565,SUBSTRATE
12169,1003106,1599,PRODUCT
12170,1003107,1567,SUBSTRATE
12171,1003107,1603,PRODUCT
12172,1003108,1547,SUBSTRATE
12173,1003108,1586,PRODUCT
12174,1003109,1549,SUBSTRATE
12175,1003109,1592,PRODUCT
12176,1003110,1551,SUBSTRATE
12177,1003110,1596,PRODUCT
12178,1003111,1553,SUBSTRATE
12179,1003111,1600,PRODUCT
12180,1003112,1548,SUBSTRATE
12181,1003112,1590,PRODUCT
12182,1003113,1550,SUBSTRATE
12183,1003113,1594,PRODUCT
12184,1003114,1552,SUBSTRATE
12185,1003114,1598,PRODUCT
12186,1003115,1554,SUBSTRATE
12187,1003115,1602,PRODUCT
12188,1003116,1711,SUBSTRATE
12189,1003116,1951,PRODUCT
12190,1003117,1712,SUBSTRATE
12191,1003117,1955,PRODUCT
12192,1003118,1713,SUBSTRATE
12193,1003118,1957,PRODUCT
12194,1003119,1714,SUBSTRATE
12195,1003119,1959,PRODUCT
12196,1003120,1715,SUBSTRATE
12197,1003120,1961,PRODUCT
12198,1003121,1716,SUBSTRATE
12199,1003121,1963,PRODUCT
12200,1003122,1717,SUBSTRATE
12201,1003122,1965,PRODUCT
12202,1003123,1718,SUBSTRATE
12203,1003123,1967,PRODUCT
12204,1003124,1702,SUBSTRATE
12205,1003124,1738,PRODUCT
12206,1003125,1703,SUBSTRATE
12207,1003125,1742,PRODUCT
12208,1003126,1704,SUBSTRATE
12209,1003126,1744,PRODUCT
12210,1003127,1705,SUBSTRATE
12211,1003127,1746,PRODUCT
12212,1003128,1706,SUBSTRATE
12213,1003128,1748,PRODUCT
12214,1003129,1707,SUBSTRATE
12215,1003129,1750,PRODUCT
12216,1003130,1708,SUBSTRATE
12217,1003130,1752,PRODUCT
12218,1003131,1709,SUBSTRATE
12219,1003131,1754,PRODUCT
12220,1003132,1741,SUBSTRATE
12221,1003132,1774,PRODUCT
12222,1003133,1743,SUBSTRATE
12223,1003133,1778,PRODUCT
12224,1003134,1745,SUBSTRATE
12225,1003134,1780,PRODUCT
12226,1003135,1747,SUBSTRATE
12227,1003135,1782,PRODUCT
12228,1003136,1749,SUBSTRATE
12229,1003136,1784,PRODUCT
12230,1003137,1751,SUBSTRATE
12231,1003137,1786,PRODUCT
12232,1003138,1753,SUBSTRATE
12233,1003138,1788,PRODUCT
12234,1003139,1755,SUBSTRATE
12235,1003139,1790,PRODUCT
12236,1003140,1547,SUBSTRATE
12237,1003140,1568,PRODUCT
12238,1003141,1549,SUBSTRATE
12239,1003141,1574,PRODUCT
12240,1003142,1551,SUBSTRATE
12241,1003142,1578,PRODUCT
12242,1003143,1553,SUBSTRATE
12243,1003143,1582,PRODUCT
12244,1003144,1548,SUBSTRATE
12245,1003144,1572,PRODUCT
12246,1003145,1550,SUBSTRATE
12247,1003145,1576,PRODUCT
12248,1003146,1552,SUBSTRATE
12249,1003146,1580,PRODUCT
12250,1003147,1554,SUBSTRATE
12251,1003147,1584,PRODUCT
12252,1003148,1711,SUBSTRATE
12253,1003148,1933,PRODUCT
12254,1003149,1712,SUBSTRATE
12255,1003149,1937,PRODUCT
12256,1003150,1713,SUBSTRATE
12257,1003150,1939,PRODUCT
12258,1003151,1714,SUBSTRATE
12259,1003151,1941,PRODUCT
12260,1003152,1715,SUBSTRATE
12261,1003152,1943,PRODUCT
12262,1003153,1716,SUBSTRATE
12263,1003153,1945,PRODUCT
12264,1003154,1717,SUBSTRATE
12265,1003154,1947,PRODUCT
12266,1003155,1718,SUBSTRATE
12267,1003155,1949,PRODUCT
12268,1003156,1702,SUBSTRATE
12269,1003156,1756,PRODUCT
12270,1003157,1703,SUBSTRATE
12271,1003157,1760,PRODUCT
12272,1003158,1704,SUBSTRATE
12273,1003158,1762,PRODUCT
12274,1003159,1705,SUBSTRATE
12275,1003159,1764,PRODUCT
12276,1003160,1706,SUBSTRATE
12277,1003160,1766,PRODUCT
12278,1003161,1707,SUBSTRATE
12279,1003161,1768,PRODUCT
12280,1003162,1708,SUBSTRATE
12281,1003162,1770,PRODUCT
12282,1003163,1709,SUBSTRATE
12283,1003163,1772,PRODUCT
12284,1003164,1759,SUBSTRATE
12285,1003164,1774,PRODUCT
12286,1003165,1761,SUBSTRATE
12287,1003165,1778,PRODUCT
12288,1003166,1763,SUBSTRATE
12289,1003166,1780,PRODUCT
12290,1003167,1765,SUBSTRATE
12291,1003167,1782,PRODUCT
12292,1003168,1767,SUBSTRATE
12293,1003168,1784,PRODUCT
12294,1003169,1769,SUBSTRATE
12295,1003169,1786,PRODUCT
12296,1003170,1771,SUBSTRATE
12297,1003170,1788,PRODUCT
12298,1003171,1773,SUBSTRATE
12299,1003171,1790,PRODUCT
12300,1003172,1985,SUBSTRATE
12301,1003172,2153,PRODUCT
12302,1003173,1986,SUBSTRATE
12303,1003173,2154,PRODUCT
12304,1003174,1987,SUBSTRATE
12305,1003174,2155,PRODUCT
12306,1003175,1988,SUBSTRATE
12307,1003175,2156,PRODUCT
12308,1003176,1989,SUBSTRATE
12309,1003176,2157,PRODUCT
12310,1003177,1990,SUBSTRATE
12311,1003177,2158,PRODUCT
12312,1003178,1991,SUBSTRATE
12313,1003178,2159,PRODUCT
12314,1003179,1992,SUBSTRATE
12315,1003179,2160,PRODUCT
12316,1003180,1711,SUBSTRATE
12317,1003180,1916,PRODUCT
12318,1003181,1712,SUBSTRATE
12319,1003181,1919,PRODUCT
12320,1003182,1713,SUBSTRATE
12321,1003182,1921,PRODUCT
12322,1003183,1714,SUBSTRATE
12323,1003183,1923,PRODUCT
12324,1003184,1715,SUBSTRATE
12325,1003184,1925,PRODUCT
12326,1003185,1716,SUBSTRATE
12327,1003185,1927,PRODUCT
12328,1003186,1717,SUBSTRATE
12329,1003186,1929,PRODUCT
12330,1003187,1718,SUBSTRATE
12331,1003187,1931,PRODUCT
12332,1003188,1800,SUBSTRATE
12333,1003188,2041,PRODUCT
12334,1003189,1801,SUBSTRATE
12335,1003189,2045,PRODUCT
12336,1003190,1802,SUBSTRATE
12337,1003190,2047,PRODUCT
12338,1003191,1803,SUBSTRATE
12339,1003191,2049,PRODUCT
12340,1003192,1804,SUBSTRATE
12341,1003192,2051,PRODUCT
12342,1003193,1805,SUBSTRATE
12343,1003193,2053,PRODUCT
12344,1003194,1806,SUBSTRATE
12345,1003194,2054,PRODUCT
12346,1003195,1807,SUBSTRATE
12347,1003195,2055,PRODUCT
12348,1003196,1774,SUBSTRATE
12349,1003196,2058,PRODUCT
12350,1003197,1778,SUBSTRATE
12351,1003197,2060,PRODUCT
12352,1003198,1780,SUBSTRATE
12353,1003198,2062,PRODUCT
12354,1003199,1782,SUBSTRATE
12355,1003199,2064,PRODUCT
12356,1003200,1784,SUBSTRATE
12357,1003200,2066,PRODUCT
12358,1003201,1786,SUBSTRATE
12359,1003201,2067,PRODUCT
12360,1003202,1788,SUBSTRATE
12361,1003202,2068,PRODUCT
12362,1003203,1790,SUBSTRATE
12363,1003203,2069,PRODUCT
12364,1003204,1702,SUBSTRATE
12365,1003204,2071,PRODUCT
12366,1003205,1703,SUBSTRATE
12367,1003205,2073,PRODUCT
12368,1003206,1704,SUBSTRATE
12369,1003206,2075,PRODUCT
12370,1003207,1705,SUBSTRATE
12371,1003207,2077,PRODUCT
12372,1003208,1706,SUBSTRATE
12373,1003208,2079,PRODUCT
12374,1003209,1707,SUBSTRATE
12375,1003209,2080,PRODUCT
12376,1003210,1708,SUBSTRATE
12377,1003210,2081,PRODUCT
12378,1003211,1709,SUBSTRATE
12379,1003211,2082,PRODUCT
12380,1003212,1457,SUBSTRATE
12381,1003212,1462,PRODUCT
12382,1003213,1459,SUBSTRATE
12383,1003213,1463,PRODUCT
12384,1003214,2120,SUBSTRATE
12385,1003214,1547,PRODUCT
12386,1003215,2121,SUBSTRATE
12387,1003215,1549,PRODUCT
12388,1003216,2122,SUBSTRATE
12389,1003216,1551,PRODUCT
12390,1003217,2123,SUBSTRATE
12391,1003217,1553,PRODUCT
12392,1003218,2124,SUBSTRATE
12393,1003218,1548,PRODUCT
12394,1003219,2125,SUBSTRATE
12395,1003219,1550,PRODUCT
12396,1003220,2126,SUBSTRATE
12397,1003220,1552,PRODUCT
12398,1003221,2127,SUBSTRATE
12399,1003221,1554,PRODUCT
12400,1003222,1918,SUBSTRATE
12401,1003222,2177,PRODUCT
12402,1003223,1920,SUBSTRATE
12403,1003223,2178,PRODUCT
12404,1003224,1922,SUBSTRATE
12405,1003224,2179,PRODUCT
12406,1003225,1924,SUBSTRATE
12407,1003225,2180,PRODUCT
12408,1003226,1926,SUBSTRATE
12409,1003226,2181,PRODUCT
12410,1003227,1928,SUBSTRATE
12411,1003227,2182,PRODUCT
12412,1003228,1930,SUBSTRATE
12413,1003228,2183,PRODUCT
12414,1003229,1932,SUBSTRATE
12415,1003229,2184,PRODUCT
12416,1003230,2001,SUBSTRATE
12417,1003230,2201,PRODUCT
12418,1003231,2002,SUBSTRATE
12419,1003231,2202,PRODUCT
12420,1003232,2003,SUBSTRATE
12421,1003232,2203,PRODUCT
12422,1003233,2004,SUBSTRATE
12423,1003233,2204,PRODUCT
12424,1003234,2005,SUBSTRATE
12425,1003234,2205,PRODUCT
12426,1003235,2006,SUBSTRATE
12427,1003235,2206,PRODUCT
12428,1003236,2007,SUBSTRATE
12429,1003236,2207,PRODUCT
12430,1003237,2008,SUBSTRATE
12431,1003237,2208,PRODUCT
12432,1003238,2039,SUBSTRATE
12433,1003238,2262,PRODUCT
12434,1003239,2038,SUBSTRATE
12435,1003239,2263,PRODUCT
12436,1003240,1711,SUBSTRATE
12437,1003240,1969,PRODUCT
12438,1003241,1712,SUBSTRATE
12439,1003241,1971,PRODUCT
12440,1003242,1713,SUBSTRATE
12441,1003242,1973,PRODUCT
12442,1003243,1714,SUBSTRATE
12443,1003243,1975,PRODUCT
12444,1003244,1715,SUBSTRATE
12445,1003244,1977,PRODUCT
12446,1003245,1716,SUBSTRATE
12447,1003245,1979,PRODUCT
12448,1003246,1717,SUBSTRATE
12449,1003246,1981,PRODUCT
12450,1003247,1718,SUBSTRATE
12451,1003247,1983,PRODUCT
12452,1003248,1462,SUBSTRATE
12453,1003248,962,PRODUCT
12454,1003249,1463,SUBSTRATE
12455,1003249,483,PRODUCT
12456,1003250,610,SUBSTRATE
12457,1003250,2034,PRODUCT
12458,1003251,1135,SUBSTRATE
12459,1003251,1559,PRODUCT
12460,1003252,1985,SUBSTRATE
12461,1003252,2161,PRODUCT
12462,1003253,1986,SUBSTRATE
12463,1003253,2162,PRODUCT
12464,1003254,1987,SUBSTRATE
12465,1003254,2163,PRODUCT
12466,1003255,1988,SUBSTRATE
12467,1003255,2164,PRODUCT
12468,1003256,1989,SUBSTRATE
12469,1003256,2165,PRODUCT
12470,1003257,1990,SUBSTRATE
12471,1003257,2166,PRODUCT
12472,1003258,1991,SUBSTRATE
12473,1003258,2167,PRODUCT
12474,1003259,1992,SUBSTRATE
12475,1003259,2168,PRODUCT
12476,1003260,2009,SUBSTRATE
12477,1003260,2185,PRODUCT
12478,1003261,2010,SUBSTRATE
12479,1003261,2186,PRODUCT
12480,1003262,2011,SUBSTRATE
12481,1003262,2187,PRODUCT
12482,1003263,2012,SUBSTRATE
12483,1003263,2188,PRODUCT
12484,1003264,2013,SUBSTRATE
12485,1003264,2189,PRODUCT
12486,1003265,2014,SUBSTRATE
12487,1003265,2190,PRODUCT
12488,1003266,2015,SUBSTRATE
12489,1003266,2191,PRODUCT
12490,1003267,2016,SUBSTRATE
12491,1003267,2192,PRODUCT
12492,1003268,705,SUBSTRATE
12493,1003268,1687,PRODUCT
12494,1003269,679,SUBSTRATE
12495,1003269,1811,PRODUCT
12496,1003270,498,SUBSTRATE
12497,1003270,1812,PRODUCT
12498,1003271,507,SUBSTRATE
12499,1003271,1686,PRODUCT
12500,1003272,1138,SUBSTRATE
12501,1003272,1821,PRODUCT
12502,1003273,584,SUBSTRATE
12503,1003273,1688,PRODUCT
12504,1003274,2138,SUBSTRATE
12505,1003274,164,PRODUCT
12506,1003274,2333,PRODUCT
12507,1003274,2334,PRODUCT
12508,1003275,2140,SUBSTRATE
12509,1003275,164,PRODUCT
12510,1003275,2334,PRODUCT
12511,1003276,2142,SUBSTRATE
12512,1003276,164,PRODUCT
12513,1003276,2334,PRODUCT
12514,1003276,2335,PRODUCT
12515,1003277,2144,SUBSTRATE
12516,1003277,164,PRODUCT
12517,1003277,2334,PRODUCT
12518,1003277,2336,PRODUCT
12519,1003278,2146,SUBSTRATE
12520,1003278,164,PRODUCT
12521,1003278,2333,PRODUCT
12522,1003278,2336,PRODUCT
12523,1003279,2148,SUBSTRATE
12524,1003279,164,PRODUCT
12525,1003279,2334,PRODUCT
12526,1003279,2336,PRODUCT
12527,1003280,2150,SUBSTRATE
12528,1003280,164,PRODUCT
12529,1003280,2335,PRODUCT
12530,1003280,2336,PRODUCT
12531,1003281,2152,SUBSTRATE
12532,1003281,164,PRODUCT
12533,1003281,2336,PRODUCT
12534,1003282,2036,SUBSTRATE
12535,1003282,2302,PRODUCT
12536,1003282,2334,PRODUCT
12537,1003283,2035,SUBSTRATE
12538,1003283,2302,PRODUCT
12539,1003283,2336,PRODUCT
12540,1003284,2302,SUBSTRATE
12541,1003284,614,PRODUCT
12542,1003285,1110,SUBSTRATE
12543,1003285,630,PRODUCT
12544,1003285,2333,PRODUCT
12545,1003286,1113,SUBSTRATE
12546,1003286,630,PRODUCT
12547,1003286,2334,PRODUCT
12548,1003287,1222,SUBSTRATE
12549,1003287,630,PRODUCT
12550,1003287,2335,PRODUCT
12551,1003288,1090,SUBSTRATE
12552,1003288,630,PRODUCT
12553,1003288,2336,PRODUCT
12554,1003289,1702,SUBSTRATE
12555,1003289,2303,PRODUCT
12556,1003289,2333,PRODUCT
12557,1003289,2334,PRODUCT
12558,1003290,1703,SUBSTRATE
12559,1003290,2303,PRODUCT
12560,1003290,2334,PRODUCT
12561,1003291,1704,SUBSTRATE
12562,1003291,2303,PRODUCT
12563,1003291,2334,PRODUCT
12564,1003291,2335,PRODUCT
12565,1003292,1705,SUBSTRATE
12566,1003292,2303,PRODUCT
12567,1003292,2334,PRODUCT
12568,1003292,2336,PRODUCT
12569,1003293,1706,SUBSTRATE
12570,1003293,2303,PRODUCT
12571,1003293,2333,PRODUCT
12572,1003293,2336,PRODUCT
12573,1003294,1707,SUBSTRATE
12574,1003294,2303,PRODUCT
12575,1003294,2334,PRODUCT
12576,1003294,2336,PRODUCT
12577,1003295,1708,SUBSTRATE
12578,1003295,2303,PRODUCT
12579,1003295,2335,PRODUCT
12580,1003295,2336,PRODUCT
12581,1003296,1709,SUBSTRATE
12582,1003296,2303,PRODUCT
12583,1003296,2336,PRODUCT
12584,1003297,2303,SUBSTRATE
12585,1003297,1140,PRODUCT
12586,1003298,1800,SUBSTRATE
12587,1003298,2304,PRODUCT
12588,1003298,2333,PRODUCT
12589,1003298,2334,PRODUCT
12590,1003299,1801,SUBSTRATE
12591,1003299,2304,PRODUCT
12592,1003299,2334,PRODUCT
12593,1003300,1802,SUBSTRATE
12594,1003300,2304,PRODUCT
12595,1003300,2334,PRODUCT
12596,1003300,2335,PRODUCT
12597,1003301,1803,SUBSTRATE
12598,1003301,2304,PRODUCT
12599,1003301,2334,PRODUCT
12600,1003301,2336,PRODUCT
12601,1003302,1804,SUBSTRATE
12602,1003302,2304,PRODUCT
12603,1003302,2333,PRODUCT
12604,1003302,2336,PRODUCT
12605,1003303,1805,SUBSTRATE
12606,1003303,2304,PRODUCT
12607,1003303,2334,PRODUCT
12608,1003303,2336,PRODUCT
12609,1003304,1806,SUBSTRATE
12610,1003304,2304,PRODUCT
12611,1003304,2335,PRODUCT
12612,1003304,2336,PRODUCT
12613,1003305,1807,SUBSTRATE
12614,1003305,2304,PRODUCT
12615,1003305,2336,PRODUCT
12616,1003306,2304,SUBSTRATE
12617,1003306,1141,PRODUCT
12618,1003307,1774,SUBSTRATE
12619,1003307,2305,PRODUCT
12620,1003307,2333,PRODUCT
12621,1003307,2334,PRODUCT
12622,1003308,1778,SUBSTRATE
12623,1003308,2305,PRODUCT
12624,1003308,2334,PRODUCT
12625,1003309,1780,SUBSTRATE
12626,1003309,2305,PRODUCT
12627,1003309,2334,PRODUCT
12628,1003309,2335,PRODUCT
12629,1003310,1782,SUBSTRATE
12630,1003310,2305,PRODUCT
12631,1003310,2334,PRODUCT
12632,1003310,2336,PRODUCT
12633,1003311,1784,SUBSTRATE
12634,1003311,2305,PRODUCT
12635,1003311,2333,PRODUCT
12636,1003311,2336,PRODUCT
12637,1003312,1786,SUBSTRATE
12638,1003312,2305,PRODUCT
12639,1003312,2334,PRODUCT
12640,1003312,2336,PRODUCT
12641,1003313,1788,SUBSTRATE
12642,1003313,2305,PRODUCT
12643,1003313,2335,PRODUCT
12644,1003313,2336,PRODUCT
12645,1003314,1790,SUBSTRATE
12646,1003314,2305,PRODUCT
12647,1003314,2336,PRODUCT
12648,1003315,2305,SUBSTRATE
12649,1003315,1142,PRODUCT
12650,1003316,1604,SUBSTRATE
12651,1003316,2306,PRODUCT
12652,1003316,2333,PRODUCT
12653,1003316,2334,PRODUCT
12654,1003317,1605,SUBSTRATE
12655,1003317,2306,PRODUCT
12656,1003317,2333,PRODUCT
12657,1003317,2336,PRODUCT
12658,1003318,1606,SUBSTRATE
12659,1003318,2306,PRODUCT
12660,1003318,2333,PRODUCT
12661,1003318,2334,PRODUCT
12662,1003319,1607,SUBSTRATE
12663,1003319,2306,PRODUCT
12664,1003319,2333,PRODUCT
12665,1003319,2334,PRODUCT
12666,1003319,2336,PRODUCT
12667,1003320,1608,SUBSTRATE
12668,1003320,2306,PRODUCT
12669,1003320,2333,PRODUCT
12670,1003320,2334,PRODUCT
12671,1003320,2335,PRODUCT
12672,1003321,1609,SUBSTRATE
12673,1003321,2306,PRODUCT
12674,1003321,2333,PRODUCT
12675,1003321,2335,PRODUCT
12676,1003321,2336,PRODUCT
12677,1003322,1610,SUBSTRATE
12678,1003322,2306,PRODUCT
12679,1003322,2333,PRODUCT
12680,1003322,2334,PRODUCT
12681,1003322,2336,PRODUCT
12682,1003323,1611,SUBSTRATE
12683,1003323,2306,PRODUCT
12684,1003323,2333,PRODUCT
12685,1003323,2336,PRODUCT
12686,1003324,1612,SUBSTRATE
12687,1003324,2306,PRODUCT
12688,1003324,2333,PRODUCT
12689,1003324,2334,PRODUCT
12690,1003325,1613,SUBSTRATE
12691,1003325,2306,PRODUCT
12692,1003325,2333,PRODUCT
12693,1003325,2334,PRODUCT
12694,1003325,2336,PRODUCT
12695,1003326,1614,SUBSTRATE
12696,1003326,2306,PRODUCT
12697,1003326,2334,PRODUCT
12698,1003327,1615,SUBSTRATE
12699,1003327,2306,PRODUCT
12700,1003327,2334,PRODUCT
12701,1003327,2336,PRODUCT
12702,1003328,1616,SUBSTRATE
12703,1003328,2306,PRODUCT
12704,1003328,2334,PRODUCT
12705,1003328,2335,PRODUCT
12706,1003329,1617,SUBSTRATE
12707,1003329,2306,PRODUCT
12708,1003329,2334,PRODUCT
12709,1003329,2335,PRODUCT
12710,1003329,2336,PRODUCT
12711,1003330,1618,SUBSTRATE
12712,1003330,2306,PRODUCT
12713,1003330,2334,PRODUCT
12714,1003330,2336,PRODUCT
12715,1003331,1619,SUBSTRATE
12716,1003331,2306,PRODUCT
12717,1003331,2334,PRODUCT
12718,1003331,2336,PRODUCT
12719,1003332,1620,SUBSTRATE
12720,1003332,2306,PRODUCT
12721,1003332,2333,PRODUCT
12722,1003332,2334,PRODUCT
12723,1003332,2335,PRODUCT
12724,1003333,1621,SUBSTRATE
12725,1003333,2306,PRODUCT
12726,1003333,2333,PRODUCT
12727,1003333,2335,PRODUCT
12728,1003333,2336,PRODUCT
12729,1003334,1622,SUBSTRATE
12730,1003334,2306,PRODUCT
12731,1003334,2334,PRODUCT
12732,1003334,2335,PRODUCT
12733,1003335,1623,SUBSTRATE
12734,1003335,2306,PRODUCT
12735,1003335,2334,PRODUCT
12736,1003335,2335,PRODUCT
12737,1003335,2336,PRODUCT
12738,1003336,1624,SUBSTRATE
12739,1003336,2306,PRODUCT
12740,1003336,2334,PRODUCT
12741,1003336,2335,PRODUCT
12742,1003337,1625,SUBSTRATE
12743,1003337,2306,PRODUCT
12744,1003337,2335,PRODUCT
12745,1003337,2336,PRODUCT
12746,1003338,1626,SUBSTRATE
12747,1003338,2306,PRODUCT
12748,1003338,2334,PRODUCT
12749,1003338,2335,PRODUCT
12750,1003338,2336,PRODUCT
12751,1003339,1627,SUBSTRATE
12752,1003339,2306,PRODUCT
12753,1003339,2335,PRODUCT
12754,1003339,2336,PRODUCT
12755,1003340,1628,SUBSTRATE
12756,1003340,2306,PRODUCT
12757,1003340,2333,PRODUCT
12758,1003340,2334,PRODUCT
12759,1003340,2336,PRODUCT
12760,1003341,1629,SUBSTRATE
12761,1003341,2306,PRODUCT
12762,1003341,2333,PRODUCT
12763,1003341,2336,PRODUCT
12764,1003342,1630,SUBSTRATE
12765,1003342,2306,PRODUCT
12766,1003342,2334,PRODUCT
12767,1003342,2336,PRODUCT
12768,1003343,1631,SUBSTRATE
12769,1003343,2306,PRODUCT
12770,1003343,2334,PRODUCT
12771,1003343,2336,PRODUCT
12772,1003344,1632,SUBSTRATE
12773,1003344,2306,PRODUCT
12774,1003344,2334,PRODUCT
12775,1003344,2335,PRODUCT
12776,1003344,2336,PRODUCT
12777,1003345,1633,SUBSTRATE
12778,1003345,2306,PRODUCT
12779,1003345,2335,PRODUCT
12780,1003345,2336,PRODUCT
12781,1003346,1634,SUBSTRATE
12782,1003346,2306,PRODUCT
12783,1003346,2334,PRODUCT
12784,1003346,2336,PRODUCT
12785,1003347,1635,SUBSTRATE
12786,1003347,2306,PRODUCT
12787,1003347,2336,PRODUCT
12788,1003348,2306,SUBSTRATE
12789,1003348,1270,PRODUCT
12790,1003349,368,SUBSTRATE
12791,1003349,1231,SUBSTRATE
12792,1003349,374,PRODUCT
12793,1003349,1229,PRODUCT
12794,1003350,717,SUBSTRATE
12795,1003350,2307,PRODUCT
12796,1003351,423,SUBSTRATE
12797,1003351,709,SUBSTRATE
12798,1003351,963,SUBSTRATE
12799,1003351,2310,SUBSTRATE
12800,1003351,2311,SUBSTRATE
12801,1003351,2312,SUBSTRATE
12802,1003351,2313,SUBSTRATE
12803,1003351,2780,SUBSTRATE
12804,1003351,2781,SUBSTRATE
12805,1003351,387,PRODUCT
12806,1003351,436,PRODUCT
12807,1003351,700,PRODUCT
12808,1003351,1134,PRODUCT
12809,1003352,711,SUBSTRATE
12810,1003352,2308,SUBSTRATE
12811,1003352,520,PRODUCT
12812,1003352,2309,PRODUCT
12813,1003353,709,SUBSTRATE
12814,1003353,1300,SUBSTRATE
12815,1003353,539,PRODUCT
12816,1003353,1294,PRODUCT
12817,1003354,423,SUBSTRATE
12818,1003354,709,SUBSTRATE
12819,1003354,387,PRODUCT
12820,1003354,700,PRODUCT
12821,1003354,1134,PRODUCT
12822,1003355,394,SUBSTRATE
12823,1003355,417,SUBSTRATE
12824,1003355,419,SUBSTRATE
12825,1003355,421,SUBSTRATE
12826,1003355,508,SUBSTRATE
12827,1003355,663,SUBSTRATE
12828,1003355,664,SUBSTRATE
12829,1003355,673,SUBSTRATE
12830,1003355,731,SUBSTRATE
12831,1003355,745,SUBSTRATE
12832,1003355,956,SUBSTRATE
12833,1003355,966,SUBSTRATE
12834,1003355,1009,SUBSTRATE
12835,1003355,1126,SUBSTRATE
12836,1003355,1159,SUBSTRATE
12837,1003355,1203,SUBSTRATE
12838,1003355,1253,SUBSTRATE
12839,1003355,1272,SUBSTRATE
12840,1003355,1278,SUBSTRATE
12841,1003355,1305,SUBSTRATE
12842,1003355,1320,PRODUCT
12843,1003355,1321,PRODUCT
12844,1003355,1323,PRODUCT
12845,1003355,1325,PRODUCT
12846,1003355,1327,PRODUCT
12847,1003355,1328,PRODUCT
12848,1003355,1329,PRODUCT
12849,1003355,1331,PRODUCT
12850,1003355,1332,PRODUCT
12851,1003355,1334,PRODUCT
12852,1003355,1336,PRODUCT
12853,1003355,1338,PRODUCT
12854,1003355,1340,PRODUCT
12855,1003355,1342,PRODUCT
12856,1003355,1344,PRODUCT
12857,1003355,1345,PRODUCT
12858,1003355,1346,PRODUCT
12859,1003355,1348,PRODUCT
12860,1003355,1350,PRODUCT
12861,1003355,1352,PRODUCT
12862,1003355,2310,PRODUCT
12863,1003356,100,SUBSTRATE
12864,1003356,103,SUBSTRATE
12865,1003356,484,SUBSTRATE
12866,1003356,681,SUBSTRATE
12867,1003356,972,SUBSTRATE
12868,1003356,1266,SUBSTRATE
12869,1003356,2311,PRODUCT
12870,1003357,412,SUBSTRATE
12871,1003357,497,SUBSTRATE
12872,1003357,689,SUBSTRATE
12873,1003357,1289,SUBSTRATE
12874,1003357,2312,PRODUCT
12875,1003358,548,SUBSTRATE
12876,1003358,553,SUBSTRATE
12877,1003358,570,SUBSTRATE
12878,1003358,595,SUBSTRATE
12879,1003358,2313,PRODUCT
12880,1003359,2314,SUBSTRATE
12881,1003359,2315,PRODUCT
12882,1003360,756,SUBSTRATE
12883,1003360,2316,PRODUCT
12884,1003361,787,SUBSTRATE
12885,1003361,2317,PRODUCT
12886,1003362,978,SUBSTRATE
12887,1003362,2318,PRODUCT
12888,1003363,2319,SUBSTRATE
12889,1003363,2320,PRODUCT
12890,1003364,2321,SUBSTRATE
12891,1003364,2322,PRODUCT
12892,1003365,2323,SUBSTRATE
12893,1003365,2324,PRODUCT
12894,1003366,2325,SUBSTRATE
12895,1003366,2326,PRODUCT
12896,1003367,2327,SUBSTRATE
12897,1003367,2328,PRODUCT
12898,1003368,2329,SUBSTRATE
12899,1003368,2330,PRODUCT
12900,1003369,2331,SUBSTRATE
12901,1003369,2332,PRODUCT
12902,1003370,164,SUBSTRATE
12903,1003370,609,SUBSTRATE
12904,1003370,614,SUBSTRATE
12905,1003370,630,SUBSTRATE
12906,1003370,1140,SUBSTRATE
12907,1003370,1141,SUBSTRATE
12908,1003370,1142,SUBSTRATE
12909,1003370,1270,SUBSTRATE
12910,1003370,2339,PRODUCT
12911,1003371,2333,SUBSTRATE
12912,1003371,2334,SUBSTRATE
12913,1003371,2335,SUBSTRATE
12914,1003371,2336,SUBSTRATE
12915,1003371,2340,PRODUCT
12916,1003372,454,SUBSTRATE
12917,1003372,2314,PRODUCT
12918,1003372,2335,PRODUCT
12919,1003372,2337,PRODUCT
12920,1003373,457,SUBSTRATE
12921,1003373,2314,PRODUCT
12922,1003373,2335,PRODUCT
12923,1003373,2338,PRODUCT
12924,1003374,460,SUBSTRATE
12925,1003374,2314,PRODUCT
12926,1003374,2335,PRODUCT
12927,1003374,2337,PRODUCT
12928,1003375,463,SUBSTRATE
12929,1003375,2314,PRODUCT
12930,1003375,2335,PRODUCT
12931,1003375,2338,PRODUCT
12932,1003376,466,SUBSTRATE
12933,1003376,2314,PRODUCT
12934,1003376,2335,PRODUCT
12935,1003376,2337,PRODUCT
12936,1003377,469,SUBSTRATE
12937,1003377,2314,PRODUCT
12938,1003377,2335,PRODUCT
12939,1003377,2338,PRODUCT
12940,1003378,472,SUBSTRATE
12941,1003378,2314,PRODUCT
12942,1003378,2335,PRODUCT
12943,1003378,2337,PRODUCT
12944,1003379,475,SUBSTRATE
12945,1003379,2314,PRODUCT
12946,1003379,2335,PRODUCT
12947,1003379,2338,PRODUCT
12948,1003380,478,SUBSTRATE
12949,1003380,2314,PRODUCT
12950,1003380,2335,PRODUCT
12951,1003380,2337,PRODUCT
12952,1003381,481,SUBSTRATE
12953,1003381,2314,PRODUCT
12954,1003381,2335,PRODUCT
12955,1003381,2338,PRODUCT
12956,1003382,1148,SUBSTRATE
12957,1003382,2319,PRODUCT
12958,1003382,2335,PRODUCT
12959,1003383,1149,SUBSTRATE
12960,1003383,2321,PRODUCT
12961,1003383,2335,PRODUCT
12962,1003384,1218,SUBSTRATE
12963,1003384,2319,PRODUCT
12964,1003384,2335,PRODUCT
12965,1003385,1219,SUBSTRATE
12966,1003385,2321,PRODUCT
12967,1003385,2335,PRODUCT
12968,1003386,1547,SUBSTRATE
12969,1003386,2323,PRODUCT
12970,1003386,2333,PRODUCT
12971,1003386,2334,PRODUCT
12972,1003387,1548,SUBSTRATE
12973,1003387,2323,PRODUCT
12974,1003387,2333,PRODUCT
12975,1003387,2336,PRODUCT
12976,1003388,1549,SUBSTRATE
12977,1003388,2323,PRODUCT
12978,1003388,2334,PRODUCT
12979,1003389,1550,SUBSTRATE
12980,1003389,2323,PRODUCT
12981,1003389,2334,PRODUCT
12982,1003389,2336,PRODUCT
12983,1003390,1551,SUBSTRATE
12984,1003390,2323,PRODUCT
12985,1003390,2334,PRODUCT
12986,1003390,2335,PRODUCT
12987,1003391,1552,SUBSTRATE
12988,1003391,2323,PRODUCT
12989,1003391,2335,PRODUCT
12990,1003391,2336,PRODUCT
12991,1003392,1553,SUBSTRATE
12992,1003392,2323,PRODUCT
12993,1003392,2334,PRODUCT
12994,1003392,2336,PRODUCT
12995,1003393,1554,SUBSTRATE
12996,1003393,2323,PRODUCT
12997,1003393,2336,PRODUCT
12998,1003394,1560,SUBSTRATE
12999,1003394,2325,PRODUCT
13000,1003394,2333,PRODUCT
13001,1003394,2334,PRODUCT
13002,1003395,1561,SUBSTRATE
13003,1003395,2325,PRODUCT
13004,1003395,2333,PRODUCT
13005,1003395,2336,PRODUCT
13006,1003396,1562,SUBSTRATE
13007,1003396,2325,PRODUCT
13008,1003396,2334,PRODUCT
13009,1003397,1563,SUBSTRATE
13010,1003397,2325,PRODUCT
13011,1003397,2334,PRODUCT
13012,1003397,2336,PRODUCT
13013,1003398,1564,SUBSTRATE
13014,1003398,2325,PRODUCT
13015,1003398,2334,PRODUCT
13016,1003398,2335,PRODUCT
13017,1003399,1565,SUBSTRATE
13018,1003399,2325,PRODUCT
13019,1003399,2335,PRODUCT
13020,1003399,2336,PRODUCT
13021,1003400,1566,SUBSTRATE
13022,1003400,2325,PRODUCT
13023,1003400,2334,PRODUCT
13024,1003400,2336,PRODUCT
13025,1003401,1567,SUBSTRATE
13026,1003401,2325,PRODUCT
13027,1003401,2336,PRODUCT
13028,1003402,1719,SUBSTRATE
13029,1003402,2327,PRODUCT
13030,1003402,2334,PRODUCT
13031,1003403,1720,SUBSTRATE
13032,1003403,2327,PRODUCT
13033,1003403,2336,PRODUCT
13034,1003404,1820,SUBSTRATE
13035,1003404,2329,PRODUCT
13036,1003404,2333,PRODUCT
13037,1003404,2334,PRODUCT
13038,1003405,1822,SUBSTRATE
13039,1003405,2329,PRODUCT
13040,1003405,2334,PRODUCT
13041,1003406,1823,SUBSTRATE
13042,1003406,2329,PRODUCT
13043,1003406,2334,PRODUCT
13044,1003406,2335,PRODUCT
13045,1003407,1824,SUBSTRATE
13046,1003407,2329,PRODUCT
13047,1003407,2334,PRODUCT
13048,1003407,2336,PRODUCT
13049,1003408,1825,SUBSTRATE
13050,1003408,2329,PRODUCT
13051,1003408,2333,PRODUCT
13052,1003408,2336,PRODUCT
13053,1003409,1826,SUBSTRATE
13054,1003409,2329,PRODUCT
13055,1003409,2334,PRODUCT
13056,1003409,2336,PRODUCT
13057,1003410,1827,SUBSTRATE
13058,1003410,2331,PRODUCT
13059,1003410,2333,PRODUCT
13060,1003410,2334,PRODUCT
13061,1003411,1828,SUBSTRATE
13062,1003411,2331,PRODUCT
13063,1003411,2333,PRODUCT
13064,1003411,2334,PRODUCT
13065,1003412,1829,SUBSTRATE
13066,1003412,2331,PRODUCT
13067,1003412,2333,PRODUCT
13068,1003412,2334,PRODUCT
13069,1003412,2335,PRODUCT
13070,1003413,1830,SUBSTRATE
13071,1003413,2331,PRODUCT
13072,1003413,2333,PRODUCT
13073,1003413,2334,PRODUCT
13074,1003413,2336,PRODUCT
13075,1003414,1831,SUBSTRATE
13076,1003414,2331,PRODUCT
13077,1003414,2333,PRODUCT
13078,1003414,2334,PRODUCT
13079,1003414,2336,PRODUCT
13080,1003415,1832,SUBSTRATE
13081,1003415,2331,PRODUCT
13082,1003415,2333,PRODUCT
13083,1003415,2334,PRODUCT
13084,1003415,2336,PRODUCT
13085,1003416,1833,SUBSTRATE
13086,1003416,2331,PRODUCT
13087,1003416,2333,PRODUCT
13088,1003416,2334,PRODUCT
13089,1003417,1834,SUBSTRATE
13090,1003417,2331,PRODUCT
13091,1003417,2334,PRODUCT
13092,1003418,1835,SUBSTRATE
13093,1003418,2331,PRODUCT
13094,1003418,2334,PRODUCT
13095,1003418,2335,PRODUCT
13096,1003419,1836,SUBSTRATE
13097,1003419,2331,PRODUCT
13098,1003419,2334,PRODUCT
13099,1003419,2336,PRODUCT
13100,1003420,1837,SUBSTRATE
13101,1003420,2331,PRODUCT
13102,1003420,2333,PRODUCT
13103,1003420,2334,PRODUCT
13104,1003420,2336,PRODUCT
13105,1003421,1838,SUBSTRATE
13106,1003421,2331,PRODUCT
13107,1003421,2334,PRODUCT
13108,1003421,2336,PRODUCT
13109,1003422,1839,SUBSTRATE
13110,1003422,2331,PRODUCT
13111,1003422,2333,PRODUCT
13112,1003422,2334,PRODUCT
13113,1003422,2335,PRODUCT
13114,1003423,1840,SUBSTRATE
13115,1003423,2331,PRODUCT
13116,1003423,2334,PRODUCT
13117,1003423,2335,PRODUCT
13118,1003424,1841,SUBSTRATE
13119,1003424,2331,PRODUCT
13120,1003424,2334,PRODUCT
13121,1003424,2335,PRODUCT
13122,1003425,1842,SUBSTRATE
13123,1003425,2331,PRODUCT
13124,1003425,2334,PRODUCT
13125,1003425,2335,PRODUCT
13126,1003425,2336,PRODUCT
13127,1003426,1843,SUBSTRATE
13128,1003426,2331,PRODUCT
13129,1003426,2333,PRODUCT
13130,1003426,2334,PRODUCT
13131,1003426,2335,PRODUCT
13132,1003426,2336,PRODUCT
13133,1003427,1844,SUBSTRATE
13134,1003427,2331,PRODUCT
13135,1003427,2334,PRODUCT
13136,1003427,2335,PRODUCT
13137,1003427,2336,PRODUCT
13138,1003428,1845,SUBSTRATE
13139,1003428,2331,PRODUCT
13140,1003428,2333,PRODUCT
13141,1003428,2334,PRODUCT
13142,1003428,2336,PRODUCT
13143,1003429,1846,SUBSTRATE
13144,1003429,2331,PRODUCT
13145,1003429,2334,PRODUCT
13146,1003429,2336,PRODUCT
13147,1003430,1847,SUBSTRATE
13148,1003430,2331,PRODUCT
13149,1003430,2334,PRODUCT
13150,1003430,2335,PRODUCT
13151,1003430,2336,PRODUCT
13152,1003431,1848,SUBSTRATE
13153,1003431,2331,PRODUCT
13154,1003431,2334,PRODUCT
13155,1003431,2336,PRODUCT
13156,1003432,1849,SUBSTRATE
13157,1003432,2331,PRODUCT
13158,1003432,2333,PRODUCT
13159,1003432,2334,PRODUCT
13160,1003432,2336,PRODUCT
13161,1003433,1850,SUBSTRATE
13162,1003433,2331,PRODUCT
13163,1003433,2334,PRODUCT
13164,1003433,2336,PRODUCT
13165,1003434,1851,SUBSTRATE
13166,1003434,2331,PRODUCT
13167,1003434,2333,PRODUCT
13168,1003434,2334,PRODUCT
13169,1003434,2336,PRODUCT
13170,1003435,1852,SUBSTRATE
13171,1003435,2331,PRODUCT
13172,1003435,2333,PRODUCT
13173,1003435,2334,PRODUCT
13174,1003435,2336,PRODUCT
13175,1003436,1853,SUBSTRATE
13176,1003436,2331,PRODUCT
13177,1003436,2333,PRODUCT
13178,1003436,2334,PRODUCT
13179,1003436,2335,PRODUCT
13180,1003436,2336,PRODUCT
13181,1003437,1854,SUBSTRATE
13182,1003437,2331,PRODUCT
13183,1003437,2333,PRODUCT
13184,1003437,2334,PRODUCT
13185,1003437,2336,PRODUCT
13186,1003438,1855,SUBSTRATE
13187,1003438,2331,PRODUCT
13188,1003438,2333,PRODUCT
13189,1003438,2336,PRODUCT
13190,1003439,1856,SUBSTRATE
13191,1003439,2331,PRODUCT
13192,1003439,2333,PRODUCT
13193,1003439,2334,PRODUCT
13194,1003439,2336,PRODUCT
13195,1003440,1857,SUBSTRATE
13196,1003440,2331,PRODUCT
13197,1003440,2333,PRODUCT
13198,1003440,2334,PRODUCT
13199,1003440,2336,PRODUCT
13200,1003441,1858,SUBSTRATE
13201,1003441,2331,PRODUCT
13202,1003441,2334,PRODUCT
13203,1003441,2336,PRODUCT
13204,1003442,1859,SUBSTRATE
13205,1003442,2331,PRODUCT
13206,1003442,2334,PRODUCT
13207,1003442,2335,PRODUCT
13208,1003442,2336,PRODUCT
13209,1003443,1860,SUBSTRATE
13210,1003443,2331,PRODUCT
13211,1003443,2334,PRODUCT
13212,1003443,2336,PRODUCT
13213,1003444,1861,SUBSTRATE
13214,1003444,2331,PRODUCT
13215,1003444,2333,PRODUCT
13216,1003444,2334,PRODUCT
13217,1003444,2336,PRODUCT
13218,1003445,1862,SUBSTRATE
13219,1003445,2331,PRODUCT
13220,1003445,2334,PRODUCT
13221,1003445,2336,PRODUCT
13222,1003446,1901,SUBSTRATE
13223,1003446,2331,PRODUCT
13224,1003446,2333,PRODUCT
13225,1003446,2334,PRODUCT
13226,1003446,2336,PRODUCT
13227,1003447,1902,SUBSTRATE
13228,1003447,2331,PRODUCT
13229,1003447,2334,PRODUCT
13230,1003447,2336,PRODUCT
13231,1003448,1903,SUBSTRATE
13232,1003448,2331,PRODUCT
13233,1003448,2334,PRODUCT
13234,1003448,2335,PRODUCT
13235,1003448,2336,PRODUCT
13236,1003449,1904,SUBSTRATE
13237,1003449,2331,PRODUCT
13238,1003449,2334,PRODUCT
13239,1003449,2336,PRODUCT
13240,1003450,1905,SUBSTRATE
13241,1003450,2331,PRODUCT
13242,1003450,2333,PRODUCT
13243,1003450,2336,PRODUCT
13244,1003451,1906,SUBSTRATE
13245,1003451,2331,PRODUCT
13246,1003451,2334,PRODUCT
13247,1003451,2336,PRODUCT
13248,1003452,1907,SUBSTRATE
13249,1003452,2331,PRODUCT
13250,1003452,2333,PRODUCT
13251,1003452,2334,PRODUCT
13252,1003452,2336,PRODUCT
13253,1003453,1908,SUBSTRATE
13254,1003453,2331,PRODUCT
13255,1003453,2334,PRODUCT
13256,1003453,2336,PRODUCT
13257,1003454,1909,SUBSTRATE
13258,1003454,2331,PRODUCT
13259,1003454,2334,PRODUCT
13260,1003454,2335,PRODUCT
13261,1003454,2336,PRODUCT
13262,1003455,1910,SUBSTRATE
13263,1003455,2331,PRODUCT
13264,1003455,2334,PRODUCT
13265,1003455,2336,PRODUCT
13266,1003456,1911,SUBSTRATE
13267,1003456,2331,PRODUCT
13268,1003456,2333,PRODUCT
13269,1003456,2336,PRODUCT
13270,1003457,1912,SUBSTRATE
13271,1003457,2331,PRODUCT
13272,1003457,2334,PRODUCT
13273,1003457,2336,PRODUCT
13274,1003458,2341,SUBSTRATE
13275,1003458,637,PRODUCT
13276,1003458,2342,PRODUCT
13277,1003459,700,SUBSTRATE
13278,1003459,1046,SUBSTRATE
13279,1003459,2343,SUBSTRATE
13280,1003459,118,PRODUCT
13281,1003459,1041,PRODUCT
13282,1003460,1044,SUBSTRATE
13283,1003460,2344,SUBSTRATE
13284,1003460,700,PRODUCT
13285,1003460,2345,PRODUCT
13286,1003460,2346,PRODUCT
13287,1003461,425,SUBSTRATE
13288,1003461,713,SUBSTRATE
13289,1003461,2347,SUBSTRATE
13290,1003461,2348,SUBSTRATE
13291,1003461,389,PRODUCT
13292,1003461,705,PRODUCT
13293,1003461,885,PRODUCT
13294,1003461,1138,PRODUCT
13295,1003461,2349,PRODUCT
13296,1003462,716,SUBSTRATE
13297,1003462,2350,SUBSTRATE
13298,1003462,2351,PRODUCT
13299,1003462,2352,PRODUCT
13300,1003463,709,SUBSTRATE
13301,1003463,2353,SUBSTRATE
13302,1003463,1134,PRODUCT
13303,1003463,2354,PRODUCT
13304,1003464,700,SUBSTRATE
13305,1003464,1054,SUBSTRATE
13306,1003464,2355,SUBSTRATE
13307,1003464,1050,PRODUCT
13308,1003464,2356,PRODUCT
13309,1003465,2357,SUBSTRATE
13310,1003465,2358,SUBSTRATE
13311,1003465,701,PRODUCT
13312,1003465,2359,PRODUCT
13313,1003465,2360,PRODUCT
13314,1003466,709,SUBSTRATE
13315,1003466,2354,SUBSTRATE
13316,1003466,412,PRODUCT
13317,1003466,700,PRODUCT
13318,1003466,2361,PRODUCT
13319,1003467,860,SUBSTRATE
13320,1003467,857,PRODUCT
13321,1003468,900,SUBSTRATE
13322,1003468,897,PRODUCT
13323,1003469,918,SUBSTRATE
13324,1003469,915,PRODUCT
13325,1003470,427,SUBSTRATE
13326,1003470,504,SUBSTRATE
13327,1003470,2362,SUBSTRATE
13328,1003470,415,PRODUCT
13329,1003470,586,PRODUCT
13330,1003470,2363,PRODUCT
13331,1003471,710,SUBSTRATE
13332,1003471,2364,SUBSTRATE
13333,1003471,2365,PRODUCT
13334,1003471,2366,PRODUCT
13335,1003472,710,SUBSTRATE
13336,1003472,2366,SUBSTRATE
13337,1003472,2365,PRODUCT
13338,1003472,2367,PRODUCT
13339,1003473,2368,SUBSTRATE
13340,1003473,2369,SUBSTRATE
13341,1003473,2370,SUBSTRATE
13342,1003473,1153,PRODUCT
13343,1003473,1210,PRODUCT
13344,1003473,2371,PRODUCT
13345,1003474,519,SUBSTRATE
13346,1003474,2372,PRODUCT
13347,1003475,524,SUBSTRATE
13348,1003475,2373,PRODUCT
13349,1003476,593,SUBSTRATE
13350,1003476,2357,SUBSTRATE
13351,1003476,2358,PRODUCT
13352,1003476,2374,PRODUCT
13353,1003477,666,SUBSTRATE
13354,1003477,709,SUBSTRATE
13355,1003477,875,PRODUCT
13356,1003477,883,PRODUCT
13357,1003478,423,SUBSTRATE
13358,1003478,709,SUBSTRATE
13359,1003478,2375,SUBSTRATE
13360,1003478,387,PRODUCT
13361,1003478,700,PRODUCT
13362,1003478,1134,PRODUCT
13363,1003478,2376,PRODUCT
13364,1003479,2377,SUBSTRATE
13365,1003479,2378,SUBSTRATE
13366,1003479,849,PRODUCT
13367,1003479,2379,PRODUCT
13368,1003480,2380,SUBSTRATE
13369,1003480,2381,PRODUCT
13370,1003481,1041,SUBSTRATE
13371,1003481,2382,SUBSTRATE
13372,1003481,700,PRODUCT
13373,1003481,1046,PRODUCT
13374,1003481,2383,PRODUCT
13375,1003482,1041,SUBSTRATE
13376,1003482,2384,SUBSTRATE
13377,1003482,700,PRODUCT
13378,1003482,1046,PRODUCT
13379,1003482,2385,PRODUCT
13380,1003483,1041,SUBSTRATE
13381,1003483,2386,SUBSTRATE
13382,1003483,700,PRODUCT
13383,1003483,1046,PRODUCT
13384,1003483,2387,PRODUCT
13385,1003484,1041,SUBSTRATE
13386,1003484,2388,SUBSTRATE
13387,1003484,700,PRODUCT
13388,1003484,1046,PRODUCT
13389,1003484,2389,PRODUCT
13390,1003485,1041,SUBSTRATE
13391,1003485,2390,SUBSTRATE
13392,1003485,700,PRODUCT
13393,1003485,1046,PRODUCT
13394,1003485,2391,PRODUCT
13395,1003486,1041,SUBSTRATE
13396,1003486,2392,SUBSTRATE
13397,1003486,700,PRODUCT
13398,1003486,1046,PRODUCT
13399,1003486,2393,PRODUCT
13400,1003487,423,SUBSTRATE
13401,1003487,709,SUBSTRATE
13402,1003487,2394,SUBSTRATE
13403,1003487,387,PRODUCT
13404,1003487,700,PRODUCT
13405,1003487,1134,PRODUCT
13406,1003487,2395,PRODUCT
13407,1003488,1041,SUBSTRATE
13408,1003488,2396,SUBSTRATE
13409,1003488,519,PRODUCT
13410,1003488,700,PRODUCT
13411,1003488,1046,PRODUCT
13412,1003489,2397,SUBSTRATE
13413,1003489,1177,PRODUCT
13414,1003490,700,SUBSTRATE
13415,1003490,1098,SUBSTRATE
13416,1003490,442,PRODUCT
13417,1003490,1177,PRODUCT
13418,1003491,709,SUBSTRATE
13419,1003491,919,SUBSTRATE
13420,1003491,1358,SUBSTRATE
13421,1003491,700,PRODUCT
13422,1003491,1354,PRODUCT
13423,1003491,2398,PRODUCT
13424,1003492,425,SUBSTRATE
13425,1003492,927,SUBSTRATE
13426,1003492,2399,SUBSTRATE
13427,1003492,413,PRODUCT
13428,1003492,584,PRODUCT
13429,1003492,2400,PRODUCT
13430,1003493,666,SUBSTRATE
13431,1003493,875,PRODUCT
13432,1003493,2401,PRODUCT
13433,1003494,2402,SUBSTRATE
13434,1003494,713,PRODUCT
13435,1003494,2403,PRODUCT
13436,1003495,705,SUBSTRATE
13437,1003495,2404,SUBSTRATE
13438,1003495,737,PRODUCT
13439,1003495,1105,PRODUCT
13440,1003496,709,SUBSTRATE
13441,1003496,2405,SUBSTRATE
13442,1003496,1134,PRODUCT
13443,1003496,2406,PRODUCT
13444,1003497,1192,SUBSTRATE
13445,1003497,2407,SUBSTRATE
13446,1003497,700,PRODUCT
13447,1003497,1190,PRODUCT
13448,1003497,2408,PRODUCT
13449,1003498,2409,SUBSTRATE
13450,1003498,2410,SUBSTRATE
13451,1003498,706,PRODUCT
13452,1003498,2411,PRODUCT
13453,1003498,2412,PRODUCT
13454,1003499,2413,SUBSTRATE
13455,1003499,2414,PRODUCT
13456,1003500,2605,SUBSTRATE
13457,1003500,2606,PRODUCT
13458,1003501,1415,SUBSTRATE
13459,1003501,2784,SUBSTRATE
13460,1003501,1380,PRODUCT
13461,1003501,1417,PRODUCT
13462,1003501,2783,PRODUCT
13463,1003502,1048,SUBSTRATE
13464,1003502,2415,SUBSTRATE
13465,1003502,705,PRODUCT
13466,1003502,1043,PRODUCT
13467,1003502,2416,PRODUCT
13468,1003503,1050,SUBSTRATE
13469,1003503,2417,SUBSTRATE
13470,1003503,700,PRODUCT
13471,1003503,1054,PRODUCT
13472,1003503,2418,PRODUCT
13473,1003504,2419,SUBSTRATE
13474,1003504,2420,SUBSTRATE
13475,1003504,2421,PRODUCT
13476,1003504,2422,PRODUCT
13477,1003505,666,SUBSTRATE
13478,1003505,2423,SUBSTRATE
13479,1003505,2424,PRODUCT
13480,1003505,2425,PRODUCT
13481,1003506,668,SUBSTRATE
13482,1003506,2607,SUBSTRATE
13483,1003506,2608,PRODUCT
13484,1003506,2609,PRODUCT
13485,1003507,709,SUBSTRATE
13486,1003507,919,SUBSTRATE
13487,1003507,1358,SUBSTRATE
13488,1003507,700,PRODUCT
13489,1003507,1354,PRODUCT
13490,1003507,2426,PRODUCT
13491,1003508,716,SUBSTRATE
13492,1003508,2427,SUBSTRATE
13493,1003508,2352,PRODUCT
13494,1003508,2428,PRODUCT
13495,1003509,716,SUBSTRATE
13496,1003509,2429,SUBSTRATE
13497,1003509,914,PRODUCT
13498,1003509,2352,PRODUCT
13499,1003510,423,SUBSTRATE
13500,1003510,709,SUBSTRATE
13501,1003510,2401,SUBSTRATE
13502,1003510,387,PRODUCT
13503,1003510,700,PRODUCT
13504,1003510,883,PRODUCT
13505,1003510,1134,PRODUCT
13506,1003511,2430,SUBSTRATE
13507,1003511,409,PRODUCT
13508,1003511,1098,PRODUCT
13509,1003512,2431,SUBSTRATE
13510,1003512,2432,SUBSTRATE
13511,1003512,2433,PRODUCT
13512,1003512,2434,PRODUCT
13513,1003513,666,SUBSTRATE
13514,1003513,2435,SUBSTRATE
13515,1003513,670,PRODUCT
13516,1003513,2436,PRODUCT
13517,1003514,2432,SUBSTRATE
13518,1003514,2437,SUBSTRATE
13519,1003514,2438,PRODUCT
13520,1003514,2439,PRODUCT
13521,1003515,1296,SUBSTRATE
13522,1003515,709,PRODUCT
13523,1003515,2440,PRODUCT
13524,1003516,674,SUBSTRATE
13525,1003516,890,SUBSTRATE
13526,1003516,2441,SUBSTRATE
13527,1003516,700,PRODUCT
13528,1003516,709,PRODUCT
13529,1003516,883,PRODUCT
13530,1003516,1134,PRODUCT
13531,1003516,1171,PRODUCT
13532,1003517,541,SUBSTRATE
13533,1003517,674,SUBSTRATE
13534,1003517,890,SUBSTRATE
13535,1003517,700,PRODUCT
13536,1003517,709,PRODUCT
13537,1003517,883,PRODUCT
13538,1003517,1134,PRODUCT
13539,1003517,1171,PRODUCT
13540,1003518,709,SUBSTRATE
13541,1003518,875,SUBSTRATE
13542,1003518,873,PRODUCT
13543,1003518,894,PRODUCT
13544,1003519,709,SUBSTRATE
13545,1003519,2442,SUBSTRATE
13546,1003519,894,PRODUCT
13547,1003519,2443,PRODUCT
13548,1003520,639,SUBSTRATE
13549,1003520,709,SUBSTRATE
13550,1003520,1134,PRODUCT
13551,1003520,1182,PRODUCT
13552,1003521,705,SUBSTRATE
13553,1003521,820,SUBSTRATE
13554,1003521,1105,SUBSTRATE
13555,1003521,713,PRODUCT
13556,1003521,2444,PRODUCT
13557,1003522,709,SUBSTRATE
13558,1003522,2445,SUBSTRATE
13559,1003522,700,PRODUCT
13560,1003522,894,PRODUCT
13561,1003522,1320,PRODUCT
13562,1003523,709,SUBSTRATE
13563,1003523,2446,SUBSTRATE
13564,1003523,700,PRODUCT
13565,1003523,1350,PRODUCT
13566,1003523,2447,PRODUCT
13567,1003524,709,SUBSTRATE
13568,1003524,2448,SUBSTRATE
13569,1003524,700,PRODUCT
13570,1003524,1134,PRODUCT
13571,1003524,2449,PRODUCT
13572,1003525,1041,SUBSTRATE
13573,1003525,2450,SUBSTRATE
13574,1003525,700,PRODUCT
13575,1003525,933,PRODUCT
13576,1003525,1046,PRODUCT
13577,1003526,423,SUBSTRATE
13578,1003526,2451,SUBSTRATE
13579,1003526,387,PRODUCT
13580,1003526,400,PRODUCT
13581,1003526,700,PRODUCT
13582,1003527,713,SUBSTRATE
13583,1003527,2452,SUBSTRATE
13584,1003527,502,PRODUCT
13585,1003527,705,PRODUCT
13586,1003527,2453,PRODUCT
13587,1003528,423,SUBSTRATE
13588,1003528,709,SUBSTRATE
13589,1003528,1210,SUBSTRATE
13590,1003528,387,PRODUCT
13591,1003528,700,PRODUCT
13592,1003528,1134,PRODUCT
13593,1003528,1211,PRODUCT
13594,1003529,423,SUBSTRATE
13595,1003529,709,SUBSTRATE
13596,1003529,2454,SUBSTRATE
13597,1003529,387,PRODUCT
13598,1003529,700,PRODUCT
13599,1003529,1134,PRODUCT
13600,1003529,2455,PRODUCT
13601,1003530,223,SUBSTRATE
13602,1003530,847,SUBSTRATE
13603,1003530,883,PRODUCT
13604,1003530,1177,PRODUCT
13605,1003531,709,SUBSTRATE
13606,1003531,2456,SUBSTRATE
13607,1003531,409,PRODUCT
13608,1003531,1133,PRODUCT
13609,1003532,709,SUBSTRATE
13610,1003532,2457,SUBSTRATE
13611,1003532,409,PRODUCT
13612,1003532,751,PRODUCT
13613,1003533,409,SUBSTRATE
13614,1003533,2458,SUBSTRATE
13615,1003533,709,PRODUCT
13616,1003533,2459,PRODUCT
13617,1003534,709,SUBSTRATE
13618,1003534,2460,SUBSTRATE
13619,1003534,409,PRODUCT
13620,1003534,2461,PRODUCT
13621,1003535,423,SUBSTRATE
13622,1003535,2462,SUBSTRATE
13623,1003535,347,PRODUCT
13624,1003535,387,PRODUCT
13625,1003535,700,PRODUCT
13626,1003536,1192,SUBSTRATE
13627,1003536,2463,SUBSTRATE
13628,1003536,1190,PRODUCT
13629,1003536,2464,PRODUCT
13630,1003537,2357,SUBSTRATE
13631,1003537,2465,SUBSTRATE
13632,1003537,701,PRODUCT
13633,1003537,2359,PRODUCT
13634,1003537,2466,PRODUCT
13635,1003538,123,SUBSTRATE
13636,1003538,700,SUBSTRATE
13637,1003538,709,PRODUCT
13638,1003538,1012,PRODUCT
13639,1003539,716,SUBSTRATE
13640,1003539,2467,SUBSTRATE
13641,1003539,2468,SUBSTRATE
13642,1003539,708,PRODUCT
13643,1003539,1139,PRODUCT
13644,1003539,2469,PRODUCT
13645,1003539,2470,PRODUCT
13646,1003540,712,SUBSTRATE
13647,1003540,2467,SUBSTRATE
13648,1003540,2771,SUBSTRATE
13649,1003540,703,PRODUCT
13650,1003540,1137,PRODUCT
13651,1003540,2772,PRODUCT
13652,1003540,2773,PRODUCT
13653,1003541,417,SUBSTRATE
13654,1003541,2471,SUBSTRATE
13655,1003541,700,PRODUCT
13656,1003541,1321,PRODUCT
13657,1003541,2472,PRODUCT
13658,1003542,710,SUBSTRATE
13659,1003542,2475,SUBSTRATE
13660,1003542,2364,PRODUCT
13661,1003542,2365,PRODUCT
13662,1003543,2476,SUBSTRATE
13663,1003543,2477,SUBSTRATE
13664,1003543,701,PRODUCT
13665,1003543,2478,PRODUCT
13666,1003543,2479,PRODUCT
13667,1003544,2476,SUBSTRATE
13668,1003544,2480,SUBSTRATE
13669,1003544,701,PRODUCT
13670,1003544,2478,PRODUCT
13671,1003544,2481,PRODUCT
13672,1003545,2476,SUBSTRATE
13673,1003545,2481,SUBSTRATE
13674,1003545,701,PRODUCT
13675,1003545,2478,PRODUCT
13676,1003545,2482,PRODUCT
13677,1003546,716,SUBSTRATE
13678,1003546,2483,SUBSTRATE
13679,1003546,2484,PRODUCT
13680,1003546,2485,PRODUCT
13681,1003547,716,SUBSTRATE
13682,1003547,2486,SUBSTRATE
13683,1003547,2487,PRODUCT
13684,1003547,2488,PRODUCT
13685,1003548,423,SUBSTRATE
13686,1003548,432,SUBSTRATE
13687,1003548,935,SUBSTRATE
13688,1003548,582,PRODUCT
13689,1003548,709,PRODUCT
13690,1003548,2489,PRODUCT
13691,1003549,2490,SUBSTRATE
13692,1003549,409,PRODUCT
13693,1003549,1177,PRODUCT
13694,1003550,2491,SUBSTRATE
13695,1003550,2492,SUBSTRATE
13696,1003550,368,PRODUCT
13697,1003550,2378,PRODUCT
13698,1003551,701,SUBSTRATE
13699,1003551,710,SUBSTRATE
13700,1003551,2474,SUBSTRATE
13701,1003551,593,PRODUCT
13702,1003551,1135,PRODUCT
13703,1003552,507,SUBSTRATE
13704,1003552,705,SUBSTRATE
13705,1003552,2493,SUBSTRATE
13706,1003552,584,PRODUCT
13707,1003552,2494,PRODUCT
13708,1003553,894,SUBSTRATE
13709,1003553,1041,SUBSTRATE
13710,1003553,2495,SUBSTRATE
13711,1003553,709,PRODUCT
13712,1003553,1058,PRODUCT
13713,1003553,2496,PRODUCT
13714,1003554,701,SUBSTRATE
13715,1003554,2497,SUBSTRATE
13716,1003554,2498,SUBSTRATE
13717,1003554,593,PRODUCT
13718,1003554,2473,PRODUCT
13719,1003555,1046,SUBSTRATE
13720,1003555,1102,SUBSTRATE
13721,1003555,2499,SUBSTRATE
13722,1003555,700,PRODUCT
13723,1003555,1041,PRODUCT
13724,1003555,2500,PRODUCT
13725,1003556,1054,SUBSTRATE
13726,1003556,1102,SUBSTRATE
13727,1003556,2499,SUBSTRATE
13728,1003556,700,PRODUCT
13729,1003556,1050,PRODUCT
13730,1003556,2500,PRODUCT
13731,1003557,423,SUBSTRATE
13732,1003557,700,SUBSTRATE
13733,1003557,2501,SUBSTRATE
13734,1003557,582,PRODUCT
13735,1003557,2502,PRODUCT
13736,1003558,423,SUBSTRATE
13737,1003558,2501,SUBSTRATE
13738,1003558,2503,SUBSTRATE
13739,1003558,412,PRODUCT
13740,1003558,582,PRODUCT
13741,1003558,2504,PRODUCT
13742,1003559,709,SUBSTRATE
13743,1003559,2505,SUBSTRATE
13744,1003559,223,PRODUCT
13745,1003559,875,PRODUCT
13746,1003560,713,SUBSTRATE
13747,1003560,2506,SUBSTRATE
13748,1003560,225,PRODUCT
13749,1003560,2507,PRODUCT
13750,1003561,495,SUBSTRATE
13751,1003561,835,PRODUCT
13752,1003562,2508,SUBSTRATE
13753,1003562,2371,PRODUCT
13754,1003563,651,SUBSTRATE
13755,1003563,705,SUBSTRATE
13756,1003563,1048,SUBSTRATE
13757,1003563,1043,PRODUCT
13758,1003563,1229,PRODUCT
13759,1003564,709,SUBSTRATE
13760,1003564,2509,SUBSTRATE
13761,1003564,582,PRODUCT
13762,1003564,700,PRODUCT
13763,1003564,2510,PRODUCT
13764,1003565,550,SUBSTRATE
13765,1003565,709,SUBSTRATE
13766,1003565,548,PRODUCT
13767,1003565,582,PRODUCT
13768,1003565,700,PRODUCT
13769,1003566,572,SUBSTRATE
13770,1003566,709,SUBSTRATE
13771,1003566,570,PRODUCT
13772,1003566,582,PRODUCT
13773,1003566,700,PRODUCT
13774,1003567,596,SUBSTRATE
13775,1003567,709,SUBSTRATE
13776,1003567,582,PRODUCT
13777,1003567,595,PRODUCT
13778,1003567,700,PRODUCT
13779,1003568,709,SUBSTRATE
13780,1003568,2511,SUBSTRATE
13781,1003568,582,PRODUCT
13782,1003568,700,PRODUCT
13783,1003568,2512,PRODUCT
13784,1003569,700,SUBSTRATE
13785,1003569,2513,SUBSTRATE
13786,1003569,736,PRODUCT
13787,1003569,1102,PRODUCT
13788,1003570,710,SUBSTRATE
13789,1003570,2367,SUBSTRATE
13790,1003570,2514,PRODUCT
13791,1003570,2515,PRODUCT
13792,1003571,710,SUBSTRATE
13793,1003571,2367,SUBSTRATE
13794,1003571,2477,PRODUCT
13795,1003571,2515,PRODUCT
13796,1003572,642,SUBSTRATE
13797,1003572,1102,SUBSTRATE
13798,1003572,2516,SUBSTRATE
13799,1003572,362,PRODUCT
13800,1003572,639,PRODUCT
13801,1003572,700,PRODUCT
13802,1003572,709,PRODUCT
13803,1003572,2517,PRODUCT
13804,1003573,709,SUBSTRATE
13805,1003573,1082,SUBSTRATE
13806,1003573,221,PRODUCT
13807,1003573,409,PRODUCT
13808,1003573,700,PRODUCT
13809,1003573,1227,PRODUCT
13810,1003574,1054,SUBSTRATE
13811,1003574,2518,SUBSTRATE
13812,1003574,700,PRODUCT
13813,1003574,818,PRODUCT
13814,1003574,1050,PRODUCT
13815,1003575,1054,SUBSTRATE
13816,1003575,2610,SUBSTRATE
13817,1003575,700,PRODUCT
13818,1003575,818,PRODUCT
13819,1003575,1050,PRODUCT
13820,1003576,2519,SUBSTRATE
13821,1003576,2520,SUBSTRATE
13822,1003576,500,PRODUCT
13823,1003576,2521,PRODUCT
13824,1003577,409,SUBSTRATE
13825,1003577,423,SUBSTRATE
13826,1003577,2522,SUBSTRATE
13827,1003577,412,PRODUCT
13828,1003577,582,PRODUCT
13829,1003577,700,PRODUCT
13830,1003577,2523,PRODUCT
13831,1003578,715,SUBSTRATE
13832,1003578,2524,SUBSTRATE
13833,1003578,586,PRODUCT
13834,1003578,707,PRODUCT
13835,1003578,2525,PRODUCT
13836,1003579,1087,SUBSTRATE
13837,1003579,2526,SUBSTRATE
13838,1003579,1362,PRODUCT
13839,1003579,2527,PRODUCT
13840,1003580,2526,SUBSTRATE
13841,1003580,2528,SUBSTRATE
13842,1003580,1362,PRODUCT
13843,1003580,2529,PRODUCT
13844,1003581,423,SUBSTRATE
13845,1003581,2530,SUBSTRATE
13846,1003581,387,PRODUCT
13847,1003581,429,PRODUCT
13848,1003581,700,PRODUCT
13849,1003582,423,SUBSTRATE
13850,1003582,519,SUBSTRATE
13851,1003582,387,PRODUCT
13852,1003582,700,PRODUCT
13853,1003582,2530,PRODUCT
13854,1003583,423,SUBSTRATE
13855,1003583,2531,SUBSTRATE
13856,1003583,387,PRODUCT
13857,1003583,700,PRODUCT
13858,1003583,2532,PRODUCT
13859,1003584,423,SUBSTRATE
13860,1003584,2533,SUBSTRATE
13861,1003584,387,PRODUCT
13862,1003584,700,PRODUCT
13863,1003584,2534,PRODUCT
13864,1003585,423,SUBSTRATE
13865,1003585,2535,SUBSTRATE
13866,1003585,387,PRODUCT
13867,1003585,402,PRODUCT
13868,1003585,700,PRODUCT
13869,1003586,423,SUBSTRATE
13870,1003586,2536,SUBSTRATE
13871,1003586,387,PRODUCT
13872,1003586,700,PRODUCT
13873,1003586,2530,PRODUCT
13874,1003587,2534,SUBSTRATE
13875,1003587,2532,PRODUCT
13876,1003588,534,SUBSTRATE
13877,1003588,709,SUBSTRATE
13878,1003588,1041,SUBSTRATE
13879,1003588,700,PRODUCT
13880,1003588,1046,PRODUCT
13881,1003588,2537,PRODUCT
13882,1003589,287,SUBSTRATE
13883,1003589,709,SUBSTRATE
13884,1003589,1050,SUBSTRATE
13885,1003589,652,PRODUCT
13886,1003589,700,PRODUCT
13887,1003589,1054,PRODUCT
13888,1003590,287,SUBSTRATE
13889,1003590,709,SUBSTRATE
13890,1003590,1041,SUBSTRATE
13891,1003590,652,PRODUCT
13892,1003590,700,PRODUCT
13893,1003590,1046,PRODUCT
13894,1003591,709,SUBSTRATE
13895,1003591,748,SUBSTRATE
13896,1003591,1041,SUBSTRATE
13897,1003591,700,PRODUCT
13898,1003591,751,PRODUCT
13899,1003591,1046,PRODUCT
13900,1003592,709,SUBSTRATE
13901,1003592,1041,SUBSTRATE
13902,1003592,2538,SUBSTRATE
13903,1003592,700,PRODUCT
13904,1003592,1046,PRODUCT
13905,1003592,2539,PRODUCT
13906,1003593,709,SUBSTRATE
13907,1003593,1041,SUBSTRATE
13908,1003593,2540,SUBSTRATE
13909,1003593,700,PRODUCT
13910,1003593,1046,PRODUCT
13911,1003593,2541,PRODUCT
13912,1003594,709,SUBSTRATE
13913,1003594,1041,SUBSTRATE
13914,1003594,2542,SUBSTRATE
13915,1003594,700,PRODUCT
13916,1003594,1046,PRODUCT
13917,1003594,2543,PRODUCT
13918,1003595,709,SUBSTRATE
13919,1003595,1041,SUBSTRATE
13920,1003595,2544,SUBSTRATE
13921,1003595,700,PRODUCT
13922,1003595,1046,PRODUCT
13923,1003595,2545,PRODUCT
13924,1003596,709,SUBSTRATE
13925,1003596,1041,SUBSTRATE
13926,1003596,2546,SUBSTRATE
13927,1003596,700,PRODUCT
13928,1003596,1046,PRODUCT
13929,1003596,2547,PRODUCT
13930,1003597,709,SUBSTRATE
13931,1003597,1041,SUBSTRATE
13932,1003597,2548,SUBSTRATE
13933,1003597,700,PRODUCT
13934,1003597,1046,PRODUCT
13935,1003597,2549,PRODUCT
13936,1003598,709,SUBSTRATE
13937,1003598,1041,SUBSTRATE
13938,1003598,2550,SUBSTRATE
13939,1003598,700,PRODUCT
13940,1003598,1046,PRODUCT
13941,1003598,2551,PRODUCT
13942,1003599,709,SUBSTRATE
13943,1003599,1041,SUBSTRATE
13944,1003599,2552,SUBSTRATE
13945,1003599,700,PRODUCT
13946,1003599,1046,PRODUCT
13947,1003599,2553,PRODUCT
13948,1003600,709,SUBSTRATE
13949,1003600,1041,SUBSTRATE
13950,1003600,2554,SUBSTRATE
13951,1003600,700,PRODUCT
13952,1003600,1046,PRODUCT
13953,1003600,2555,PRODUCT
13954,1003601,709,SUBSTRATE
13955,1003601,1041,SUBSTRATE
13956,1003601,2556,SUBSTRATE
13957,1003601,700,PRODUCT
13958,1003601,1046,PRODUCT
13959,1003601,2557,PRODUCT
13960,1003602,709,SUBSTRATE
13961,1003602,1041,SUBSTRATE
13962,1003602,2558,SUBSTRATE
13963,1003602,700,PRODUCT
13964,1003602,1046,PRODUCT
13965,1003602,2559,PRODUCT
13966,1003603,709,SUBSTRATE
13967,1003603,1041,SUBSTRATE
13968,1003603,2560,SUBSTRATE
13969,1003603,700,PRODUCT
13970,1003603,1046,PRODUCT
13971,1003603,2561,PRODUCT
13972,1003604,709,SUBSTRATE
13973,1003604,1041,SUBSTRATE
13974,1003604,2562,SUBSTRATE
13975,1003604,700,PRODUCT
13976,1003604,1046,PRODUCT
13977,1003604,2563,PRODUCT
13978,1003605,1405,SUBSTRATE
13979,1003605,1424,SUBSTRATE
13980,1003605,2564,SUBSTRATE
13981,1003605,1380,PRODUCT
13982,1003605,1559,PRODUCT
13983,1003605,2565,PRODUCT
13984,1003605,2566,PRODUCT
13985,1003606,709,SUBSTRATE
13986,1003606,2567,SUBSTRATE
13987,1003606,675,PRODUCT
13988,1003606,700,PRODUCT
13989,1003606,1090,PRODUCT
13990,1003607,2476,SUBSTRATE
13991,1003607,2482,SUBSTRATE
13992,1003607,701,PRODUCT
13993,1003607,2478,PRODUCT
13994,1003607,2568,PRODUCT
13995,1003608,2476,SUBSTRATE
13996,1003608,2568,SUBSTRATE
13997,1003608,701,PRODUCT
13998,1003608,2478,PRODUCT
13999,1003608,2569,PRODUCT
14000,1003609,1192,SUBSTRATE
14001,1003609,2570,SUBSTRATE
14002,1003609,700,PRODUCT
14003,1003609,1190,PRODUCT
14004,1003609,2571,PRODUCT
14005,1003610,591,SUBSTRATE
14006,1003610,2572,SUBSTRATE
14007,1003610,593,PRODUCT
14008,1003610,2573,PRODUCT
14009,1003611,591,SUBSTRATE
14010,1003611,2574,SUBSTRATE
14011,1003611,593,PRODUCT
14012,1003611,2575,PRODUCT
14013,1003612,1041,SUBSTRATE
14014,1003612,2576,SUBSTRATE
14015,1003612,686,PRODUCT
14016,1003612,700,PRODUCT
14017,1003612,1046,PRODUCT
14018,1003613,591,SUBSTRATE
14019,1003613,2573,SUBSTRATE
14020,1003613,593,PRODUCT
14021,1003613,2574,PRODUCT
14022,1003614,709,SUBSTRATE
14023,1003614,2577,SUBSTRATE
14024,1003614,519,PRODUCT
14025,1003614,529,PRODUCT
14026,1003615,709,SUBSTRATE
14027,1003615,2578,SUBSTRATE
14028,1003615,529,PRODUCT
14029,1003615,2533,PRODUCT
14030,1003616,709,SUBSTRATE
14031,1003616,2579,SUBSTRATE
14032,1003616,529,PRODUCT
14033,1003617,701,SUBSTRATE
14034,1003617,2497,SUBSTRATE
14035,1003617,2575,SUBSTRATE
14036,1003617,593,PRODUCT
14037,1003617,2580,PRODUCT
14038,1003618,701,SUBSTRATE
14039,1003618,2497,SUBSTRATE
14040,1003618,2580,SUBSTRATE
14041,1003618,593,PRODUCT
14042,1003618,2498,PRODUCT
14043,1003619,591,SUBSTRATE
14044,1003619,2581,SUBSTRATE
14045,1003619,593,PRODUCT
14046,1003619,701,PRODUCT
14047,1003619,2582,PRODUCT
14048,1003620,1194,SUBSTRATE
14049,1003620,2527,SUBSTRATE
14050,1003620,2583,SUBSTRATE
14051,1003620,921,PRODUCT
14052,1003620,2529,PRODUCT
14053,1003620,2584,PRODUCT
14054,1003621,1087,SUBSTRATE
14055,1003621,1194,SUBSTRATE
14056,1003621,2583,SUBSTRATE
14057,1003621,921,PRODUCT
14058,1003621,2528,PRODUCT
14059,1003621,2584,PRODUCT
14060,1003622,2585,SUBSTRATE
14061,1003622,2586,SUBSTRATE
14062,1003622,2587,PRODUCT
14063,1003623,2588,SUBSTRATE
14064,1003623,2589,SUBSTRATE
14065,1003623,705,PRODUCT
14066,1003623,2590,PRODUCT
14067,1003623,2591,PRODUCT
14068,1003624,2592,SUBSTRATE
14069,1003624,2593,PRODUCT
14070,1003625,593,SUBSTRATE
14071,1003625,2594,SUBSTRATE
14072,1003625,701,PRODUCT
14073,1003625,2359,PRODUCT
14074,1003625,2497,PRODUCT
14075,1003626,1233,SUBSTRATE
14076,1003626,2595,PRODUCT
14077,1003627,1050,SUBSTRATE
14078,1003627,1174,SUBSTRATE
14079,1003627,700,PRODUCT
14080,1003627,1054,PRODUCT
14081,1003627,1170,PRODUCT
14082,1003628,484,SUBSTRATE
14083,1003628,709,SUBSTRATE
14084,1003628,2596,PRODUCT
14085,1003629,487,SUBSTRATE
14086,1003629,488,PRODUCT
14087,1003630,709,SUBSTRATE
14088,1003630,2597,SUBSTRATE
14089,1003630,700,PRODUCT
14090,1003630,1134,PRODUCT
14091,1003631,423,SUBSTRATE
14092,1003631,709,SUBSTRATE
14093,1003631,2598,SUBSTRATE
14094,1003631,387,PRODUCT
14095,1003631,700,PRODUCT
14096,1003631,1134,PRODUCT
14097,1003631,2599,PRODUCT
14098,1003632,550,SUBSTRATE
14099,1003632,709,SUBSTRATE
14100,1003632,546,PRODUCT
14101,1003632,700,PRODUCT
14102,1003632,1134,PRODUCT
14103,1003633,709,SUBSTRATE
14104,1003633,2600,SUBSTRATE
14105,1003633,223,PRODUCT
14106,1003633,409,PRODUCT
14107,1003634,425,SUBSTRATE
14108,1003634,713,SUBSTRATE
14109,1003634,2601,SUBSTRATE
14110,1003634,389,PRODUCT
14111,1003634,705,PRODUCT
14112,1003634,1138,PRODUCT
14113,1003634,2602,PRODUCT
14114,1003635,709,SUBSTRATE
14115,1003635,2603,SUBSTRATE
14116,1003635,2533,PRODUCT
14117,1003636,2357,SUBSTRATE
14118,1003636,2604,PRODUCT
14119,1003637,373,SUBSTRATE
14120,1003637,2611,SUBSTRATE
14121,1003637,499,PRODUCT
14122,1003637,700,PRODUCT
14123,1003637,2612,PRODUCT
14124,1003638,2642,SUBSTRATE
14125,1003638,2641,PRODUCT
14126,1003639,709,SUBSTRATE
14127,1003639,2641,SUBSTRATE
14128,1003639,675,PRODUCT
14129,1003639,1134,PRODUCT
14130,1003640,702,SUBSTRATE
14131,1003640,2644,SUBSTRATE
14132,1003640,700,PRODUCT
14133,1003640,2643,PRODUCT
14134,1003641,709,SUBSTRATE
14135,1003641,2643,SUBSTRATE
14136,1003641,935,PRODUCT
14137,1003641,1134,PRODUCT
14138,1003642,709,SUBSTRATE
14139,1003642,2645,SUBSTRATE
14140,1003642,696,PRODUCT
14141,1003642,1134,PRODUCT
14142,1003643,702,SUBSTRATE
14143,1003643,2646,SUBSTRATE
14144,1003643,700,PRODUCT
14145,1003643,2645,PRODUCT
14146,1003644,709,SUBSTRATE
14147,1003644,2647,SUBSTRATE
14148,1003644,696,PRODUCT
14149,1003644,1134,PRODUCT
14150,1003645,702,SUBSTRATE
14151,1003645,2648,SUBSTRATE
14152,1003645,700,PRODUCT
14153,1003645,2647,PRODUCT
14154,1003646,702,SUBSTRATE
14155,1003646,2649,SUBSTRATE
14156,1003646,700,PRODUCT
14157,1003646,2650,PRODUCT
14158,1003647,709,SUBSTRATE
14159,1003647,2650,SUBSTRATE
14160,1003647,1134,PRODUCT
14161,1003647,2576,PRODUCT
14162,1003648,709,SUBSTRATE
14163,1003648,2651,SUBSTRATE
14164,1003648,1134,PRODUCT
14165,1003648,2652,PRODUCT
14166,1003649,2654,SUBSTRATE
14167,1003649,2651,PRODUCT
14168,1003650,1102,SUBSTRATE
14169,1003650,2652,SUBSTRATE
14170,1003650,700,PRODUCT
14171,1003650,2655,PRODUCT
14172,1003651,709,SUBSTRATE
14173,1003651,1041,SUBSTRATE
14174,1003651,2655,SUBSTRATE
14175,1003651,700,PRODUCT
14176,1003651,1046,PRODUCT
14177,1003651,1237,PRODUCT
14178,1003652,221,SUBSTRATE
14179,1003652,883,SUBSTRATE
14180,1003652,223,PRODUCT
14181,1003652,2658,PRODUCT
14182,1003653,702,SUBSTRATE
14183,1003653,2659,SUBSTRATE
14184,1003653,700,PRODUCT
14185,1003653,2658,PRODUCT
14186,1003654,709,SUBSTRATE
14187,1003654,2660,SUBSTRATE
14188,1003654,1134,PRODUCT
14189,1003654,1300,PRODUCT
14190,1003655,702,SUBSTRATE
14191,1003655,2661,SUBSTRATE
14192,1003655,700,PRODUCT
14193,1003655,2660,PRODUCT
14194,1003656,709,SUBSTRATE
14195,1003656,2662,SUBSTRATE
14196,1003656,1134,PRODUCT
14197,1003656,1300,PRODUCT
14198,1003657,702,SUBSTRATE
14199,1003657,2663,SUBSTRATE
14200,1003657,700,PRODUCT
14201,1003657,2662,PRODUCT
14202,1003658,702,SUBSTRATE
14203,1003658,2664,SUBSTRATE
14204,1003658,700,PRODUCT
14205,1003658,2665,PRODUCT
14206,1003659,716,SUBSTRATE
14207,1003659,2666,SUBSTRATE
14208,1003659,2351,PRODUCT
14209,1003659,2428,PRODUCT
14210,1003660,2667,SUBSTRATE
14211,1003660,1134,PRODUCT
14212,1003660,2668,PRODUCT
14213,1003661,702,SUBSTRATE
14214,1003661,2669,SUBSTRATE
14215,1003661,700,PRODUCT
14216,1003661,2667,PRODUCT
14217,1003662,702,SUBSTRATE
14218,1003662,2670,SUBSTRATE
14219,1003662,700,PRODUCT
14220,1003662,2668,PRODUCT
14221,1003663,387,SUBSTRATE
14222,1003663,700,SUBSTRATE
14223,1003663,2671,SUBSTRATE
14224,1003663,423,PRODUCT
14225,1003663,857,PRODUCT
14226,1003664,702,SUBSTRATE
14227,1003664,2672,SUBSTRATE
14228,1003664,700,PRODUCT
14229,1003664,2671,PRODUCT
14230,1003665,709,SUBSTRATE
14231,1003665,2675,SUBSTRATE
14232,1003665,941,PRODUCT
14233,1003665,1134,PRODUCT
14234,1003666,702,SUBSTRATE
14235,1003666,2678,SUBSTRATE
14236,1003666,700,PRODUCT
14237,1003666,2677,PRODUCT
14238,1003667,709,SUBSTRATE
14239,1003667,2679,SUBSTRATE
14240,1003667,509,PRODUCT
14241,1003667,1134,PRODUCT
14242,1003668,702,SUBSTRATE
14243,1003668,2680,SUBSTRATE
14244,1003668,700,PRODUCT
14245,1003668,2679,PRODUCT
14246,1003669,709,SUBSTRATE
14247,1003669,2681,SUBSTRATE
14248,1003669,700,PRODUCT
14249,1003669,2660,PRODUCT
14250,1003670,702,SUBSTRATE
14251,1003670,2682,SUBSTRATE
14252,1003670,700,PRODUCT
14253,1003670,2681,PRODUCT
14254,1003671,709,SUBSTRATE
14255,1003671,2683,SUBSTRATE
14256,1003671,700,PRODUCT
14257,1003671,847,PRODUCT
14258,1003671,1235,PRODUCT
14259,1003672,702,SUBSTRATE
14260,1003672,2684,SUBSTRATE
14261,1003672,700,PRODUCT
14262,1003672,2683,PRODUCT
14263,1003673,709,SUBSTRATE
14264,1003673,2685,SUBSTRATE
14265,1003673,380,PRODUCT
14266,1003673,1134,PRODUCT
14267,1003674,2686,SUBSTRATE
14268,1003674,2685,PRODUCT
14269,1003675,709,SUBSTRATE
14270,1003675,2687,SUBSTRATE
14271,1003675,519,PRODUCT
14272,1003675,529,PRODUCT
14273,1003676,702,SUBSTRATE
14274,1003676,2688,SUBSTRATE
14275,1003676,700,PRODUCT
14276,1003676,2687,PRODUCT
14277,1003677,499,SUBSTRATE
14278,1003677,700,SUBSTRATE
14279,1003677,2689,SUBSTRATE
14280,1003677,373,PRODUCT
14281,1003677,873,PRODUCT
14282,1003678,702,SUBSTRATE
14283,1003678,2690,SUBSTRATE
14284,1003678,700,PRODUCT
14285,1003678,2689,PRODUCT
14286,1003679,635,SUBSTRATE
14287,1003679,2692,SUBSTRATE
14288,1003679,636,PRODUCT
14289,1003679,2691,PRODUCT
14290,1003680,2693,SUBSTRATE
14291,1003680,2691,PRODUCT
14292,1003681,700,SUBSTRATE
14293,1003681,1054,SUBSTRATE
14294,1003681,2696,SUBSTRATE
14295,1003681,1050,PRODUCT
14296,1003681,2462,PRODUCT
14297,1003682,702,SUBSTRATE
14298,1003682,2697,SUBSTRATE
14299,1003682,700,PRODUCT
14300,1003682,2696,PRODUCT
14301,1003683,716,SUBSTRATE
14302,1003683,2700,SUBSTRATE
14303,1003683,869,PRODUCT
14304,1003683,2352,PRODUCT
14305,1003684,702,SUBSTRATE
14306,1003684,2698,SUBSTRATE
14307,1003684,700,PRODUCT
14308,1003684,2699,PRODUCT
14309,1003685,709,SUBSTRATE
14310,1003685,2705,SUBSTRATE
14311,1003685,700,PRODUCT
14312,1003685,2679,PRODUCT
14313,1003686,702,SUBSTRATE
14314,1003686,2706,SUBSTRATE
14315,1003686,700,PRODUCT
14316,1003686,2705,PRODUCT
14317,1003687,709,SUBSTRATE
14318,1003687,2701,SUBSTRATE
14319,1003687,529,PRODUCT
14320,1003687,2702,PRODUCT
14321,1003688,2702,SUBSTRATE
14322,1003688,2703,PRODUCT
14323,1003689,702,SUBSTRATE
14324,1003689,2704,SUBSTRATE
14325,1003689,700,PRODUCT
14326,1003689,2701,PRODUCT
14327,1003690,423,SUBSTRATE
14328,1003690,2707,SUBSTRATE
14329,1003690,387,PRODUCT
14330,1003690,700,PRODUCT
14331,1003690,2708,PRODUCT
14332,1003691,2708,SUBSTRATE
14333,1003691,523,PRODUCT
14334,1003692,2709,SUBSTRATE
14335,1003692,2707,PRODUCT
14336,1003693,423,SUBSTRATE
14337,1003693,499,SUBSTRATE
14338,1003693,2711,SUBSTRATE
14339,1003693,370,PRODUCT
14340,1003693,412,PRODUCT
14341,1003693,582,PRODUCT
14342,1003694,709,SUBSTRATE
14343,1003694,2713,SUBSTRATE
14344,1003694,365,PRODUCT
14345,1003694,919,PRODUCT
14346,1003695,702,SUBSTRATE
14347,1003695,2613,SUBSTRATE
14348,1003695,700,PRODUCT
14349,1003695,2614,PRODUCT
14350,1003696,700,SUBSTRATE
14351,1003696,2617,SUBSTRATE
14352,1003696,708,PRODUCT
14353,1003696,2618,PRODUCT
14354,1003697,711,SUBSTRATE
14355,1003697,2719,SUBSTRATE
14356,1003697,530,PRODUCT
14357,1003697,971,PRODUCT
14358,1003698,700,SUBSTRATE
14359,1003698,2620,SUBSTRATE
14360,1003698,708,PRODUCT
14361,1003698,2621,PRODUCT
14362,1003699,702,SUBSTRATE
14363,1003699,2619,SUBSTRATE
14364,1003699,700,PRODUCT
14365,1003699,2620,PRODUCT
14366,1003700,709,SUBSTRATE
14367,1003700,2677,SUBSTRATE
14368,1003700,582,PRODUCT
14369,1003700,1134,PRODUCT
14370,1003701,702,SUBSTRATE
14371,1003701,2632,SUBSTRATE
14372,1003701,700,PRODUCT
14373,1003701,2633,PRODUCT
14374,1003702,2628,SUBSTRATE
14375,1003702,2627,PRODUCT
14376,1003703,702,SUBSTRATE
14377,1003703,2657,SUBSTRATE
14378,1003703,700,PRODUCT
14379,1003703,2656,PRODUCT
14380,1003704,709,SUBSTRATE
14381,1003704,2656,SUBSTRATE
14382,1003704,1134,PRODUCT
14383,1003704,2490,PRODUCT
14384,1003705,702,SUBSTRATE
14385,1003705,2616,SUBSTRATE
14386,1003705,700,PRODUCT
14387,1003705,2617,PRODUCT
14388,1003706,716,SUBSTRATE
14389,1003706,2618,SUBSTRATE
14390,1003706,888,PRODUCT
14391,1003706,2352,PRODUCT
14392,1003707,2715,SUBSTRATE
14393,1003707,686,PRODUCT
14394,1003707,1098,PRODUCT
14395,1003708,709,SUBSTRATE
14396,1003708,2717,SUBSTRATE
14397,1003708,409,PRODUCT
14398,1003708,700,PRODUCT
14399,1003708,1177,PRODUCT
14400,1003708,1235,PRODUCT
14401,1003709,709,SUBSTRATE
14402,1003709,2673,SUBSTRATE
14403,1003709,700,PRODUCT
14404,1003709,2645,PRODUCT
14405,1003710,709,SUBSTRATE
14406,1003710,2623,SUBSTRATE
14407,1003710,1134,PRODUCT
14408,1003710,1255,PRODUCT
14409,1003711,716,SUBSTRATE
14410,1003711,2615,SUBSTRATE
14411,1003711,893,PRODUCT
14412,1003711,2352,PRODUCT
14413,1003712,716,SUBSTRATE
14414,1003712,2631,SUBSTRATE
14415,1003712,900,PRODUCT
14416,1003712,2352,PRODUCT
14417,1003713,716,SUBSTRATE
14418,1003713,2621,SUBSTRATE
14419,1003713,2352,PRODUCT
14420,1003713,2622,PRODUCT
14421,1003714,716,SUBSTRATE
14422,1003714,2634,SUBSTRATE
14423,1003714,864,PRODUCT
14424,1003714,2428,PRODUCT
14425,1003715,716,SUBSTRATE
14426,1003715,2637,SUBSTRATE
14427,1003715,893,PRODUCT
14428,1003715,2428,PRODUCT
14429,1003716,702,SUBSTRATE
14430,1003716,2718,SUBSTRATE
14431,1003716,700,PRODUCT
14432,1003716,2717,PRODUCT
14433,1003717,711,SUBSTRATE
14434,1003717,2710,SUBSTRATE
14435,1003717,520,PRODUCT
14436,1003717,530,PRODUCT
14437,1003718,702,SUBSTRATE
14438,1003718,2695,SUBSTRATE
14439,1003718,700,PRODUCT
14440,1003718,2694,PRODUCT
14441,1003719,702,SUBSTRATE
14442,1003719,2716,SUBSTRATE
14443,1003719,700,PRODUCT
14444,1003719,2715,PRODUCT
14445,1003720,700,SUBSTRATE
14446,1003720,2665,SUBSTRATE
14447,1003720,708,PRODUCT
14448,1003720,2666,PRODUCT
14449,1003721,702,SUBSTRATE
14450,1003721,2635,SUBSTRATE
14451,1003721,700,PRODUCT
14452,1003721,2636,PRODUCT
14453,1003722,700,SUBSTRATE
14454,1003722,2636,SUBSTRATE
14455,1003722,708,PRODUCT
14456,1003722,2637,PRODUCT
14457,1003723,700,SUBSTRATE
14458,1003723,2614,SUBSTRATE
14459,1003723,708,PRODUCT
14460,1003723,2615,PRODUCT
14461,1003724,702,SUBSTRATE
14462,1003724,2714,SUBSTRATE
14463,1003724,700,PRODUCT
14464,1003724,2713,PRODUCT
14465,1003725,702,SUBSTRATE
14466,1003725,2676,SUBSTRATE
14467,1003725,700,PRODUCT
14468,1003725,2675,PRODUCT
14469,1003726,702,SUBSTRATE
14470,1003726,2629,SUBSTRATE
14471,1003726,700,PRODUCT
14472,1003726,2630,PRODUCT
14473,1003727,700,SUBSTRATE
14474,1003727,2630,SUBSTRATE
14475,1003727,708,PRODUCT
14476,1003727,2631,PRODUCT
14477,1003728,700,SUBSTRATE
14478,1003728,2699,SUBSTRATE
14479,1003728,708,PRODUCT
14480,1003728,2700,PRODUCT
14481,1003729,642,SUBSTRATE
14482,1003729,1102,SUBSTRATE
14483,1003729,2694,SUBSTRATE
14484,1003729,639,PRODUCT
14485,1003729,683,PRODUCT
14486,1003729,700,PRODUCT
14487,1003729,709,PRODUCT
14488,1003729,1235,PRODUCT
14489,1003730,2624,SUBSTRATE
14490,1003730,2623,PRODUCT
14491,1003731,2626,SUBSTRATE
14492,1003731,2625,PRODUCT
14493,1003732,709,SUBSTRATE
14494,1003732,2627,SUBSTRATE
14495,1003732,675,PRODUCT
14496,1003732,1134,PRODUCT
14497,1003733,709,SUBSTRATE
14498,1003733,2625,SUBSTRATE
14499,1003733,1134,PRODUCT
14500,1003733,1255,PRODUCT
14501,1003734,702,SUBSTRATE
14502,1003734,2638,SUBSTRATE
14503,1003734,700,PRODUCT
14504,1003734,2639,PRODUCT
14505,1003735,700,SUBSTRATE
14506,1003735,2639,SUBSTRATE
14507,1003735,708,PRODUCT
14508,1003735,2640,PRODUCT
14509,1003736,716,SUBSTRATE
14510,1003736,2640,SUBSTRATE
14511,1003736,888,PRODUCT
14512,1003736,2428,PRODUCT
14513,1003737,919,SUBSTRATE
14514,1003737,2351,PRODUCT
14515,1003738,935,SUBSTRATE
14516,1003738,2622,PRODUCT
14517,1003739,2674,SUBSTRATE
14518,1003739,2673,PRODUCT
14519,1003740,702,SUBSTRATE
14520,1003740,2720,SUBSTRATE
14521,1003740,231,PRODUCT
14522,1003740,700,PRODUCT
14523,1003741,702,SUBSTRATE
14524,1003741,2721,SUBSTRATE
14525,1003741,275,PRODUCT
14526,1003741,700,PRODUCT
14527,1003742,2724,SUBSTRATE
14528,1003742,532,PRODUCT
14529,1003743,2725,SUBSTRATE
14530,1003743,441,PRODUCT
14531,1003744,702,SUBSTRATE
14532,1003744,2722,SUBSTRATE
14533,1003744,700,PRODUCT
14534,1003744,2723,PRODUCT
14535,1003745,700,SUBSTRATE
14536,1003745,2723,SUBSTRATE
14537,1003745,708,PRODUCT
14538,1003745,2350,PRODUCT
14539,1003746,702,SUBSTRATE
14540,1003746,2726,SUBSTRATE
14541,1003746,274,PRODUCT
14542,1003746,700,PRODUCT
14543,1003747,702,SUBSTRATE
14544,1003747,2727,SUBSTRATE
14545,1003747,689,PRODUCT
14546,1003747,700,PRODUCT
14547,1003748,2728,SUBSTRATE
14548,1003748,1017,PRODUCT
14549,1003749,2729,SUBSTRATE
14550,1003749,533,PRODUCT
14551,1003750,2730,SUBSTRATE
14552,1003750,1289,PRODUCT
14553,1003751,702,SUBSTRATE
14554,1003751,2731,SUBSTRATE
14555,1003751,700,PRODUCT
14556,1003751,1144,PRODUCT
14557,1003752,2732,SUBSTRATE
14558,1003752,538,PRODUCT
14559,1003753,702,SUBSTRATE
14560,1003753,2733,SUBSTRATE
14561,1003753,700,PRODUCT
14562,1003753,1080,PRODUCT
14563,1003754,702,SUBSTRATE
14564,1003754,2734,SUBSTRATE
14565,1003754,347,PRODUCT
14566,1003754,700,PRODUCT
14567,1003755,702,SUBSTRATE
14568,1003755,2735,SUBSTRATE
14569,1003755,537,PRODUCT
14570,1003755,700,PRODUCT
14571,1003756,702,SUBSTRATE
14572,1003756,2736,SUBSTRATE
14573,1003756,582,PRODUCT
14574,1003756,700,PRODUCT
14575,1003757,2737,SUBSTRATE
14576,1003757,489,PRODUCT
14577,1003758,2738,SUBSTRATE
14578,1003758,2692,PRODUCT
14579,1003759,702,SUBSTRATE
14580,1003759,2739,SUBSTRATE
14581,1003759,412,PRODUCT
14582,1003759,700,PRODUCT
14583,1003760,2740,SUBSTRATE
14584,1003760,178,PRODUCT
14585,1003761,702,SUBSTRATE
14586,1003761,2741,SUBSTRATE
14587,1003761,382,PRODUCT
14588,1003761,700,PRODUCT
14589,1003762,702,SUBSTRATE
14590,1003762,2742,SUBSTRATE
14591,1003762,497,PRODUCT
14592,1003762,700,PRODUCT
14593,1003763,2743,SUBSTRATE
14594,1003763,2535,PRODUCT
14595,1003764,2744,SUBSTRATE
14596,1003764,198,PRODUCT
14597,1003765,702,SUBSTRATE
14598,1003765,2745,SUBSTRATE
14599,1003765,700,PRODUCT
14600,1003765,871,PRODUCT
14601,1003766,2746,SUBSTRATE
14602,1003766,680,PRODUCT
14603,1003767,702,SUBSTRATE
14604,1003767,2747,SUBSTRATE
14605,1003767,700,PRODUCT
14606,1003767,2748,PRODUCT
14607,1003768,700,SUBSTRATE
14608,1003768,2748,SUBSTRATE
14609,1003768,708,PRODUCT
14610,1003768,2429,PRODUCT
14611,1003769,702,SUBSTRATE
14612,1003769,2749,SUBSTRATE
14613,1003769,700,PRODUCT
14614,1003769,2750,PRODUCT
14615,1003770,700,SUBSTRATE
14616,1003770,2750,SUBSTRATE
14617,1003770,708,PRODUCT
14618,1003770,2427,PRODUCT
14619,1003771,2751,SUBSTRATE
14620,1003771,2752,PRODUCT
14621,1003772,2752,SUBSTRATE
14622,1003772,1036,PRODUCT
14623,1003773,702,SUBSTRATE
14624,1003773,2753,SUBSTRATE
14625,1003773,700,PRODUCT
14626,1003773,2754,PRODUCT
14627,1003774,2755,SUBSTRATE
14628,1003774,2426,PRODUCT
14629,1003775,700,SUBSTRATE
14630,1003775,2633,SUBSTRATE
14631,1003775,708,PRODUCT
14632,1003775,2634,PRODUCT
14633,1003776,702,SUBSTRATE
14634,1003776,2653,SUBSTRATE
14635,1003776,700,PRODUCT
14636,1003776,2652,PRODUCT
14637,1003777,740,SUBSTRATE
14638,1003777,1102,SUBSTRATE
14639,1003777,700,PRODUCT
14640,1003777,1233,PRODUCT
14641,1003778,700,SUBSTRATE
14642,1003778,847,SUBSTRATE
14643,1003778,708,PRODUCT
14644,1003778,2352,PRODUCT
14645,1003779,700,SUBSTRATE
14646,1003779,894,SUBSTRATE
14647,1003779,708,PRODUCT
14648,1003779,2428,PRODUCT
14649,1003780,740,SUBSTRATE
14650,1003780,1082,SUBSTRATE
14651,1003780,903,PRODUCT
14652,1003780,1227,PRODUCT
14653,1003781,243,SUBSTRATE
14654,1003781,1102,SUBSTRATE
14655,1003781,442,PRODUCT
14656,1003781,2756,PRODUCT
14657,1003782,1102,SUBSTRATE
14658,1003782,2756,SUBSTRATE
14659,1003782,700,PRODUCT
14660,1003782,2757,PRODUCT
14661,1003783,2757,SUBSTRATE
14662,1003783,2758,PRODUCT
14663,1003784,709,SUBSTRATE
14664,1003784,2758,SUBSTRATE
14665,1003784,649,PRODUCT
14666,1003784,700,PRODUCT
14667,1003784,2711,PRODUCT
14668,1003785,853,SUBSTRATE
14669,1003785,1041,SUBSTRATE
14670,1003785,700,PRODUCT
14671,1003785,1046,PRODUCT
14672,1003785,2759,PRODUCT
14673,1003786,700,SUBSTRATE
14674,1003786,1054,SUBSTRATE
14675,1003786,2759,SUBSTRATE
14676,1003786,1050,PRODUCT
14677,1003786,1310,PRODUCT
14678,1003787,514,SUBSTRATE
14679,1003787,700,SUBSTRATE
14680,1003787,1054,SUBSTRATE
14681,1003787,1050,PRODUCT
14682,1003787,2760,PRODUCT
14683,1003788,1041,SUBSTRATE
14684,1003788,2760,SUBSTRATE
14685,1003788,544,PRODUCT
14686,1003788,700,PRODUCT
14687,1003788,1046,PRODUCT
14688,1003789,2712,SUBSTRATE
14689,1003789,2711,PRODUCT
14690,1003790,382,SUBSTRATE
14691,1003790,709,SUBSTRATE
14692,1003790,380,PRODUCT
14693,1003790,1134,PRODUCT
14694,1003791,347,SUBSTRATE
14695,1003791,709,SUBSTRATE
14696,1003791,1134,PRODUCT
14697,1003791,2462,PRODUCT
14698,1003792,700,SUBSTRATE
14699,1003792,1133,SUBSTRATE
14700,1003792,2769,PRODUCT
14701,1003793,365,SUBSTRATE
14702,1003793,700,SUBSTRATE
14703,1003793,2770,SUBSTRATE
14704,1003793,709,PRODUCT
14705,1003793,2769,PRODUCT
14706,1003794,1041,SUBSTRATE
14707,1003794,2761,SUBSTRATE
14708,1003794,223,PRODUCT
14709,1003794,700,PRODUCT
14710,1003794,1046,PRODUCT
14711,1003795,499,SUBSTRATE
14712,1003795,700,SUBSTRATE
14713,1003795,2761,SUBSTRATE
14714,1003795,686,PRODUCT
14715,1003795,709,PRODUCT
14716,1003795,2762,PRODUCT
14717,1003796,223,SUBSTRATE
14718,1003796,428,SUBSTRATE
14719,1003796,883,PRODUCT
14720,1003796,2763,PRODUCT
14721,1003797,499,SUBSTRATE
14722,1003797,1041,SUBSTRATE
14723,1003797,2763,SUBSTRATE
14724,1003797,373,PRODUCT
14725,1003797,442,PRODUCT
14726,1003797,1046,PRODUCT
14727,1003798,499,SUBSTRATE
14728,1003798,1050,SUBSTRATE
14729,1003798,2763,SUBSTRATE
14730,1003798,373,PRODUCT
14731,1003798,442,PRODUCT
14732,1003798,1054,PRODUCT
14733,1003799,700,SUBSTRATE
14734,1003799,2763,SUBSTRATE
14735,1003799,362,PRODUCT
14736,1003799,442,PRODUCT
14737,1003800,1041,SUBSTRATE
14738,1003800,2764,SUBSTRATE
14739,1003800,221,PRODUCT
14740,1003800,442,PRODUCT
14741,1003800,1046,PRODUCT
14742,1003801,686,SUBSTRATE
14743,1003801,709,SUBSTRATE
14744,1003801,2762,SUBSTRATE
14745,1003801,499,PRODUCT
14746,1003801,700,PRODUCT
14747,1003801,2764,PRODUCT
14748,1003802,709,SUBSTRATE
14749,1003802,2765,SUBSTRATE
14750,1003802,499,PRODUCT
14751,1003802,700,PRODUCT
14752,1003802,2766,PRODUCT
14753,1003803,423,SUBSTRATE
14754,1003803,499,SUBSTRATE
14755,1003803,2766,SUBSTRATE
14756,1003803,412,PRODUCT
14757,1003803,582,PRODUCT
14758,1003803,2765,PRODUCT
14759,1003804,709,SUBSTRATE
14760,1003804,2767,SUBSTRATE
14761,1003804,524,PRODUCT
14762,1003804,2768,PRODUCT
14763,1003805,2577,SUBSTRATE
14764,1003805,2767,SUBSTRATE
14765,1003805,2768,PRODUCT
14766,1003806,702,SUBSTRATE
14767,1003806,2774,SUBSTRATE
14768,1003806,700,PRODUCT
14769,1003806,2467,PRODUCT
14770,1003807,2775,SUBSTRATE
14771,1003807,2371,PRODUCT
14772,1003808,702,SUBSTRATE
14773,1003808,2776,SUBSTRATE
14774,1003808,700,PRODUCT
14775,1003808,2598,PRODUCT
14776,1003809,702,SUBSTRATE
14777,1003809,2777,SUBSTRATE
14778,1003809,700,PRODUCT
14779,1003809,2394,PRODUCT
14780,1003810,702,SUBSTRATE
14781,1003810,2778,SUBSTRATE
14782,1003810,700,PRODUCT
14783,1003810,2413,PRODUCT
14784,1003811,702,SUBSTRATE
14785,1003811,2779,SUBSTRATE
14786,1003811,700,PRODUCT
14787,1003811,2592,PRODUCT
14788,1003812,499,SUBSTRATE
14789,1003812,625,SUBSTRATE
14790,1003812,666,SUBSTRATE
14791,1003812,1041,SUBSTRATE
14792,1003812,1046,SUBSTRATE
14793,1003812,1050,SUBSTRATE
14794,1003812,1054,SUBSTRATE
14795,1003812,1182,SUBSTRATE
14796,1003812,1241,SUBSTRATE
14797,1003812,1249,SUBSTRATE
14798,1003812,2307,SUBSTRATE
14799,1003812,2780,PRODUCT
14800,1003813,818,SUBSTRATE
14801,1003813,1153,SUBSTRATE
14802,1003813,1210,SUBSTRATE
14803,1003813,1233,SUBSTRATE
14804,1003813,2371,SUBSTRATE
14805,1003813,2394,SUBSTRATE
14806,1003813,2413,SUBSTRATE
14807,1003813,2467,SUBSTRATE
14808,1003813,2592,SUBSTRATE
14809,1003813,2598,SUBSTRATE
14810,1003813,2781,PRODUCT
14811,1003814,243,SUBSTRATE
14812,1003814,700,SUBSTRATE
14813,1003814,244,PRODUCT
14814,1003814,707,PRODUCT
14815,1003815,365,SUBSTRATE
14816,1003815,366,PRODUCT
14817,1003816,2354,SUBSTRATE
14818,1003816,392,PRODUCT
14819,1003817,233,SUBSTRATE
14820,1003817,629,PRODUCT
14821,1003818,700,SUBSTRATE
14822,1003818,1061,SUBSTRATE
14823,1003818,705,PRODUCT
14824,1003818,1063,PRODUCT
14825,1003819,700,SUBSTRATE
14826,1003819,1080,SUBSTRATE
14827,1003819,701,PRODUCT
14828,1003819,1081,PRODUCT
14829,1003820,1134,SUBSTRATE
14830,1003820,1137,PRODUCT
14831,1003821,423,SUBSTRATE
14832,1003821,709,SUBSTRATE
14833,1003821,2762,SUBSTRATE
14834,1003821,389,PRODUCT
14835,1003821,705,PRODUCT
14836,1003821,1138,PRODUCT
14837,1003821,1160,PRODUCT
14838,1003822,1282,SUBSTRATE
14839,1003822,1283,PRODUCT
14840,1003823,1282,SUBSTRATE
14841,1003823,1284,PRODUCT
14842,1003824,1289,SUBSTRATE
14843,1003824,1290,PRODUCT
14844,1003825,1358,SUBSTRATE
14845,1003825,1360,PRODUCT
14846,1003826,1090,SUBSTRATE
14847,1003826,2270,PRODUCT
14848,1003827,118,SUBSTRATE
14849,1003827,700,SUBSTRATE
14850,1003827,706,PRODUCT
14851,1003827,2344,PRODUCT
14852,1003828,890,SUBSTRATE
14853,1003828,2348,PRODUCT
14854,1003829,1289,SUBSTRATE
14855,1003829,2374,PRODUCT
14856,1003830,1192,SUBSTRATE
14857,1003830,2409,PRODUCT
14858,1003831,666,SUBSTRATE
14859,1003831,2420,PRODUCT
14860,1003832,423,SUBSTRATE
14861,1003832,2470,SUBSTRATE
14862,1003832,387,PRODUCT
14863,1003832,2468,PRODUCT
14864,1003833,538,SUBSTRATE
14865,1003833,2484,PRODUCT
14866,1003834,1075,SUBSTRATE
14867,1003834,2491,PRODUCT
14868,1003835,740,SUBSTRATE
14869,1003835,2492,PRODUCT
14870,1003836,700,SUBSTRATE
14871,1003836,875,SUBSTRATE
14872,1003836,705,PRODUCT
14873,1003836,2507,PRODUCT
14874,1003837,423,SUBSTRATE
14875,1003837,2566,SUBSTRATE
14876,1003837,387,PRODUCT
14877,1003837,1424,PRODUCT
14878,1003838,2692,SUBSTRATE
14879,1003838,2589,PRODUCT
14880,1003839,1235,SUBSTRATE
14881,1003839,2590,PRODUCT
14882,1003840,1287,SUBSTRATE
14883,1003840,2594,PRODUCT
14884,1003841,1288,SUBSTRATE
14885,1003841,2604,PRODUCT
14886,1003842,620,SUBSTRATE
14887,1003842,2785,SUBSTRATE
14888,1003842,502,PRODUCT
14889,1003842,2786,PRODUCT
14890,1003843,620,SUBSTRATE
14891,1003843,2787,SUBSTRATE
14892,1003843,502,PRODUCT
14893,1003843,2788,PRODUCT
14894,1003844,620,SUBSTRATE
14895,1003844,2789,SUBSTRATE
14896,1003844,502,PRODUCT
14897,1003844,2790,PRODUCT
14898,1003845,374,SUBSTRATE
14899,1003845,2791,SUBSTRATE
14900,1003845,502,PRODUCT
14901,1003845,2792,PRODUCT
14902,1003846,620,SUBSTRATE
14903,1003846,2793,SUBSTRATE
14904,1003846,502,PRODUCT
14905,1003846,2794,PRODUCT
14906,1003847,2786,SUBSTRATE
14907,1003847,2795,PRODUCT
14908,1003848,2788,SUBSTRATE
14909,1003848,2796,PRODUCT
14910,1003849,2790,SUBSTRATE
14911,1003849,2797,PRODUCT
14912,1003850,2792,SUBSTRATE
14913,1003850,2798,PRODUCT
14914,1003851,2794,SUBSTRATE
14915,1003851,2799,PRODUCT
14916,1003852,2795,SUBSTRATE
14917,1003852,2800,PRODUCT
14918,1003853,2796,SUBSTRATE
14919,1003853,2801,PRODUCT
14920,1003854,2797,SUBSTRATE
14921,1003854,2802,PRODUCT
14922,1003855,2798,SUBSTRATE
14923,1003855,2803,PRODUCT
14924,1003856,2799,SUBSTRATE
14925,1003856,2804,PRODUCT
14926,1003857,374,SUBSTRATE
14927,1003857,620,SUBSTRATE
14928,1003857,502,PRODUCT
14929,1003857,2805,PRODUCT
14930,1003858,2805,SUBSTRATE
14931,1003858,623,PRODUCT
14932,1003859,221,SUBSTRATE
14933,1003859,700,SUBSTRATE
14934,1003859,442,PRODUCT
14935,1003859,2806,PRODUCT
14936,1003860,700,SUBSTRATE
14937,1003860,1046,SUBSTRATE
14938,1003860,2806,SUBSTRATE
14939,1003860,1041,PRODUCT
14940,1003860,2807,PRODUCT
14941,1003861,705,SUBSTRATE
14942,1003861,1048,SUBSTRATE
14943,1003861,2808,SUBSTRATE
14944,1003861,1043,PRODUCT
14945,1003861,2809,PRODUCT
14946,1003862,700,SUBSTRATE
14947,1003862,1054,SUBSTRATE
14948,1003862,2806,SUBSTRATE
14949,1003862,1050,PRODUCT
14950,1003862,2807,PRODUCT
14951,1003863,2809,SUBSTRATE
14952,1003863,2807,PRODUCT
14953,1003864,2806,SUBSTRATE
14954,1003864,2810,PRODUCT
14955,1003865,2807,SUBSTRATE
14956,1003865,2811,PRODUCT
14957,1003866,302,SUBSTRATE
14958,1003866,700,SUBSTRATE
14959,1003866,442,PRODUCT
14960,1003866,2812,PRODUCT
14961,1003867,700,SUBSTRATE
14962,1003867,1046,SUBSTRATE
14963,1003867,2812,SUBSTRATE
14964,1003867,1041,PRODUCT
14965,1003867,2813,PRODUCT
14966,1003868,705,SUBSTRATE
14967,1003868,1048,SUBSTRATE
14968,1003868,2814,SUBSTRATE
14969,1003868,1043,PRODUCT
14970,1003868,2815,PRODUCT
14971,1003869,700,SUBSTRATE
14972,1003869,1054,SUBSTRATE
14973,1003869,2812,SUBSTRATE
14974,1003869,1050,PRODUCT
14975,1003869,2813,PRODUCT
14976,1003870,2815,SUBSTRATE
14977,1003870,2813,PRODUCT
14978,1003871,2812,SUBSTRATE
14979,1003871,2816,PRODUCT
14980,1003872,2813,SUBSTRATE
14981,1003872,2817,PRODUCT
14982,1003873,243,SUBSTRATE
14983,1003873,700,SUBSTRATE
14984,1003873,442,PRODUCT
14985,1003873,2818,PRODUCT
14986,1003874,700,SUBSTRATE
14987,1003874,1046,SUBSTRATE
14988,1003874,2818,SUBSTRATE
14989,1003874,1041,PRODUCT
14990,1003874,2819,PRODUCT
14991,1003875,705,SUBSTRATE
14992,1003875,1048,SUBSTRATE
14993,1003875,2820,SUBSTRATE
14994,1003875,1043,PRODUCT
14995,1003875,2821,PRODUCT
14996,1003876,700,SUBSTRATE
14997,1003876,1054,SUBSTRATE
14998,1003876,2818,SUBSTRATE
14999,1003876,1050,PRODUCT
15000,1003876,2819,PRODUCT
15001,1003877,2821,SUBSTRATE
15002,1003877,2819,PRODUCT
15003,1003878,2818,SUBSTRATE
15004,1003878,2822,PRODUCT
15005,1003879,2819,SUBSTRATE
15006,1003879,2823,PRODUCT
15007,1003880,709,SUBSTRATE
15008,1003880,1041,SUBSTRATE
15009,1003880,2806,SUBSTRATE
15010,1003880,700,PRODUCT
15011,1003880,1046,PRODUCT
15012,1003880,2824,PRODUCT
15013,1003881,427,SUBSTRATE
15014,1003881,504,SUBSTRATE
15015,1003881,2825,SUBSTRATE
15016,1003881,415,PRODUCT
15017,1003881,586,PRODUCT
15018,1003881,2826,PRODUCT
15019,1003882,620,SUBSTRATE
15020,1003882,1160,SUBSTRATE
15021,1003882,502,PRODUCT
15022,1003882,2827,PRODUCT
15023,1003883,2826,SUBSTRATE
15024,1003883,1160,PRODUCT
15025,1003884,1477,SUBSTRATE
15026,1003884,2789,PRODUCT
15027,1003885,1478,SUBSTRATE
15028,1003885,2785,PRODUCT
15029,1003886,1088,SUBSTRATE
15030,1003886,2787,PRODUCT
15031,1003887,560,SUBSTRATE
15032,1003887,2793,PRODUCT
15033,1003888,2825,SUBSTRATE
15034,1003888,2824,PRODUCT
15035,1003889,373,SUBSTRATE
15036,1003889,2819,SUBSTRATE
15037,1003889,499,PRODUCT
15038,1003889,2828,PRODUCT
15039,1003890,2828,SUBSTRATE
15040,1003890,2829,PRODUCT
15041,1003891,373,SUBSTRATE
15042,1003891,2813,SUBSTRATE
15043,1003891,499,PRODUCT
15044,1003891,2830,PRODUCT
15045,1003892,2830,SUBSTRATE
15046,1003892,2831,PRODUCT
15047,1003893,373,SUBSTRATE
15048,1003893,2807,SUBSTRATE
15049,1003893,499,PRODUCT
15050,1003893,2832,PRODUCT
15051,1003894,2832,SUBSTRATE
15052,1003894,2833,PRODUCT
15053,1003895,2827,SUBSTRATE
15054,1003895,2834,PRODUCT
15055,1003896,2834,SUBSTRATE
15056,1003896,2835,PRODUCT
15057,1003897,740,SUBSTRATE
15058,1003897,2836,PRODUCT
15059,1003898,713,SUBSTRATE
15060,1003898,2378,SUBSTRATE
15061,1003898,411,PRODUCT
15062,1003898,1179,PRODUCT
15063,1003898,2492,PRODUCT
15064,1003899,223,SUBSTRATE
15065,1003899,873,SUBSTRATE
15066,1003899,883,PRODUCT
15067,1003899,2837,PRODUCT
15068,1003900,1354,SUBSTRATE
15069,1003900,2837,SUBSTRATE
15070,1003900,740,PRODUCT
15071,1003900,1177,PRODUCT
15072,1003900,1358,PRODUCT
15073,1003901,2839,SUBSTRATE
15074,1003901,2838,PRODUCT
15075,1003902,2841,SUBSTRATE
15076,1003902,2840,PRODUCT
15077,1003903,223,SUBSTRATE
15078,1003903,1102,SUBSTRATE
15079,1003903,2838,SUBSTRATE
15080,1003903,407,PRODUCT
15081,1003903,442,PRODUCT
15082,1003903,1227,PRODUCT
15083,1003903,1235,PRODUCT
15084,1003904,709,SUBSTRATE
15085,1003904,2842,SUBSTRATE
15086,1003904,1233,PRODUCT
15087,1003904,2692,PRODUCT
15088,1003905,148,SUBSTRATE
15089,1003905,618,SUBSTRATE
15090,1003905,700,SUBSTRATE
15091,1003905,709,PRODUCT
15092,1003905,2844,PRODUCT
15093,1003906,123,SUBSTRATE
15094,1003906,618,SUBSTRATE
15095,1003906,700,SUBSTRATE
15096,1003906,709,PRODUCT
15097,1003906,2846,PRODUCT
15098,1003907,618,SUBSTRATE
15099,1003907,700,SUBSTRATE
15100,1003907,1227,SUBSTRATE
15101,1003907,709,PRODUCT
15102,1003907,2847,PRODUCT
15103,1003908,618,SUBSTRATE
15104,1003908,700,SUBSTRATE
15105,1003908,1227,SUBSTRATE
15106,1003908,709,PRODUCT
15107,1003908,2849,PRODUCT
15108,1003909,618,SUBSTRATE
15109,1003909,700,SUBSTRATE
15110,1003909,2461,SUBSTRATE
15111,1003909,709,PRODUCT
15112,1003909,2851,PRODUCT
15113,1003910,618,SUBSTRATE
15114,1003910,700,SUBSTRATE
15115,1003910,1177,SUBSTRATE
15116,1003910,709,PRODUCT
15117,1003910,2853,PRODUCT
15118,1003911,365,SUBSTRATE
15119,1003911,700,SUBSTRATE
15120,1003911,2392,SUBSTRATE
15121,1003911,709,PRODUCT
15122,1003911,2861,PRODUCT
15123,1003912,709,SUBSTRATE
15124,1003912,831,SUBSTRATE
15125,1003912,1041,SUBSTRATE
15126,1003912,700,PRODUCT
15127,1003912,1046,PRODUCT
15128,1003912,2858,PRODUCT
15129,1003913,210,SUBSTRATE
15130,1003913,709,SUBSTRATE
15131,1003913,1041,SUBSTRATE
15132,1003913,700,PRODUCT
15133,1003913,1046,PRODUCT
15134,1003913,2855,PRODUCT
15135,1003914,618,SUBSTRATE
15136,1003914,700,SUBSTRATE
15137,1003914,2858,SUBSTRATE
15138,1003914,709,PRODUCT
15139,1003914,2859,PRODUCT
15140,1003915,618,SUBSTRATE
15141,1003915,700,SUBSTRATE
15142,1003915,2855,SUBSTRATE
15143,1003915,709,PRODUCT
15144,1003915,2856,PRODUCT
15145,1003916,423,SUBSTRATE
15146,1003916,709,SUBSTRATE
15147,1003916,387,PRODUCT
15148,1003916,700,PRODUCT
15149,1003916,2863,PRODUCT
15150,1003917,716,SUBSTRATE
15151,1003917,2863,SUBSTRATE
15152,1003917,708,PRODUCT
15153,1003917,1139,PRODUCT
15154,1003918,713,SUBSTRATE
15155,1003918,2864,SUBSTRATE
15156,1003918,705,PRODUCT
15157,1003918,1138,PRODUCT
15158,1003919,714,SUBSTRATE
15159,1003919,2865,SUBSTRATE
15160,1003919,706,PRODUCT
15161,1003919,2866,PRODUCT
15162,1003920,2844,SUBSTRATE
15163,1003920,2843,PRODUCT
15164,1003921,2846,SUBSTRATE
15165,1003921,2845,PRODUCT
15166,1003922,2847,SUBSTRATE
15167,1003922,2848,PRODUCT
15168,1003923,2849,SUBSTRATE
15169,1003923,2850,PRODUCT
15170,1003924,2851,SUBSTRATE
15171,1003924,2852,PRODUCT
15172,1003925,2853,SUBSTRATE
15173,1003925,2854,PRODUCT
15174,1003926,2861,SUBSTRATE
15175,1003926,2862,PRODUCT
15176,1003927,2859,SUBSTRATE
15177,1003927,2860,PRODUCT
15178,1003928,2856,SUBSTRATE
15179,1003928,2857,PRODUCT
15180,1003929,708,SUBSTRATE
15181,1003929,2863,SUBSTRATE
15182,1003929,700,PRODUCT
15183,1003929,2597,PRODUCT
15184,1003930,700,SUBSTRATE
15185,1003930,2597,SUBSTRATE
15186,1003930,705,PRODUCT
15187,1003930,2864,PRODUCT
15188,1003931,700,SUBSTRATE
15189,1003931,2597,SUBSTRATE
15190,1003931,706,PRODUCT
15191,1003931,2865,PRODUCT
15192,1003932,423,SUBSTRATE
15193,1003932,509,SUBSTRATE
15194,1003932,387,PRODUCT
15195,1003932,497,PRODUCT
15196,1003932,700,PRODUCT
15197,1003933,423,SUBSTRATE
15198,1003933,534,SUBSTRATE
15199,1003933,387,PRODUCT
15200,1003933,674,PRODUCT
15201,1003933,700,PRODUCT
15202,1003934,380,SUBSTRATE
15203,1003934,1134,SUBSTRATE
15204,1003934,377,PRODUCT
15205,1003934,405,PRODUCT
15206,1003935,2533,SUBSTRATE
15207,1003935,2531,PRODUCT
15208,1003936,373,SUBSTRATE
15209,1003936,2869,SUBSTRATE
15210,1003936,499,PRODUCT
15211,1003936,2870,PRODUCT
15212,1003937,1195,SUBSTRATE
15213,1003937,2872,SUBSTRATE
15214,1003937,311,PRODUCT
15215,1003937,700,PRODUCT
15216,1003937,2873,PRODUCT
15217,1003938,280,SUBSTRATE
15218,1003938,700,SUBSTRATE
15219,1003938,2874,SUBSTRATE
15220,1003938,442,PRODUCT
15221,1003938,582,PRODUCT
15222,1003938,1257,PRODUCT
15223,1003939,2868,SUBSTRATE
15224,1003939,2871,SUBSTRATE
15225,1003939,1138,PRODUCT
15226,1003939,2885,PRODUCT
15227,1003940,1179,SUBSTRATE
15228,1003940,2875,SUBSTRATE
15229,1003940,125,PRODUCT
15230,1003940,225,PRODUCT
15231,1003941,509,SUBSTRATE
15232,1003941,709,SUBSTRATE
15233,1003941,511,PRODUCT
15234,1003941,539,PRODUCT
15235,1003942,423,SUBSTRATE
15236,1003942,2877,SUBSTRATE
15237,1003942,387,PRODUCT
15238,1003942,541,PRODUCT
15239,1003942,700,PRODUCT
15240,1003943,181,SUBSTRATE
15241,1003943,1134,SUBSTRATE
15242,1003943,693,PRODUCT
15243,1003943,2878,PRODUCT
15244,1003944,715,SUBSTRATE
15245,1003944,2888,SUBSTRATE
15246,1003944,415,PRODUCT
15247,1003944,707,PRODUCT
15248,1003944,2889,PRODUCT
15249,1003945,1041,SUBSTRATE
15250,1003945,2782,SUBSTRATE
15251,1003945,165,PRODUCT
15252,1003945,700,PRODUCT
15253,1003945,1046,PRODUCT
15254,1003946,223,SUBSTRATE
15255,1003946,258,SUBSTRATE
15256,1003946,709,PRODUCT
15257,1003946,883,PRODUCT
15258,1003946,2904,PRODUCT
15259,1003947,713,SUBSTRATE
15260,1003947,2879,SUBSTRATE
15261,1003947,502,PRODUCT
15262,1003947,705,PRODUCT
15263,1003947,2880,PRODUCT
15264,1003948,1041,SUBSTRATE
15265,1003948,2881,SUBSTRATE
15266,1003948,700,PRODUCT
15267,1003948,1046,PRODUCT
15268,1003948,2882,PRODUCT
15269,1003949,700,SUBSTRATE
15270,1003949,709,SUBSTRATE
15271,1003949,2883,SUBSTRATE
15272,1003949,409,PRODUCT
15273,1003949,2884,PRODUCT
15274,1003950,1299,SUBSTRATE
15275,1003950,686,PRODUCT
15276,1003950,1296,PRODUCT
15277,1003951,691,SUBSTRATE
15278,1003951,238,PRODUCT
15279,1003951,582,PRODUCT
15280,1003952,223,SUBSTRATE
15281,1003952,910,SUBSTRATE
15282,1003952,883,PRODUCT
15283,1003952,2867,PRODUCT
15284,1003953,233,SUBSTRATE
15285,1003953,709,SUBSTRATE
15286,1003953,582,PRODUCT
15287,1003953,2876,PRODUCT
15288,1003954,709,SUBSTRATE
15289,1003954,2890,SUBSTRATE
15290,1003954,387,PRODUCT
15291,1003954,412,PRODUCT
15292,1003954,700,PRODUCT
15293,1003955,425,SUBSTRATE
15294,1003955,2895,SUBSTRATE
15295,1003955,389,PRODUCT
15296,1003955,507,PRODUCT
15297,1003956,425,SUBSTRATE
15298,1003956,2892,SUBSTRATE
15299,1003956,389,PRODUCT
15300,1003956,2891,PRODUCT
15301,1003957,425,SUBSTRATE
15302,1003957,2896,SUBSTRATE
15303,1003957,389,PRODUCT
15304,1003957,2897,PRODUCT
15305,1003958,425,SUBSTRATE
15306,1003958,2894,SUBSTRATE
15307,1003958,389,PRODUCT
15308,1003958,2893,PRODUCT
15309,1003959,425,SUBSTRATE
15310,1003959,2898,SUBSTRATE
15311,1003959,389,PRODUCT
15312,1003959,2899,PRODUCT
15313,1003960,425,SUBSTRATE
15314,1003960,657,SUBSTRATE
15315,1003960,389,PRODUCT
15316,1003960,692,PRODUCT
15317,1003961,425,SUBSTRATE
15318,1003961,2887,SUBSTRATE
15319,1003961,389,PRODUCT
15320,1003961,2886,PRODUCT
15321,1003962,425,SUBSTRATE
15322,1003962,2900,SUBSTRATE
15323,1003962,389,PRODUCT
15324,1003962,2901,PRODUCT
15325,1003963,425,SUBSTRATE
15326,1003963,2902,SUBSTRATE
15327,1003963,389,PRODUCT
15328,1003963,2903,PRODUCT
15329,1003964,2307,SUBSTRATE
15330,1003964,2905,PRODUCT
15331,1003965,709,SUBSTRATE
15332,1003965,2496,SUBSTRATE
15333,1003965,301,PRODUCT
15334,1003965,412,PRODUCT
15335,1003965,442,PRODUCT
15336,1003965,700,PRODUCT
15337,1003966,740,SUBSTRATE
15338,1003966,894,SUBSTRATE
15339,1003966,1041,SUBSTRATE
15340,1003966,700,PRODUCT
15341,1003966,709,PRODUCT
15342,1003966,1058,PRODUCT
15343,1003966,2496,PRODUCT
