met_id,model_met_id,name,compartment
100,s_0001,(1->3)-beta-D-glucan,ce
101,s_0002,(1->3)-beta-D-glucan,c
102,s_0003,(1->3)-beta-D-glucan,e
103,s_0004,(1->6)-beta-D-glucan,ce
104,s_0006,"(2-amino-4-hydroxy-7,8-dihydropteridin-6-yl)methyl trihydrogen diphosphate",m
105,s_0007,(2E)-3-(methoxycarbonyl)pent-2-enedioic acid,c
106,s_0008,"(2R,3R)-2,3-dihydroxy-3-methylpentanoate",m
107,s_0009,"(2R,3S)-3-isopropylmalate",c
108,s_0010,(2S)-2-isopropyl-3-oxosuccinate,c
109,s_0011,(2S)-2-isopropyl-3-oxosuccinate,m
110,s_0012,"(2S,3R)-3-hydroxybutane-1,2,3-tricarboxylic acid",m
111,s_0013,"(5S,6S)-di-HETE",c
112,s_0014,"(5S,6S)-di-HETE",n
113,s_0015,(N(omega)-L-arginino)succinic acid,c
114,s_0016,"(R)-2,3-dihydroxy-3-methylbutanoate",m
115,s_0017,(R)-4'-phosphopantothenic acid,c
116,s_0018,(R)-5-diphosphomevalonic acid,c
117,s_0019,(R)-5-phosphomevalonic acid,c
118,s_0020,(R)-acetoin,c
119,s_0021,(R)-carnitine,c
120,s_0022,(R)-carnitine,e
121,s_0023,(R)-carnitine,m
122,s_0024,(R)-carnitine,p
123,s_0025,(R)-lactate,c
124,s_0026,(R)-lactate,e
125,s_0027,(R)-lactate,m
126,s_0028,(R)-mevalonate,c
127,s_0029,(R)-mevalonate,e
128,s_0030,(R)-pantoate,c
129,s_0031,(R)-pantothenate,c
130,s_0032,(R)-pantothenate,e
131,s_0033,(R)-S-lactoylglutathione,c
132,s_0034,(R)-S-lactoylglutathione,m
133,s_0035,"(R,R)-2,3-butanediol",c
134,s_0036,"(R,R)-2,3-butanediol",e
135,s_0037,"(S)-2,3-epoxysqualene",c
136,s_0038,"(S)-2,3-epoxysqualene",er
137,s_0039,(S)-2-acetyl-2-hydroxybutanoate,m
138,s_0042,(R)-3-hydroxydecanoyl-CoA,p
139,s_0045,(S)-3-hydroxyhexacosanoyl-CoA,p
140,s_0048,(R)-3-hydroxylauroyl-CoA,p
141,s_0051,(S)-3-hydroxypalmitoyl-CoA,p
142,s_0054,(S)-3-hydroxytetradecanoyl-CoA,p
143,s_0056,(S)-3-methyl-2-oxopentanoate,c
144,s_0058,(S)-3-methyl-2-oxopentanoate,e
145,s_0060,(S)-3-methyl-2-oxopentanoate,m
146,s_0061,(S)-dihydroorotate,c
147,s_0062,(S)-lactaldehyde,c
148,s_0063,(S)-lactate,c
149,s_0064,(S)-lactate,e
150,s_0065,(S)-lactate,m
151,s_0066,(S)-malate,c
152,s_0067,(S)-malate,e
153,s_0068,(S)-malate,m
154,s_0069,(S)-malate,p
155,s_0075,"1,3-bisphospho-D-glycerate",c
156,s_0076,1-(2-carboxyphenylamino)-1-deoxy-D-ribulose 5-phosphate,c
157,s_0077,1-(5-phospho-D-ribosyl)-5-[(5-phospho-D-ribosylamino)methylideneamino]imidazole-4-carboxamide,c
158,s_0078,1-(5-phosphoribosyl)-5'-AMP,c
159,s_0079,1-(sn-glycero-3-phospho)-1D-myo-inositol,c
160,s_0080,1-(sn-glycero-3-phospho)-1D-myo-inositol,e
161,s_0084,1-acylglycerophosphocholine,e
162,s_0086,1-C-(indol-3-yl)glycerol 3-phosphate,c
163,s_0087,1-methylnicotinamide,c
164,s_0089,1-phosphatidyl-1D-myo-inositol backbone,c
165,s_0116,1-pyrroline-3-hydroxy-5-carboxylic acid,c
166,s_0117,1-pyrroline-3-hydroxy-5-carboxylic acid,m
167,s_0118,1-pyrroline-5-carboxylate,c
168,s_0119,1-pyrroline-5-carboxylate,m
169,s_0120,10-formyl-THF,c
170,s_0121,10-formyl-THF,m
171,s_0122,14-demethyllanosterol,c
172,s_0123,"1D-myo-inositol 1,3,4,5-tetrakisphosphate",n
173,s_0124,"1D-myo-inositol 1,4,5,6-tetrakisphosphate",n
174,s_0125,"1D-myo-inositol 1,4,5-trisphosphate",n
175,s_0126,1D-myo-inositol 1-phosphate,c
176,s_0127,1D-myo-inositol 1-phosphate,er
177,s_0129,1D-myo-inositol 3-phosphate,m
178,s_0131,"2',3'-cyclic AMP",c
179,s_0132,2'-deoxyadenosine,c
180,s_0133,2'-deoxyadenosine,e
181,s_0134,2'-deoxyguanosine,c
182,s_0135,2'-deoxyguanosine,e
183,s_0136,2'-deoxyinosine,c
184,s_0137,2'-deoxyinosine,e
185,s_0138,2'-deoxyuridine,c
186,s_0139,2'-deoxyuridine,e
187,s_0140,"2,3-bisphospho-D-glyceric acid",c
188,s_0141,"2,5-diamino-4-hydroxy-6-(5-phosphoribosylamino)pyrimidine",c
189,s_0142,"2,5-diamino-6-(5-phosphono)ribitylamino-4(3H)-pyrimidinone",c
190,s_0143,2-(3-amino-3-carboxypropyl)-L-histidine,c
191,s_0144,2-[3-carboxy-3-(methylammonio)propyl]-L-histidine,c
192,s_0145,2-acetamido-5-oxopentanoate,m
193,s_0146,2-acetyllactic acid,m
194,s_0147,2-amino-3-carboxymuconate-6-semialdehyde,c
195,s_0148,"2-amino-6-(hydroxymethyl)-7,8-dihydropteridin-4-ol",m
196,s_0149,2-dehydropantoate,c
197,s_0150,2-dehydropantoate,m
198,s_0152,2-deoxy-D-ribose,c
199,s_0153,2-deoxy-D-ribose 5-phosphate,c
200,s_0154,"2-hexaprenyl-5-hydroxy-6-methoxy-3-methyl-1,4-benzoquinone",m
201,s_0155,"2-hexaprenyl-6-methoxy-1,4-benzoquinone",m
202,s_0156,"2-hexaprenyl-6-methoxy-3-methyl-1,4-benzoquinone",m
203,s_0157,2-hexaprenyl-6-methoxyphenol,m
204,s_0158,2-hydroxy-3-oxobutyl phosphate,c
205,s_0161,2-hydroxyhexadecanal,er
206,s_0162,2-isopropylmalate,c
207,s_0163,2-isopropylmalate,e
208,s_0164,2-isopropylmalate,m
209,s_0165,2-isopropylmaleic acid,c
210,s_0166,2-methylbutanal,c
211,s_0167,2-methylbutanal,e
212,s_0168,2-methylbutanal,m
213,s_0169,2-methylbutanol,c
214,s_0170,2-methylbutanol,e
215,s_0171,2-methylbutanol,m
216,s_0172,2-methylbutyl acetate,c
217,s_0173,2-methylbutyl acetate,e
218,s_0174,2-methylcitrate,m
219,s_0176,2-oxoadipic acid,c
220,s_0177,2-oxoadipic acid,m
221,s_0178,2-oxobutanoate,c
222,s_0179,2-oxobutanoate,m
223,s_0180,2-oxoglutarate,c
224,s_0181,2-oxoglutarate,e
225,s_0182,2-oxoglutarate,m
226,s_0183,2-oxoglutarate,n
227,s_0184,2-oxoglutarate,p
228,s_0185,2-phenylethanol,c
229,s_0186,2-phenylethanol,e
230,s_0187,2-phenylethanol,m
231,s_0188,2-phospho-D-glyceric acid,c
232,s_0189,geranylgeranyl diphosphate,c
233,s_0190,farnesyl diphosphate,c
234,s_0191,farnesyl diphosphate,m
235,s_0192,"3',5'-cyclic AMP",c
236,s_0193,"3',5'-cyclic CMP",c
237,s_0194,"3',5'-cyclic dAMP",c
238,s_0195,"3',5'-cyclic GMP",c
239,s_0196,"3',5'-cyclic IMP",c
240,s_0197,3'-dephospho-CoA,c
241,s_0200,3'-dephospho-CoA,m
242,s_0201,3'-phospho-5'-adenylyl sulfate,c
243,s_0204,3-(4-hydroxyphenyl)pyruvate,c
244,s_0206,3-(4-hydroxyphenyl)pyruvate,p
245,s_0207,3-(imidazol-4-yl)-2-oxopropyl dihydrogen phosphate,c
246,s_0208,3-aminopropanal,c
247,s_0209,3-dehydro-4-methylzymosterol,c
248,s_0210,3-dehydroquinate,c
249,s_0211,3-dehydroshikimate,c
250,s_0212,"3-hexaprenyl-4,5-dihydroxybenzoic acid",c
251,s_0213,"3-hexaprenyl-4,5-dihydroxybenzoic acid",m
252,s_0214,3-hexaprenyl-4-hydroxy-5-methoxybenzoic acid,m
253,s_0215,3-hexaprenyl-4-hydroxybenzoic acid,c
254,s_0216,3-hexaprenyl-4-hydroxybenzoic acid,m
255,s_0217,3-hydroxy-2-isopropyl-4-methoxy-4-oxobutanoate,c
256,s_0218,3-hydroxy-3-methylglutaryl-CoA,c
257,s_0221,3-hydroxy-3-methylglutaryl-CoA,m
258,s_0222,3-hydroxy-L-kynurenine,c
259,s_0224,3-hydroxyanthranilate,c
260,s_0229,3-hydroxyoctadecanoyl-CoA,p
261,s_0231,3-ketosphinganine,er
262,s_0232,3-methyl-2-oxobutanoate,c
263,s_0233,3-methyl-2-oxobutanoate,m
264,s_0234,3-methylbutanal,c
265,s_0235,3-methylbutanal,e
266,s_0236,3-methylbutanal,m
267,s_0239,3-oxodecanoyl-CoA,p
268,s_0243,3-oxohexacosanoyl-CoA,p
269,s_0247,3-oxolauroyl-CoA,p
270,s_0250,3-oxooctadecanoyl-CoA,p
271,s_0253,3-oxopalmitoyl-CoA,p
272,s_0257,3-oxotetradecanoyl-CoA,p
273,s_0258,3-phospho-hydroxypyruvate,c
274,s_0259,3-phospho-serine,c
275,s_0260,3-phosphonato-D-glycerate(3-),c
276,s_0261,3-phosphoshikimic acid,c
277,s_0262,"4,4-dimethyl-5alpha-cholesta-8,14,24-trien-3beta-ol",c
278,s_0263,"4,5-bis(diphospho)-1D-myo-inositol tetrakisphosphate",c
279,s_0264,4-(phosphonooxy)-L-threonine,c
280,s_0267,4-amino-2-methyl-5-diphosphomethylpyrimidine,c
281,s_0268,4-amino-2-methyl-5-phosphomethylpyrimidine,c
282,s_0269,4-amino-4-deoxychorismate,c
283,s_0270,4-amino-5-hydroxymethyl-2-methylpyrimidine,c
284,s_0271,4-aminobenzoate,c
285,s_0272,4-aminobenzoate,e
286,s_0273,4-aminobenzoate,m
287,s_0274,4-aminobutanal,c
288,s_0275,4-aminobutanal,m
289,s_0279,4-diphospho-1D-myo-inositol pentakisphosphate,c
290,s_0280,4-guanidinobutanamide,c
291,s_0281,4-guanidinobutanoic acid,c
292,s_0282,4-hydroxy-2-oxoglutarate,c
293,s_0283,4-hydroxy-2-oxoglutarate,m
294,s_0284,4-hydroxy-2-oxoglutarate,p
295,s_0285,4-hydroxy-L-threonine,c
296,s_0286,4-hydroxybenzoate,c
297,s_0287,4-hydroxybenzoate,m
298,s_0290,4-hydroxybenzoyl-CoA,m
299,s_0291,4-methyl-2-oxopentanoate,c
300,s_0292,4-methyl-2-oxopentanoate,m
301,s_0293,4-methyl-5-(2-phosphonooxyethyl)thiazole,c
302,s_0294,4-methylthio-2-oxobutanoate,c
303,s_0295,4-phospho-L-aspartate,c
304,s_0296,4alpha-methylzymosterol,c
305,s_0297,4beta-methylzymosterol-4alpha-carboxylic acid,c
306,s_0298,5'-adenylyl sulfate,c
307,s_0299,5'-phosphoribosyl-4-(N-succinocarboxamide)-5-aminoimidazole,c
308,s_0300,5'-phosphoribosyl-5-aminoimidazole,c
309,s_0301,5'-phosphoribosyl-N-formylglycineamide,c
310,s_0302,5'-phosphoribosyl-N-formylglycineamidine,c
311,s_0303,5'-S-methyl-5'-thioadenosine,c
312,s_0304,"5,10-methenyl-THF",c
313,s_0305,"5,10-methenyl-THF",m
314,s_0306,"5,10-methylenetetrahydrofolate",c
315,s_0307,"5,10-methylenetetrahydrofolate",m
316,s_0308,"5,6,7,8-tetrahydrofolyl-L-glutamic acid",c
317,s_0309,"5,6-bis(diphospho)-1D-myo-inositol tetrakisphosphate",c
318,s_0310,5-(2-hydroxyethyl)-4-methylthiazole,c
319,s_0311,"5-(methylsulfanyl)-2,3-dioxopentyl phosphate",c
320,s_0312,5-[(5-phospho-1-deoxy-D-ribulos-1-ylamino)methylideneamino]-1-(5-phospho-D-ribosyl)imidazole-4-carboxamide,c
321,s_0313,5-amino-6-(5-phosphoribitylamino)uracil,c
322,s_0314,5-amino-6-(D-ribitylamino)uracil,c
323,s_0315,5-aminolevulinate,c
324,s_0316,5-aminolevulinate,e
325,s_0317,5-aminolevulinate,m
326,s_0318,5-diphospho-1D-myo-inositol pentakisphosphate,c
327,s_0319,5-formyltetrahydrofolic acid,c
328,s_0320,5-formyltetrahydrofolic acid,e
329,s_0321,5-formyltetrahydrofolic acid,m
330,s_0322,5-methyltetrahydrofolate,c
331,s_0323,5-methyltetrahydropteroyltri-L-glutamic acid,c
332,s_0324,5-O-(1-carboxyvinyl)-3-phosphoshikimic acid,c
333,s_0325,5-phospho-ribosyl-glycineamide,c
334,s_0326,5-phosphoribosyl-ATP,c
335,s_0327,5-phosphoribosylamine,c
336,s_0328,"6,7-dimethyl-8-(1-D-ribityl)lumazine",c
337,s_0329,6-(alpha-D-glucosaminyl)-1-phosphatidyl-1D-myo-inositol,er
338,s_0330,6-(alpha-D-glucosaminyl)-O-acyl-1-phosphatidyl-1D-myo-inositol,er
339,s_0331,6-(N-acetyl-alpha-D-glucosaminyl)-1-phosphatidyl-1D-myo-inositol,er
340,s_0332,6-[6-(2-aminoethylphosphoryl)-alpha-mannosyl-(1->6)-2-(2-aminoethylphosphoryl)-alpha-mannosyl-(1->6)-alpha-2-(2-aminoethylphosphoryl)mannosyl-(1->4)-alpha-glucosaminyl]-O-acyl-1-phosphatidyl-1D-myo-inositol,er
341,s_0333,6-diphospho-1D-myo-inositol pentakisphosphate,c
342,s_0334,6-O-[alpha-D-mannosyl-(1->4)-alpha-D-glucosaminyl]-O-acyl-1-phosphatidyl-1D-myo-inositol,er
343,s_0335,"6-O-phosphono-D-glucono-1,5-lactone",c
344,s_0337,6-O-{2-O-[(2-aminoethyl)phosphoryl]-alpha-D-mannosyl-(1->4)-alpha-D-glucosaminyl}-O-acyl-1-phosphatidyl-1D-myo-inositol,er
345,s_0338,6-O-{alpha-D-mannosyl-(1->2)-alpha-D-mannosyl-(1->6)-2-O-[(2-aminoethyl)phosphoryl]-alpha-D-mannosyl-(1->4)-alpha-D-glucosaminyl}-O-acyl-1-phosphatidyl-1D-myo-inositol,er
346,s_0339,6-O-{alpha-D-mannosyl-(1->6)-2-O-[(2-aminoethyl)phosphoryl]-alpha-D-mannosyl-(1->4)-alpha-D-glucosaminyl}-O-acyl-1-phosphatidyl-1D-myo-inositol,er
347,s_0340,6-phospho-D-gluconate,c
348,s_0341,"7,8-diaminononanoate",c
349,s_0342,"7,8-diaminononanoate",e
350,s_0343,"7,8-dihydroneopterin",c
351,s_0344,"7,8-dihydroneopterin",m
352,s_0345,"7,8-dihydroneopterin 3'-phosphate",c
353,s_0346,"7,8-dihydroneopterin 3'-triphosphate",c
354,s_0347,"7,8-dihydropteroate",c
355,s_0348,"7,8-dihydropteroate",m
356,s_0349,7-phospho-2-dehydro-3-deoxy-D-arabino-heptonic acid,c
357,s_0350,7-phospho-2-dehydro-3-deoxy-D-arabino-heptonic acid,m
358,s_0352,8-amino-7-oxononanoate,c
359,s_0354,8-amino-7-oxononanoate,e
360,s_0357,9H-xanthine,c
361,s_0358,9H-xanthine,e
362,s_0359,acetaldehyde,c
363,s_0360,acetaldehyde,e
364,s_0361,acetaldehyde,m
365,s_0362,acetate,c
366,s_0363,acetate,er
367,s_0364,acetate,e
368,s_0365,acetate,m
369,s_0366,acetate,n
370,s_0367,acetoacetyl-CoA,c
371,s_0370,acetoacetyl-CoA,m
372,s_0372,acetyl-ACP,m
373,s_0373,acetyl-CoA,c
374,s_0376,acetyl-CoA,m
375,s_0377,acetyl-CoA,n
376,s_0378,acetyl-CoA,p
377,s_0383,adenine,c
378,s_0384,adenine,e
379,s_0385,adenine,m
380,s_0386,adenosine,c
381,s_0387,adenosine,e
382,s_0389,adenosine 2'-phosphate,c
383,s_0390,"adenosine 3',5'-bismonophosphate",c
384,s_0391,"adenosine 3',5'-bismonophosphate",e
385,s_0392,"adenosine 3',5'-bismonophosphate",m
386,s_0393,adenylo-succinate,c
387,s_0394,ADP,c
388,s_0395,ADP,er
389,s_0397,ADP,m
390,s_0398,ADP,n
391,s_0399,ADP,p
392,s_0402,ADP-ribose,n
393,s_0403,AICAR,c
394,s_0404,Ala-tRNA(Ala),c
395,s_0405,allantoate,c
396,s_0406,allantoate,e
397,s_0407,allantoin,c
398,s_0408,allantoin,e
399,s_0409,"alpha,alpha-trehalose 6-phosphate",c
400,s_0410,alpha-D-galactose 1-phosphate,c
401,s_0411,alpha-D-glucosamine 1-phosphate,c
402,s_0412,alpha-D-glucosamine 6-phosphate,c
403,s_0413,alpha-D-glucosamine 6-phosphate,e
404,s_0414,alpha-D-mannosyl-beta-D-mannosyldiacetylchitobiosyldiphosphodolichol,g
405,s_0415,alpha-D-ribose 1-phosphate(2-),c
406,s_0416,alpha-D-ribose 1-phosphate(2-),m
407,s_0417,aminoacetaldehyde,c
408,s_0418,aminoacetone,c
409,s_0419,ammonium,c
410,s_0420,ammonium,e
411,s_0421,ammonium,m
412,s_0423,AMP,c
413,s_0424,AMP,m
414,s_0425,AMP,n
415,s_0426,AMP,p
416,s_0427,anthranilate,c
417,s_0428,Arg-tRNA(Arg),c
418,s_0429,Arg-tRNA(Arg),m
419,s_0430,Asn-tRNA(Asn),c
420,s_0431,Asn-tRNA(Asn),m
421,s_0432,Asp-tRNA(Asp),c
422,s_0433,Asp-tRNA(Asp),m
423,s_0434,ATP,c
424,s_0435,ATP,er
425,s_0437,ATP,m
426,s_0438,ATP,n
427,s_0439,ATP,p
428,s_0441,beta-alanine,c
429,s_0442,"beta-D-fructose 2,6-bisphosphate",c
430,s_0443,beta-D-mannosyldiacetylchitobiosyldiphosphodolichol,c
431,s_0444,beta-D-mannosyldiacetylchitobiosyldiphosphodolichol,g
432,s_0445,bicarbonate,c
433,s_0446,bicarbonate,e
434,s_0447,bicarbonate,m
435,s_0448,bicarbonate,n
436,s_0450,biomass,c
437,s_0451,biotin,c
438,s_0452,biotin,e
439,s_0453,biotinyl-5'-AMP,c
440,s_0454,"but-1-ene-1,2,4-tricarboxylic acid",m
441,s_0455,carbamoyl phosphate,c
442,s_0456,carbon dioxide,c
443,s_0457,carbon dioxide,er
444,s_0458,carbon dioxide,e
445,s_0460,carbon dioxide,m
446,s_0461,carbon dioxide,n
447,s_0462,carbon dioxide,p
448,s_0465,carboxyacetyl-ACP,m
449,s_0467,CDP,c
450,s_0468,CDP,n
451,s_0469,CDP-choline,c
452,s_0474,CDP-ethanolamine,c
453,s_0475,ceramide-1 (C24),er
454,s_0476,ceramide-1 (C24),g
455,s_0477,ceramide-1 (C24),m
456,s_0478,ceramide-1 (C26),er
457,s_0479,ceramide-1 (C26),g
458,s_0480,ceramide-1 (C26),m
459,s_0481,ceramide-2 (C24),er
460,s_0482,ceramide-2 (C24),g
461,s_0483,ceramide-2 (C24),m
462,s_0484,ceramide-2 (C26),er
463,s_0485,ceramide-2 (C26),g
464,s_0486,ceramide-2 (C26),m
465,s_0487,ceramide-2' (C24),er
466,s_0488,ceramide-2' (C24),g
467,s_0489,ceramide-2' (C24),m
468,s_0490,ceramide-2' (C26),er
469,s_0491,ceramide-2' (C26),g
470,s_0492,ceramide-2' (C26),m
471,s_0493,ceramide-3 (C24),er
472,s_0494,ceramide-3 (C24),g
473,s_0495,ceramide-3 (C24),m
474,s_0496,ceramide-3 (C26),er
475,s_0497,ceramide-3 (C26),g
476,s_0498,ceramide-3 (C26),m
477,s_0499,ceramide-4 (C24),er
478,s_0500,ceramide-4 (C24),g
479,s_0501,ceramide-4 (C24),m
480,s_0502,ceramide-4 (C26),er
481,s_0503,ceramide-4 (C26),g
482,s_0504,ceramide-4 (C26),m
483,s_0507,cerotic acid,er
484,s_0509,chitin,c
485,s_0510,chitosan,ce
486,s_0511,choline,ce
487,s_0512,choline,c
488,s_0513,choline,e
489,s_0514,choline phosphate,c
490,s_0515,chorismate,c
491,s_0516,cis-aconitate,c
492,s_0517,cis-aconitate,m
493,s_0522,citrate,c
494,s_0523,citrate,e
495,s_0524,citrate,m
496,s_0525,citrate,p
497,s_0526,CMP,c
498,s_0528,CMP,m
499,s_0529,coenzyme A,c
500,s_0530,coenzyme A,er
501,s_0531,coenzyme A,lp
502,s_0532,coenzyme A,m
503,s_0533,coenzyme A,n
504,s_0534,coenzyme A,p
505,s_0538,coproporphyrinogen III,c
506,s_0539,CTP,c
507,s_0541,CTP,m
508,s_0542,Cys-tRNA(Cys),c
509,s_0543,cytidine,c
510,s_0544,cytidine,e
511,s_0545,cytosine,c
512,s_0546,cytosine,e
513,s_0547,"D-arabinono-1,4-lactone",c
514,s_0548,D-arabinose,c
515,s_0549,D-arabinose,e
516,s_0550,D-erythro-1-(imidazol-4-yl)glycerol 3-phosphate,c
517,s_0551,D-erythrose 4-phosphate,c
518,s_0552,D-erythrose 4-phosphate,m
519,s_0553,D-fructose,c
520,s_0554,D-fructose,e
521,s_0555,"D-fructose 1,6-bisphosphate",c
522,s_0556,D-fructose 1-phosphate,c
523,s_0557,D-fructose 6-phosphate,c
524,s_0558,D-galactose,c
525,s_0559,D-galactose,e
526,s_0560,D-galacturonate,e
527,s_0561,D-glucitol,c
528,s_0562,D-glucitol,e
529,s_0563,D-glucose,c
530,s_0565,D-glucose,e
531,s_0566,D-glucose,v
532,s_0567,D-glucose 1-phosphate,c
533,s_0568,D-glucose 6-phosphate,c
534,s_0570,D-glyceraldehyde,c
535,s_0571,D-mannose,c
536,s_0572,D-mannose,e
537,s_0573,D-mannose 1-phosphate,c
538,s_0574,D-mannose 6-phosphate,c
539,s_0575,D-ribose,c
540,s_0576,D-ribose,e
541,s_0577,D-ribulose 5-phosphate,c
542,s_0578,D-xylose,c
543,s_0579,D-xylose,e
544,s_0580,D-xylulose,c
545,s_0581,D-xylulose 5-phosphate,c
546,s_0582,dADP,c
547,s_0583,dADP,n
548,s_0584,dAMP,c
549,s_0585,dAMP,m
550,s_0586,dATP,c
551,s_0587,dCDP,c
552,s_0588,dCDP,n
553,s_0589,dCMP,c
554,s_0590,dCTP,c
555,s_0591,deamido-NAD(+),c
556,s_0593,deamido-NAD(+),n
557,s_0595,decanoate,c
558,s_0597,decanoate,e
559,s_0600,decanoate,p
560,s_0605,decanoyl-CoA,p
561,s_0606,decaprenyl diphosphate,lp
562,s_0607,"dehydro-D-arabinono-1,4-lactone",c
563,s_0608,"Delta(6)-trans,Delta(8)-cis-leukotriene B4",c
564,s_0609,"Delta(6)-trans,Delta(8)-cis-leukotriene B4",n
565,s_0610,deoxycytidine,c
566,s_0611,deoxycytidine,e
567,s_0612,dethiobiotin,c
568,s_0613,dGDP,c
569,s_0614,dGDP,n
570,s_0615,dGMP,c
571,s_0616,dGMP,m
572,s_0617,dGTP,c
573,s_0618,dIDP,c
574,s_0620,diglyceride backbone,er
575,s_0625,dihydrofolic acid,c
576,s_0626,dihydrofolic acid,m
577,s_0627,dihydrolipoamide,m
578,s_0628,dihydrolipoylprotein,m
579,s_0629,dihydroxyacetone phosphate,c
580,s_0631,dihydroxyacetone phosphate,lp
581,s_0632,dihydroxyacetone phosphate,m
582,s_0633,diphosphate,c
583,s_0635,diphosphate,lp
584,s_0636,diphosphate,m
585,s_0637,diphosphate,n
586,s_0638,diphosphate,p
587,s_0639,dITP,c
588,s_0640,docosaprenyl diphosphate,lp
589,s_0641,dodecaprenyl diphosphate,lp
590,s_0642,dolichol,c
591,s_0644,dolichyl D-mannosyl phosphate,er
592,s_0645,dolichyl phosphate,c
593,s_0646,dolichyl phosphate,er
594,s_0647,dTDP,c
595,s_0649,dTMP,c
596,s_0650,dTTP,c
597,s_0651,dTTP,e
598,s_0652,dUDP,c
599,s_0653,dUDP,n
600,s_0654,dUMP,c
601,s_0655,dUMP,n
602,s_0656,dUTP,c
603,s_0657,episterol,c
604,s_0659,episterol,e
605,s_0662,"ergosta-5,7,22,24(28)-tetraen-3beta-ol",c
606,s_0663,"ergosta-5,7,22,24(28)-tetraen-3beta-ol",er
607,s_0664,"ergosta-5,7,24(28)-trien-3beta-ol",c
608,s_0665,ergosterol,ce
609,s_0666,ergosterol,c
610,s_0667,ergosterol,er
611,s_0668,ergosterol,e
612,s_0669,ergosterol,lp
613,s_0670,ergosterol 3-beta-D-glucoside,c
614,s_0672,ergosterol ester backbone,c
615,s_0677,erythro-4-hydroxy-L-glutamic acid,c
616,s_0678,erythro-4-hydroxy-L-glutamic acid,m
617,s_0679,erythro-4-hydroxy-L-glutamic acid,p
618,s_0680,ethanol,c
619,s_0681,ethanol,e
620,s_0682,ethanol,m
621,s_0683,ethanolamine,c
622,s_0684,ethanolamine,e
623,s_0685,ethyl acetate,c
624,s_0686,ethyl acetate,e
625,s_0687,FAD,c
626,s_0688,FAD,m
627,s_0689,FADH2,c
628,s_0690,FADH2,m
629,s_0692,farnesyl diphosphate,lp
630,s_0694,fatty acid backbone,c
631,s_0699,fecosterol,ce
632,s_0700,fecosterol,c
633,s_0702,fecosterol,e
634,s_0703,fecosterol,lp
635,s_0709,ferricytochrome c,m
636,s_0710,ferrocytochrome c,m
637,s_0712,ferroheme b,m
638,s_0713,fMet-tRNA(fMet),m
639,s_0714,FMN,c
640,s_0715,FMN,e
641,s_0716,FMN,m
642,s_0717,FMNH2,c
643,s_0719,folate,c
644,s_0720,folate,e
645,s_0721,formaldehyde,c
646,s_0722,formate,c
647,s_0723,formate,e
648,s_0724,formate,m
649,s_0725,fumarate,c
650,s_0726,fumarate,e
651,s_0727,fumarate,m
652,s_0734,gamma-aminobutyrate,c
653,s_0736,gamma-aminobutyrate,e
654,s_0738,gamma-aminobutyrate,m
655,s_0739,GDP,c
656,s_0740,GDP,g
657,s_0741,GDP,m
658,s_0742,GDP,n
659,s_0743,GDP-alpha-D-mannose,c
660,s_0744,GDP-alpha-D-mannose,g
661,s_0745,geranyl diphosphate,c
662,s_0746,geranylgeranyl diphosphate,lp
663,s_0747,Gln-tRNA(Gln),c
664,s_0748,Glu-tRNA(Glu),c
665,s_0749,Glu-tRNA(Glu),m
666,s_0750,glutathione,c
667,s_0751,glutathione,e
668,s_0752,glutathione,m
669,s_0753,glutathione,v
670,s_0754,glutathione disulfide,c
671,s_0755,glutathione disulfide,e
672,s_0756,glutathione disulfide,m
673,s_0757,Gly-tRNA(Gly),c
674,s_0764,glyceraldehyde 3-phosphate,c
675,s_0765,glycerol,c
676,s_0766,glycerol,e
677,s_0767,glycerol 3-phosphate,c
678,s_0769,glycerol 3-phosphate,lp
679,s_0770,glycerol 3-phosphate,m
680,s_0771,glycerone,c
681,s_0773,glycogen,c
682,s_0774,glycogen,v
683,s_0775,glycolaldehyde,c
684,s_0776,glycolaldehyde,e
685,s_0777,glycolaldehyde,m
686,s_0779,glyoxylate,c
687,s_0780,glyoxylate,e
688,s_0781,glyoxylate,p
689,s_0782,GMP,c
690,s_0783,GMP,g
691,s_0785,GTP,c
692,s_0786,GTP,m
693,s_0787,guanine,c
694,s_0788,guanine,e
695,s_0789,guanine,m
696,s_0790,guanosine,c
697,s_0791,guanosine,e
698,s_0792,guanosine,m
699,s_0793,H+,ce
700,s_0794,H+,c
701,s_0795,H+,er
702,s_0796,H+,e
703,s_0797,H+,g
704,s_0798,H+,lp
705,s_0799,H+,m
706,s_0800,H+,n
707,s_0801,H+,p
708,s_0802,H+,v
709,s_0803,H2O,c
710,s_0804,H2O,er
711,s_0805,H2O,e
712,s_0806,H2O,g
713,s_0807,H2O,m
714,s_0808,H2O,n
715,s_0809,H2O,p
716,s_0810,H2O,v
717,s_0811,heme a,m
718,s_0812,heme o,m
719,s_0813,henicosaprenyl diphosphate,lp
720,s_0814,heptadecaprenyl diphosphate,lp
721,s_0815,heptaprenyl diphosphate,lp
722,s_0816,hexacosanoyl-CoA,c
723,s_0817,hexacosanoyl-CoA,er
724,s_0819,hexacosanoyl-CoA,p
725,s_0823,hexadec-2-enoyl-CoA,p
726,s_0825,hexadecanal,er
727,s_0826,hexadecanal,e
728,s_0829,hexadecaprenyl diphosphate,lp
729,s_0830,hexaprenyl diphosphate,lp
730,s_0831,hexaprenyl diphosphate,m
731,s_0832,His-tRNA(His),c
732,s_0833,His-tRNA(His),m
733,s_0834,homocitrate,m
734,s_0835,homocitrate,n
735,s_0836,homoisocitrate,m
736,s_0837,hydrogen peroxide,c
737,s_0838,hydrogen peroxide,m
738,s_0839,hydrogen peroxide,n
739,s_0840,hydrogen peroxide,p
740,s_0841,hydrogen sulfide,c
741,s_0843,hypoxanthine,c
742,s_0844,hypoxanthine,e
743,s_0845,icosaprenyl diphosphate,lp
744,s_0846,IDP,c
745,s_0847,Ile-tRNA(Ile),c
746,s_0848,Ile-tRNA(Ile),m
747,s_0849,IMP,c
748,s_0850,indol-3-ylacetaldehyde,c
749,s_0851,indol-3-ylacetaldehyde,e
750,s_0852,indol-3-ylacetaldehyde,m
751,s_0853,indole-3-acetate,c
752,s_0854,indole-3-acetate,m
753,s_0855,indole-3-pyruvate,c
754,s_0856,inosine,c
755,s_0857,inosine,e
756,s_0859,inositol phosphomannosylinositol phosphoceramide backbone,g
757,s_0861,inositol phosphomannosylinositol phosphoceramide A (C24),er
758,s_0862,inositol phosphomannosylinositol phosphoceramide A (C24),g
759,s_0863,inositol phosphomannosylinositol phosphoceramide A (C24),m
760,s_0864,inositol phosphomannosylinositol phosphoceramide A (C26),er
761,s_0865,inositol phosphomannosylinositol phosphoceramide A (C26),g
762,s_0866,inositol phosphomannosylinositol phosphoceramide A (C26),m
763,s_0867,inositol phosphomannosylinositol phosphoceramide B (C24),er
764,s_0868,inositol phosphomannosylinositol phosphoceramide B (C24),g
765,s_0869,inositol phosphomannosylinositol phosphoceramide B (C24),m
766,s_0870,inositol phosphomannosylinositol phosphoceramide B (C26),er
767,s_0871,inositol phosphomannosylinositol phosphoceramide B (C26),g
768,s_0872,inositol phosphomannosylinositol phosphoceramide B (C26),m
769,s_0873,inositol phosphomannosylinositol phosphoceramide B' (C24),er
770,s_0874,inositol phosphomannosylinositol phosphoceramide B' (C24),g
771,s_0875,inositol phosphomannosylinositol phosphoceramide B' (C24),m
772,s_0876,inositol phosphomannosylinositol phosphoceramide B' (C26),er
773,s_0877,inositol phosphomannosylinositol phosphoceramide B' (C26),g
774,s_0878,inositol phosphomannosylinositol phosphoceramide B' (C26),m
775,s_0879,inositol phosphomannosylinositol phosphoceramide C (C24),er
776,s_0880,inositol phosphomannosylinositol phosphoceramide C (C24),g
777,s_0881,inositol phosphomannosylinositol phosphoceramide C (C24),m
778,s_0882,inositol phosphomannosylinositol phosphoceramide C (C26),er
779,s_0883,inositol phosphomannosylinositol phosphoceramide C (C26),g
780,s_0884,inositol phosphomannosylinositol phosphoceramide C (C26),m
781,s_0885,inositol phosphomannosylinositol phosphoceramide D (C24),er
782,s_0886,inositol phosphomannosylinositol phosphoceramide D (C24),g
783,s_0887,inositol phosphomannosylinositol phosphoceramide D (C24),m
784,s_0888,inositol phosphomannosylinositol phosphoceramide D (C26),er
785,s_0889,inositol phosphomannosylinositol phosphoceramide D (C26),g
786,s_0890,inositol phosphomannosylinositol phosphoceramide D (C26),m
787,s_0892,inositol-P-ceramide backbone,g
788,s_0894,inositol-P-ceramide A (C24),er
789,s_0895,inositol-P-ceramide A (C24),g
790,s_0896,inositol-P-ceramide A (C24),m
791,s_0897,inositol-P-ceramide A (C26),er
792,s_0898,inositol-P-ceramide A (C26),g
793,s_0899,inositol-P-ceramide A (C26),m
794,s_0900,inositol-P-ceramide B (C24),er
795,s_0901,inositol-P-ceramide B (C24),g
796,s_0902,inositol-P-ceramide B (C24),m
797,s_0903,inositol-P-ceramide B (C26),er
798,s_0904,inositol-P-ceramide B (C26),g
799,s_0905,inositol-P-ceramide B (C26),m
800,s_0906,inositol-P-ceramide B' (C24),er
801,s_0907,inositol-P-ceramide B' (C24),g
802,s_0908,inositol-P-ceramide B' (C24),m
803,s_0909,inositol-P-ceramide B' (C26),er
804,s_0910,inositol-P-ceramide B' (C26),g
805,s_0911,inositol-P-ceramide B' (C26),m
806,s_0912,inositol-P-ceramide C (C24),er
807,s_0913,inositol-P-ceramide C (C24),g
808,s_0914,inositol-P-ceramide C (C24),m
809,s_0915,inositol-P-ceramide C (C26),er
810,s_0916,inositol-P-ceramide C (C26),g
811,s_0917,inositol-P-ceramide C (C26),m
812,s_0918,inositol-P-ceramide D (C24),er
813,s_0919,inositol-P-ceramide D (C24),g
814,s_0920,inositol-P-ceramide D (C24),m
815,s_0921,inositol-P-ceramide D (C26),er
816,s_0922,inositol-P-ceramide D (C26),g
817,s_0923,inositol-P-ceramide D (C26),m
818,s_0924,iron(2+),c
819,s_0925,iron(2+),e
820,s_0926,iron(2+),m
821,s_0927,isoamyl acetate,c
822,s_0928,isoamyl acetate,e
823,s_0929,isoamylol,c
824,s_0930,isoamylol,e
825,s_0931,isoamylol,m
826,s_0932,isobutanol,c
827,s_0933,isobutanol,e
828,s_0934,isobutanol,m
829,s_0935,isobutyl acetate,c
830,s_0936,isobutyl acetate,e
831,s_0937,isobutyraldehyde,c
832,s_0938,isobutyraldehyde,e
833,s_0939,isobutyraldehyde,m
834,s_0940,isocitrate,c
835,s_0941,isocitrate,m
836,s_0942,isocitrate,p
837,s_0943,isopentenyl diphosphate,c
838,s_0944,isopentenyl diphosphate,lp
839,s_0945,isopentenyl diphosphate,m
840,s_0946,itaconate,m
841,s_0949,itaconyl-CoA,m
842,s_0950,ITP,c
843,s_0951,keto-phenylpyruvate,c
844,s_0952,L-2-amino-3-oxobutanoate,c
845,s_0953,L-2-aminoadipate,c
846,s_0954,L-4-hydroxyglutamic semialdehyde,m
847,s_0955,L-alanine,c
848,s_0956,L-alanine,e
849,s_0957,L-alanine,m
850,s_0958,L-allothreonine,c
851,s_0959,L-allysine,c
852,s_0960,L-alpha-formylglycine,c
853,s_0961,L-arabinitol,c
854,s_0962,L-arabinitol,e
855,s_0963,L-arabinose,c
856,s_0964,L-arabinose,e
857,s_0965,L-arginine,c
858,s_0966,L-arginine,e
859,s_0967,L-arginine,m
860,s_0968,L-arginine,v
861,s_0969,L-asparagine,c
862,s_0970,L-asparagine,e
863,s_0971,L-asparagine,m
864,s_0972,L-asparagine,v
865,s_0973,L-aspartate,c
866,s_0974,L-aspartate,e
867,s_0975,L-aspartate,m
868,s_0976,L-aspartate,p
869,s_0977,L-aspartate,v
870,s_0978,L-aspartate 4-semialdehyde,c
871,s_0979,L-citrulline,c
872,s_0980,L-cystathionine,c
873,s_0981,L-cysteine,c
874,s_0982,L-cysteine,e
875,s_0983,L-cysteinylglycine,c
876,s_0984,L-cystine,c
877,s_0985,L-cystine,v
878,s_0986,L-gamma-glutamyl phosphate,c
879,s_0987,L-gamma-glutamyl-L-alanine,c
880,s_0988,L-gamma-glutamyl-L-cysteine,c
881,s_0989,L-glucitol,c
882,s_0990,L-glucitol,e
883,s_0991,L-glutamate,c
884,s_0992,L-glutamate,e
885,s_0993,L-glutamate,m
886,s_0994,L-glutamate,n
887,s_0995,L-glutamate,p
888,s_0996,L-glutamate,v
889,s_0997,L-glutamic 5-semialdehyde,c
890,s_0999,L-glutamine,c
891,s_1000,L-glutamine,e
892,s_1001,L-glutamine,n
893,s_1002,L-glutamine,v
894,s_1003,L-glycine,c
895,s_1004,L-glycine,e
896,s_1005,L-glycine,m
897,s_1006,L-histidine,c
898,s_1007,L-histidine,e
899,s_1008,L-histidine,m
900,s_1009,L-histidine,v
901,s_1010,L-histidinol,c
902,s_1011,L-histidinol phosphate,c
903,s_1012,L-homocysteine,c
904,s_1014,L-homoserine,c
905,s_1015,L-homoserine,e
906,s_1016,L-isoleucine,c
907,s_1017,L-isoleucine,e
908,s_1018,L-isoleucine,m
909,s_1019,L-isoleucine,v
910,s_1020,L-kynurenine,c
911,s_1021,L-leucine,c
912,s_1022,L-leucine,e
913,s_1023,L-leucine,m
914,s_1024,L-leucine,v
915,s_1025,L-lysine,c
916,s_1026,L-lysine,e
917,s_1027,L-lysine,m
918,s_1028,L-lysine,v
919,s_1029,L-methionine,c
920,s_1030,L-methionine,e
921,s_1031,L-methionine,m
922,s_1032,L-phenylalanine,c
923,s_1033,L-phenylalanine,e
924,s_1034,L-phenylalanine,m
925,s_1035,L-proline,c
926,s_1036,L-proline,e
927,s_1037,L-proline,m
928,s_1038,L-saccharopine,c
929,s_1039,L-serine,c
930,s_1040,L-serine,er
931,s_1041,L-serine,e
932,s_1042,L-serine,m
933,s_1043,L-sorbose,c
934,s_1044,L-sorbose,e
935,s_1045,L-threonine,c
936,s_1046,L-threonine,e
937,s_1047,L-threonine,m
938,s_1048,L-tryptophan,c
939,s_1049,L-tryptophan,e
940,s_1050,L-tryptophan,m
941,s_1051,L-tyrosine,c
942,s_1052,L-tyrosine,e
943,s_1053,L-tyrosine,m
944,s_1054,L-tyrosine,p
945,s_1055,L-tyrosine,v
946,s_1056,L-valine,c
947,s_1057,L-valine,e
948,s_1058,L-valine,m
949,s_1059,lanosterol,c
950,s_1061,lanosterol,e
951,s_1065,laurate,c
952,s_1067,laurate,e
953,s_1070,laurate,p
954,s_1073,lauroyl-CoA,c
955,s_1076,lauroyl-CoA,p
956,s_1077,Leu-tRNA(Leu),c
957,s_1078,Leu-tRNA(Leu),m
958,s_1079,leukotriene A4,c
959,s_1080,leukotriene A4,n
960,s_1081,leukotriene B4,c
961,s_1082,leukotriene B4,n
962,s_1085,lignoceric acid,er
963,s_1096,lipid,c
964,s_1097,lipoamide,m
965,s_1098,lipoylprotein,m
966,s_1099,Lys-tRNA(Lys),c
967,s_1100,Lys-tRNA(Lys),m
968,s_1101,malonyl-CoA,c
969,s_1104,malonyl-CoA,m
970,s_1105,maltose,c
971,s_1106,maltose,e
972,s_1107,mannan,c
973,s_1108,mannan,er
974,s_1109,mannose-(1D-myo-inositol 1-phosphate)2,er
975,s_1110,mannose-(1D-myo-inositol 1-phosphate)2,m
976,s_1111,mannose-1D-myo-inositol 1-phosphate,er
977,s_1112,mannose-1D-myo-inositol 1-phosphate,m
978,s_1114,mannosylinositol phosphorylceramide backbone,g
979,s_1116,mannosylinositol phosphorylceramide A (C24),er
980,s_1117,mannosylinositol phosphorylceramide A (C24),g
981,s_1118,mannosylinositol phosphorylceramide A (C24),m
982,s_1119,mannosylinositol phosphorylceramide A (C26),er
983,s_1120,mannosylinositol phosphorylceramide A (C26),g
984,s_1121,mannosylinositol phosphorylceramide A (C26),m
985,s_1122,mannosylinositol phosphorylceramide B (C24),er
986,s_1123,mannosylinositol phosphorylceramide B (C24),g
987,s_1124,mannosylinositol phosphorylceramide B (C24),m
988,s_1125,mannosylinositol phosphorylceramide B (C26),er
989,s_1126,mannosylinositol phosphorylceramide B (C26),g
990,s_1127,mannosylinositol phosphorylceramide B (C26),m
991,s_1128,mannosylinositol phosphorylceramide B' (C24),er
992,s_1129,mannosylinositol phosphorylceramide B' (C24),g
993,s_1130,mannosylinositol phosphorylceramide B' (C24),m
994,s_1131,mannosylinositol phosphorylceramide B' (C26),er
995,s_1132,mannosylinositol phosphorylceramide B' (C26),g
996,s_1133,mannosylinositol phosphorylceramide B' (C26),m
997,s_1134,mannosylinositol phosphorylceramide C (C24),er
998,s_1135,mannosylinositol phosphorylceramide C (C24),g
999,s_1136,mannosylinositol phosphorylceramide C (C24),m
1000,s_1137,mannosylinositol phosphorylceramide C (C26),er
1001,s_1138,mannosylinositol phosphorylceramide C (C26),g
1002,s_1139,mannosylinositol phosphorylceramide C (C26),m
1003,s_1140,mannosylinositol phosphorylceramide D (C24),er
1004,s_1141,mannosylinositol phosphorylceramide D (C24),g
1005,s_1142,mannosylinositol phosphorylceramide D (C24),m
1006,s_1143,mannosylinositol phosphorylceramide D (C26),er
1007,s_1144,mannosylinositol phosphorylceramide D (C26),g
1008,s_1145,mannosylinositol phosphorylceramide D (C26),m
1009,s_1148,Met-tRNA(Met),c
1010,s_1149,Met-tRNA(Met),m
1011,s_1150,methanethiol,c
1012,s_1151,methylglyoxal,c
1013,s_1153,myo-inositol,c
1014,s_1154,myo-inositol,e
1015,s_1156,"myo-inositol 1,3,4,5,6-pentakisphosphate",c
1016,s_1157,"myo-inositol 1,3,4,5,6-pentakisphosphate",n
1017,s_1158,myo-inositol hexakisphosphate,c
1018,s_1159,myo-inositol hexakisphosphate,n
1019,s_1161,myristate,c
1020,s_1163,myristate,e
1021,s_1166,myristate,p
1022,s_1176,myristoyl-CoA,c
1023,s_1179,myristoyl-CoA,p
1024,s_1180,N(1)-acetylspermidine,c
1025,s_1181,N(1)-acetylspermine,c
1026,s_1182,N(2)-acetyl-L-ornithine,m
1027,s_1183,N(pros)-methyl-L-histidine,c
1028,s_1184,"N,N'-diacetylchitobiosyldiphosphodolichol",c
1029,s_1185,"N,N'-diformyldityrosine",c
1030,s_1186,"N,N'-diformyldityrosine",e
1031,s_1187,N-(5-phospho-beta-D-ribosyl)anthranilate,c
1032,s_1188,N-[(R)-4-phosphonopantothenoyl]-L-cysteine,c
1033,s_1189,N-acetyl-alpha-D-glucosamine 1-phosphate,c
1034,s_1190,N-acetyl-D-glucosamine 6-phosphate,c
1035,s_1191,N-acetyl-L-gamma-glutamyl phosphate,m
1036,s_1192,N-acetyl-L-glutamate,m
1037,s_1193,N-acetylputrescine,c
1038,s_1194,N-carbamoyl-L-aspartate,c
1039,s_1195,N-formyl-L-kynurenine,c
1040,s_1196,N-formyl-L-tyrosine,c
1041,s_1198,NAD,c
1042,s_1199,NAD,er
1043,s_1200,NAD,m
1044,s_1201,NAD,n
1045,s_1202,NAD,p
1046,s_1203,NADH,c
1047,s_1204,NADH,er
1048,s_1205,NADH,m
1049,s_1206,NADH,p
1050,s_1207,NADP(+),c
1051,s_1208,NADP(+),er
1052,s_1210,NADP(+),m
1053,s_1211,NADP(+),p
1054,s_1212,NADPH,c
1055,s_1213,NADPH,er
1056,s_1214,NADPH,m
1057,s_1215,NADPH,p
1058,s_1216,nicotinamide,c
1059,s_1217,nicotinamide,n
1060,s_1218,nicotinamide riboside,c
1061,s_1219,nicotinate,c
1062,s_1220,nicotinate,e
1063,s_1221,nicotinate,m
1064,s_1222,nicotinic acid D-ribonucleotide,c
1065,s_1223,nicotinic acid D-ribonucleotide,m
1066,s_1224,NMN,c
1067,s_1225,NMN,e
1068,s_1227,NMN,n
1069,s_1228,NMN,p
1070,s_1229,nonadecaprenyl diphosphate,lp
1071,s_1230,nonaprenyl 4-hydroxybenzoate,c
1072,s_1231,nonaprenyl diphosphate,c
1073,s_1232,nonaprenyl diphosphate,lp
1074,s_1233,O-acetyl-L-homoserine,c
1075,s_1234,O-acetyl-L-serine,c
1076,s_1235,O-acetylcarnitine,c
1077,s_1236,O-acetylcarnitine,m
1078,s_1237,O-acetylcarnitine,p
1079,s_1238,O-phospho-L-homoserine,c
1080,s_1239,O-phosphoethanolamine,c
1081,s_1240,O-phosphoethanolamine,er
1082,s_1241,O-succinyl-L-homoserine,c
1083,s_1246,octadecaprenyl diphosphate,lp
1084,s_1248,octanoate,c
1085,s_1250,octanoate,e
1086,s_1253,octanoate,p
1087,s_1254,octanoyl-ACP,m
1088,s_1258,octanoyl-CoA,p
1089,s_1259,octaprenyl diphosphate,lp
1090,s_1260,oleate,c
1091,s_1262,oleoyl-CoA,c
1092,s_1265,oleoyl-CoA,p
1093,s_1266,ornithine,c
1094,s_1267,ornithine,e
1095,s_1268,ornithine,m
1096,s_1269,orotate,c
1097,s_1270,orotidine 5'-(dihydrogen phosphate),c
1098,s_1271,oxaloacetate,c
1099,s_1272,oxaloacetate,e
1100,s_1273,oxaloacetate,m
1101,s_1274,oxaloacetate,p
1102,s_1275,oxygen,c
1103,s_1276,oxygen,er
1104,s_1277,oxygen,e
1105,s_1278,oxygen,m
1106,s_1279,oxygen,p
1107,s_1282,"P(1),P(4)-bis(5'-adenosyl) tetraphosphate",c
1108,s_1283,"P(1),P(4)-bis(5'-guanosyl) tetraphosphate",c
1109,s_1284,"P1-(5'-adenosyl),P4-(5'-guanosyl) tetraphosphate",c
1110,s_1286,palmitate,c
1111,s_1288,palmitate,e
1112,s_1291,palmitate,p
1113,s_1293,palmitoleate,c
1114,s_1295,palmitoleate,e
1115,s_1298,palmitoleate,p
1116,s_1302,palmitoyl-CoA,c
1117,s_1303,palmitoyl-CoA,er
1118,s_1305,palmitoyl-CoA,p
1119,s_1307,pantetheine 4'-phosphate,c
1120,s_1308,pantetheine 4'-phosphate,m
1121,s_1309,pectin,e
1122,s_1310,pentadecaprenyl diphosphate,lp
1123,s_1311,pentaprenyl diphosphate,c
1124,s_1312,pentaprenyl diphosphate,lp
1125,s_1313,pentaprenyl diphosphate,m
1126,s_1314,Phe-tRNA(Phe),c
1127,s_1315,Phe-tRNA(Phe),m
1128,s_1316,phenethyl acetate,c
1129,s_1317,phenethyl acetate,e
1130,s_1318,phenylacetaldehyde,c
1131,s_1319,phenylacetaldehyde,e
1132,s_1320,phenylacetaldehyde,m
1133,s_1321,phenylacetic acid,c
1134,s_1322,phosphate,c
1135,s_1323,phosphate,er
1136,s_1324,phosphate,e
1137,s_1325,phosphate,g
1138,s_1326,phosphate,m
1139,s_1329,phosphate,v
1140,s_1337,phosphatidyl-L-serine backbone,c
1141,s_1346,phosphatidylcholine backbone,c
1142,s_1351,phosphatidylethanolamine backbone,c
1143,s_1352,phosphatidylethanolamine backbone,er
1144,s_1360,phosphoenolpyruvate,c
1145,s_1361,phosphoenolpyruvate,m
1146,s_1364,phosphoribosyl-carboxy-aminoimidazole,c
1147,s_1365,phosphoribosyl-formamido-carboxamide,c
1148,s_1366,phytosphingosine,er
1149,s_1367,phytosphingosine 1-phosphate,er
1150,s_1368,pimeloyl-CoA,c
1151,s_1371,polysulphur,c
1152,s_1372,porphobilinogen,c
1153,s_1373,potassium,c
1154,s_1374,potassium,e
1155,s_1375,precorrin-2,c
1156,s_1376,prenyl diphosphate(3-),c
1157,s_1377,prephenate,c
1158,s_1378,preuroporphyrinogen,c
1159,s_1379,Pro-tRNA(Pro),c
1160,s_1382,propionyl-CoA,m
1161,s_1383,protoporphyrin,m
1162,s_1384,protoporphyrinogen,c
1163,s_1385,protoporphyrinogen,m
1164,s_1386,PRPP,c
1165,s_1387,PRPP,m
1166,s_1388,pseudouridine 5'-phosphate,c
1167,s_1389,putrescine,c
1168,s_1390,putrescine,e
1169,s_1391,putrescine,v
1170,s_1392,pyridoxal,c
1171,s_1393,pyridoxal 5'-phosphate,c
1172,s_1394,pyridoxamine,c
1173,s_1395,pyridoxamine 5'-phosphate,c
1174,s_1396,pyridoxine,c
1175,s_1397,pyridoxine,e
1176,s_1398,pyridoxine 5'-phosphate,c
1177,s_1399,pyruvate,c
1178,s_1400,pyruvate,e
1179,s_1401,pyruvate,m
1180,s_1403,quinolinate,c
1181,s_1404,quinolinate,m
1182,s_1405,riboflavin,c
1183,s_1406,riboflavin,e
1184,s_1407,riboflavin,m
1185,s_1408,ribose-5-phosphate,c
1186,s_1409,S(8)-aminomethyldihydrolipoamide,m
1187,s_1410,S(8)-aminomethyldihydrolipoylprotein,m
1188,s_1411,S(8)-succinyldihydrolipoamide,m
1189,s_1412,S-adenosyl-4-methylthio-2-oxobutanoate,c
1190,s_1413,S-adenosyl-L-homocysteine,c
1191,s_1415,S-adenosyl-L-homocysteine,m
1192,s_1416,S-adenosyl-L-methionine,c
1193,s_1418,S-adenosyl-L-methionine,e
1194,s_1419,S-adenosyl-L-methionine,m
1195,s_1420,S-adenosylmethioninamine,c
1196,s_1421,S-formylglutathione,c
1197,s_1422,S-methyl-5-thio-alpha-D-ribose 1-phosphate,c
1198,s_1423,S-methyl-5-thio-D-ribulose 1-phosphate,c
1199,s_1424,S-methyl-L-methionine,c
1200,s_1425,S-methyl-L-methionine,e
1201,s_1426,"sedoheptulose 1,7-bisphosphate",c
1202,s_1427,sedoheptulose 7-phosphate,c
1203,s_1428,Ser-tRNA(Ser),c
1204,s_1429,shikimate,c
1205,s_1430,siroheme,c
1206,s_1431,sirohydrochlorin,c
1207,s_1432,sn-glycero-3-phosphocholine,ce
1208,s_1433,sn-glycero-3-phosphocholine,c
1209,s_1435,sn-glycero-3-phosphocholine,e
1210,s_1437,sodium,c
1211,s_1438,sodium,e
1212,s_1439,spermidine,c
1213,s_1440,spermidine,e
1214,s_1441,spermidine,v
1215,s_1442,spermine,c
1216,s_1443,spermine,e
1217,s_1444,spermine,v
1218,s_1445,sphinganine,er
1219,s_1446,sphinganine 1-phosphate,er
1220,s_1447,squalene,c
1221,s_1448,squalene,er
1222,s_1449,stearate,c
1223,s_1450,stearate,e
1224,s_1451,stearate,p
1225,s_1454,stearoyl-CoA,c
1226,s_1457,stearoyl-CoA,p
1227,s_1458,succinate,c
1228,s_1459,succinate,e
1229,s_1460,succinate,m
1230,s_1461,succinic semialdehyde,c
1231,s_1464,succinyl-CoA,m
1232,s_1466,sucrose,e
1233,s_1467,sulphate,c
1234,s_1468,sulphate,e
1235,s_1469,sulphite,c
1236,s_1470,sulphite,e
1237,s_1471,taurine,c
1238,s_1472,taurine,e
1239,s_1473,taurocholic acid,c
1240,s_1474,taurocholic acid,v
1241,s_1475,TDP,c
1242,s_1476,TDP,e
1243,s_1477,TDP,m
1244,s_1479,tetracosanoyl-CoA,c
1245,s_1480,tetracosanoyl-CoA,er
1246,s_1482,tetracosanoyl-CoA,p
1247,s_1483,tetradecaprenyl diphosphate,lp
1248,s_1486,tetrahydropteroyltri-L-glutamic acid,c
1249,s_1487,THF,c
1250,s_1488,THF,m
1251,s_1489,thiamine,c
1252,s_1490,thiamine,e
1253,s_1491,Thr-tRNA(Thr),c
1254,s_1492,Thr-tRNA(Thr),m
1255,s_1493,thymidine,c
1256,s_1494,thymidine,e
1257,s_1497,TMP,c
1258,s_1498,TMP,e
1259,s_1503,trans-aconitate,c
1260,s_1504,trans-aconitate,m
1261,s_1507,trans-dec-2-enoyl-CoA,p
1262,s_1510,trans-dodec-2-enoyl-CoA,p
1263,s_1513,trans-hexacos-2-enoyl-CoA,p
1264,s_1516,trans-octadec-2-enoyl-CoA,p
1265,s_1519,trans-tetradec-2-enoyl-CoA,p
1266,s_1520,trehalose,c
1267,s_1521,trehalose,e
1268,s_1522,trehalose,v
1269,s_1523,tridecaprenyl diphosphate,lp
1270,s_1524,triglyceride backbone,c
1271,s_1526,trimethylenediamine,c
1272,s_1527,Trp-tRNA(Trp),c
1273,s_1528,Trp-tRNA(Trp),m
1274,s_1529,tryptophol,c
1275,s_1530,tryptophol,e
1276,s_1531,tryptophol,m
1277,s_1532,thiamine(1+) triphosphate(4-),c
1278,s_1533,Tyr-tRNA(Tyr),c
1279,s_1534,Tyr-tRNA(Tyr),m
1280,s_1535,ubiquinol-6,m
1281,s_1537,ubiquinone-6,m
1282,s_1538,UDP,c
1283,s_1539,UDP,g
1284,s_1540,UDP,n
1285,s_1541,UDP-D-galactose,c
1286,s_1542,UDP-D-galactose,g
1287,s_1543,UDP-D-glucose,c
1288,s_1544,UDP-N-acetyl-alpha-D-glucosamine,c
1289,s_1545,UMP,c
1290,s_1546,UMP,g
1291,s_1547,UMP,m
1292,s_1548,UMP,n
1293,s_1549,undecaprenyl diphosphate,lp
1294,s_1550,uracil,c
1295,s_1551,uracil,e
1296,s_1552,urea,c
1297,s_1553,urea,e
1298,s_1554,urea-1-carboxylic acid,c
1299,s_1555,ureidoglycolic acid,c
1300,s_1556,uridine,c
1301,s_1557,uridine,e
1302,s_1558,uroporphyrinogen III,c
1303,s_1559,UTP,c
1304,s_1560,UTP,m
1305,s_1561,Val-tRNA(Val),c
1306,s_1562,Val-tRNA(Val),m
1307,s_1563,xanthosine,c
1308,s_1564,xanthosine,e
1309,s_1565,xanthosine-5-phosphate,c
1310,s_1566,xylitol,c
1311,s_1567,xylitol,e
1312,s_1568,zymosterol,ce
1313,s_1569,zymosterol,c
1314,s_1571,zymosterol,e
1315,s_1572,zymosterol,lp
1316,s_1576,zymosterol intermediate 1a,c
1317,s_1577,zymosterol intermediate 1b,c
1318,s_1578,zymosterol intermediate 1c,c
1319,s_1579,zymosterol intermediate 2,c
1320,s_1582,tRNA(Ala),c
1321,s_1583,tRNA(Arg),c
1322,s_1584,tRNA(Arg),m
1323,s_1585,tRNA(Asn),c
1324,s_1586,tRNA(Asn),m
1325,s_1587,tRNA(Asp),c
1326,s_1588,tRNA(Asp),m
1327,s_1589,tRNA(Cys),c
1328,s_1590,tRNA(Gln),c
1329,s_1591,tRNA(Glu),c
1330,s_1592,tRNA(Glu),m
1331,s_1593,tRNA(Gly),c
1332,s_1594,tRNA(His),c
1333,s_1595,tRNA(His),m
1334,s_1596,tRNA(Ile),c
1335,s_1597,tRNA(Ile),m
1336,s_1598,tRNA(Leu),c
1337,s_1599,tRNA(Leu),m
1338,s_1600,tRNA(Lys),c
1339,s_1601,tRNA(Lys),m
1340,s_1602,tRNA(Met),c
1341,s_1603,tRNA(Met),m
1342,s_1604,tRNA(Phe),c
1343,s_1605,tRNA(Phe),m
1344,s_1606,tRNA(Pro),c
1345,s_1607,tRNA(Ser),c
1346,s_1608,tRNA(Thr),c
1347,s_1609,tRNA(Thr),m
1348,s_1610,tRNA(Trp),c
1349,s_1611,tRNA(Trp),m
1350,s_1612,tRNA(Tyr),c
1351,s_1613,tRNA(Tyr),m
1352,s_1614,tRNA(Val),c
1353,s_1615,tRNA(Val),m
1354,s_1616,TRX1,c
1355,s_1617,TRX1,m
1356,s_1618,TRX1,n
1357,s_1619,TRX1,p
1358,s_1620,TRX1 disulphide,c
1359,s_1621,TRX1 disulphide,m
1360,s_1622,TRX1 disulphide,n
1361,s_1623,TRX1 disulphide,p
1362,s_1845,ACP1,m
1363,s_2763,kynurenic acid,c
1364,s_2764,quinaldic acid,c
1365,s_2766,14-demethyllanosterol,e
1366,s_2768,"ergosta-5,7,22,24(28)-tetraen-3beta-ol",e
1367,s_2770,acetoacetyl-ACP,m
1368,s_2771,butanoyl-ACP,m
1369,s_2772,3-oxo-hexanoyl-ACP,m
1370,s_2773,hexanoyl-ACP,m
1371,s_2774,3-oxo-octanoyl-ACP,m
1372,s_2775,3-hydroxybutanoyl-ACP,m
1373,s_2776,3-hydroxyhexanoyl-ACP,m
1374,s_2777,3-hydroxyoctanoyl-ACP,m
1375,s_2778,trans-but-2-enoyl-ACP,m
1376,s_2779,trans-hex-2-enoyl-ACP,m
1377,s_2780,trans-oct-2-enoyl-ACP,m
1378,s_2781,lauroyl-CoA,erm
1379,s_2782,malonyl-CoA,erm
1380,s_2783,H+,erm
1381,s_2784,carbon dioxide,erm
1382,s_2785,coenzyme A,erm
1383,s_2786,3-oxotetradecanoyl-CoA,erm
1384,s_2787,myristoyl-CoA,erm
1385,s_2788,3-oxopalmitoyl-CoA,erm
1386,s_2789,palmitoyl-CoA,erm
1387,s_2790,3-oxooctadecanoyl-CoA,erm
1388,s_2791,stearoyl-CoA,erm
1389,s_2792,3-oxoicosanoyl-CoA,erm
1390,s_2793,icosanoyl-CoA,erm
1391,s_2794,3-oxodocosanoyl-CoA,erm
1392,s_2795,docosanoyl-CoA,erm
1393,s_2796,3-oxotetracosanoyl-CoA,erm
1394,s_2797,tetracosanoyl-CoA,erm
1395,s_2798,3-oxohexacosanoyl-CoA,erm
1396,s_2799,NADPH,erm
1397,s_2800,NADP(+),erm
1398,s_2801,(S)-3-hydroxytetradecanoyl-CoA,erm
1399,s_2802,(S)-3-hydroxypalmitoyl-CoA,erm
1400,s_2803,3-hydroxyoctadecanoyl-CoA,erm
1401,s_2804,3-hydroxyicosanoyl-CoA,erm
1402,s_2805,3-hydroxydocosanoyl-CoA,erm
1403,s_2806,3-hydroxytetracosanoyl-CoA,erm
1404,s_2807,(S)-3-hydroxyhexacosanoyl-CoA,erm
1405,s_2808,H2O,erm
1406,s_2809,trans-tetradec-2-enoyl-CoA,erm
1407,s_2810,trans-hexadec-2-enoyl-CoA,erm
1408,s_2811,trans-octadec-2-enoyl-CoA,erm
1409,s_2812,trans-icos-2-enoyl-CoA,erm
1410,s_2813,trans-docos-2-enoyl-CoA,erm
1411,s_2814,trans-tetracos-2-enoyl-CoA,erm
1412,s_2815,trans-hexacos-2-enoyl-CoA,erm
1413,s_2816,hexacosanoyl-CoA,erm
1414,s_2817,oxygen,erm
1415,s_2818,NADH,erm
1416,s_2819,palmitoleoyl-CoA(4-),erm
1417,s_2820,NAD,erm
1418,s_2821,oleoyl-CoA,erm
1419,s_2822,butyrate,e
1420,s_2824,hexanoate,e
1421,s_2826,oleate,e
1422,s_2828,butyrate,c
1423,s_2829,hexanoate,c
1424,s_2831,ATP,erm
1425,s_2832,laurate,erm
1426,s_2833,AMP,erm
1427,s_2834,diphosphate,erm
1428,s_2835,myristate,erm
1429,s_2836,palmitate,erm
1430,s_2837,palmitoleate,erm
1431,s_2838,stearate,erm
1432,s_2839,oleate,erm
1433,s_2840,ATP,lp
1434,s_2841,laurate,lp
1435,s_2842,AMP,lp
1436,s_2843,lauroyl-CoA,lp
1437,s_2844,myristate,lp
1438,s_2845,myristoyl-CoA,lp
1439,s_2846,palmitate,lp
1440,s_2847,palmitoyl-CoA,lp
1441,s_2848,palmitoleate,lp
1442,s_2849,palmitoleoyl-CoA(4-),lp
1443,s_2850,stearate,lp
1444,s_2851,stearoyl-CoA,lp
1445,s_2852,oleate,lp
1446,s_2853,oleoyl-CoA,lp
1447,s_2854,palmitoleoyl-CoA(4-),p
1448,s_2855,oleate,p
1449,s_2856,ATP,ce
1450,s_2857,coenzyme A,ce
1451,s_2858,arachidate,ce
1452,s_2859,AMP,ce
1453,s_2860,diphosphate,ce
1454,s_2861,icosanoyl-CoA,ce
1455,s_2862,behenate,ce
1456,s_2863,docosanoyl-CoA,ce
1457,s_2864,lignoceric acid,ce
1458,s_2865,tetracosanoyl-CoA,ce
1459,s_2866,cerotic acid,ce
1460,s_2867,hexacosanoyl-CoA,ce
1461,s_2868,behenate,erm
1462,s_2869,lignoceric acid,erm
1463,s_2870,cerotic acid,erm
1464,s_2871,behenate,lp
1465,s_2872,docosanoyl-CoA,lp
1466,s_2873,lignoceric acid,lp
1467,s_2874,tetracosanoyl-CoA,lp
1468,s_2875,cerotic acid,lp
1469,s_2876,hexacosanoyl-CoA,lp
1470,s_2877,palmitoleoyl-CoA(4-),c
1471,s_2878,icosanoyl-CoA,c
1472,s_2879,icosanoyl-CoA,p
1473,s_2880,docosanoyl-CoA,c
1474,s_2881,docosanoyl-CoA,p
1475,s_2882,butyrate,p
1476,s_2883,hexanoate,p
1477,s_2884,butanoyl-CoA,p
1478,s_2885,hexanoyl-CoA,p
1479,s_2886,but-2-enoyl-CoA,p
1480,s_2887,trans-hex-2-enoyl-CoA,p
1481,s_2888,trans-oct-2-enoyl-CoA,p
1482,s_2889,trans-icos-2-enoyl-CoA,p
1483,s_2890,trans-docos-2-enoyl-CoA,p
1484,s_2891,trans-tetracos-2-enoyl-CoA,p
1485,s_2892,"trans-2,cis-9-hexadecadienoyl-CoA",p
1486,s_2893,cis-tetradec-7-enoyl-CoA,p
1487,s_2894,"trans-2,cis-7-tetradecadienoyl-CoA",p
1488,s_2895,cis-dodec-5-enoyl-CoA,p
1489,s_2896,"trans-2,cis-5-dodecadienoyl-CoA",p
1490,s_2897,"trans-2,cis-9-octadecadienoyl-CoA",p
1491,s_2898,cis-hexadec-7-enoyl-CoA,p
1492,s_2899,"trans-2,cis-7-hexadecadienoyl-CoA",p
1493,s_2900,cis-tetradec-5-enoyl-CoA,p
1494,s_2901,"trans-2,cis-5-tetradecadienoyl-CoA",p
1495,s_2902,(R)-3-hydroxybutanoyl-CoA,p
1496,s_2903,(R)-3-hydroxyhexanoyl-CoA,p
1497,s_2904,(R)-3-hydroxyoctanoyl-CoA,p
1498,s_2905,(R)-3-hydroxyicosanoyl-CoA,p
1499,s_2906,(R)-3-hydroxydocosanoyl-CoA,p
1500,s_2907,(R)-3-hydroxytetracosanoyl-CoA,p
1501,s_2908,(R)-3-hydroxy-cis-hexadec-9-enoyl-CoA,p
1502,s_2909,(R)-3-hydroxy-cis-tetradec-7-enoyl-CoA,p
1503,s_2910,(R)-3-hydroxy-cis-dodec-5-enoyl-CoA,p
1504,s_2911,(R)-3-hydroxy-cis-octadec-9-enoyl-CoA,p
1505,s_2912,(R)-3-hydroxy-cis-hexadec-7-enoyl-CoA,p
1506,s_2913,(R)-3-hydroxy-cis-tetradec-5-enoyl-CoA,p
1507,s_2914,acetoacetyl-CoA,p
1508,s_2915,3-oxohexanoyl-CoA,p
1509,s_2916,3-oxooctanoyl-CoA,p
1510,s_2917,3-oxoicosanoyl-CoA,p
1511,s_2918,3-oxodocosanoyl-CoA,p
1512,s_2919,3-oxotetracosanoyl-CoA,p
1513,s_2920,3-oxo-cis-hexadec-9-enoyl-CoA,p
1514,s_2921,3-oxo-cis-tetradec-7-enoyl-CoA,p
1515,s_2922,3-oxo-cis-dodec-5-enoyl-CoA,p
1516,s_2923,3-oxo-cis-octadec-9-enoyl-CoA,p
1517,s_2924,3-oxo-cis-hexadec-7-enoyl-CoA,p
1518,s_2925,3-oxo-cis-tetradec-5-enoyl-CoA,p
1519,s_2926,cis-dec-3-enoyl-CoA,p
1520,s_2927,cis-dodec-3-enoyl-CoA,p
1521,s_2928,"trans-3,cis-5-dodecadienoyl-CoA",p
1522,s_2929,trans-dodec-3-enoyl-CoA,p
1523,s_2930,"trans-3,cis-5-tetradecadienoyl-CoA",p
1524,s_2931,trans-tetradec-3-enoyl-CoA,p
1525,s_2932,"trans-2,trans-4-dodecadienoyl-CoA",p
1526,s_2933,"trans-2,trans-4-tetradecadienoyl-CoA",p
1527,s_2934,glycerol 3-phosphate,erm
1528,s_2935,1-acyl-sn-glycerol 3-phosphate (16:0),erm
1529,s_2936,1-acyl-sn-glycerol 3-phosphate (16:1),erm
1530,s_2937,1-acyl-sn-glycerol 3-phosphate (18:0),erm
1531,s_2938,1-acyl-sn-glycerol 3-phosphate (18:1),erm
1532,s_2939,dihydroxyacetone phosphate,erm
1533,s_2940,acylglycerone phosphate (16:0),erm
1534,s_2941,acylglycerone phosphate (16:1),erm
1535,s_2942,acylglycerone phosphate (18:0),erm
1536,s_2943,acylglycerone phosphate (18:1),erm
1537,s_2944,1-acyl-sn-glycerol 3-phosphate (16:0),lp
1538,s_2945,1-acyl-sn-glycerol 3-phosphate (16:1),lp
1539,s_2946,1-acyl-sn-glycerol 3-phosphate (18:0),lp
1540,s_2947,1-acyl-sn-glycerol 3-phosphate (18:1),lp
1541,s_2948,acylglycerone phosphate (16:0),lp
1542,s_2949,acylglycerone phosphate (16:1),lp
1543,s_2950,acylglycerone phosphate (18:0),lp
1544,s_2951,acylglycerone phosphate (18:1),lp
1545,s_2952,NADPH,lp
1546,s_2953,NADP(+),lp
1547,s_2954,"phosphatidate (1-16:0, 2-16:1)",erm
1548,s_2955,"phosphatidate (1-16:0, 2-18:1)",erm
1549,s_2956,"phosphatidate (1-16:1, 2-16:1)",erm
1550,s_2957,"phosphatidate (1-16:1, 2-18:1)",erm
1551,s_2958,"phosphatidate (1-18:0, 2-16:1)",erm
1552,s_2959,"phosphatidate (1-18:0, 2-18:1)",erm
1553,s_2960,"phosphatidate (1-18:1, 2-16:1)",erm
1554,s_2961,"phosphatidate (1-18:1, 2-18:1)",erm
1555,s_2962,"phosphatidate (1-16:0, 2-18:1)",lp
1556,s_2963,"phosphatidate (1-16:1, 2-18:1)",lp
1557,s_2964,"phosphatidate (1-18:0, 2-18:1)",lp
1558,s_2965,"phosphatidate (1-18:1, 2-18:1)",lp
1559,s_2966,phosphate,erm
1560,s_2967,"diglyceride (1-16:0, 2-16:1)",erm
1561,s_2968,"diglyceride (1-16:0, 2-18:1)",erm
1562,s_2969,"diglyceride (1-16:1, 2-16:1)",erm
1563,s_2970,"diglyceride (1-16:1, 2-18:1)",erm
1564,s_2971,"diglyceride (1-18:0, 2-16:1)",erm
1565,s_2972,"diglyceride (1-18:0, 2-18:1)",erm
1566,s_2973,"diglyceride (1-18:1, 2-16:1)",erm
1567,s_2974,"diglyceride (1-18:1, 2-18:1)",erm
1568,s_2975,"phosphatidate (1-16:0, 2-16:1)",vm
1569,s_2976,H2O,vm
1570,s_2977,phosphate,vm
1571,s_2978,"diglyceride (1-16:0, 2-16:1)",vm
1572,s_2979,"phosphatidate (1-16:0, 2-18:1)",vm
1573,s_2980,"diglyceride (1-16:0, 2-18:1)",vm
1574,s_2981,"phosphatidate (1-16:1, 2-16:1)",vm
1575,s_2982,"diglyceride (1-16:1, 2-16:1)",vm
1576,s_2983,"phosphatidate (1-16:1, 2-18:1)",vm
1577,s_2984,"diglyceride (1-16:1, 2-18:1)",vm
1578,s_2985,"phosphatidate (1-18:0, 2-16:1)",vm
1579,s_2986,"diglyceride (1-18:0, 2-16:1)",vm
1580,s_2987,"phosphatidate (1-18:0, 2-18:1)",vm
1581,s_2988,"diglyceride (1-18:0, 2-18:1)",vm
1582,s_2989,"phosphatidate (1-18:1, 2-16:1)",vm
1583,s_2990,"diglyceride (1-18:1, 2-16:1)",vm
1584,s_2991,"phosphatidate (1-18:1, 2-18:1)",vm
1585,s_2992,"diglyceride (1-18:1, 2-18:1)",vm
1586,s_2993,"phosphatidate (1-16:0, 2-16:1)",gm
1587,s_2994,H2O,gm
1588,s_2995,phosphate,gm
1589,s_2996,"diglyceride (1-16:0, 2-16:1)",gm
1590,s_2997,"phosphatidate (1-16:0, 2-18:1)",gm
1591,s_2998,"diglyceride (1-16:0, 2-18:1)",gm
1592,s_2999,"phosphatidate (1-16:1, 2-16:1)",gm
1593,s_3000,"diglyceride (1-16:1, 2-16:1)",gm
1594,s_3001,"phosphatidate (1-16:1, 2-18:1)",gm
1595,s_3002,"diglyceride (1-16:1, 2-18:1)",gm
1596,s_3003,"phosphatidate (1-18:0, 2-16:1)",gm
1597,s_3004,"diglyceride (1-18:0, 2-16:1)",gm
1598,s_3005,"phosphatidate (1-18:0, 2-18:1)",gm
1599,s_3006,"diglyceride (1-18:0, 2-18:1)",gm
1600,s_3007,"phosphatidate (1-18:1, 2-16:1)",gm
1601,s_3008,"diglyceride (1-18:1, 2-16:1)",gm
1602,s_3009,"phosphatidate (1-18:1, 2-18:1)",gm
1603,s_3010,"diglyceride (1-18:1, 2-18:1)",gm
1604,s_3011,"triglyceride (1-16:0, 2-16:1, 3-16:0)",erm
1605,s_3012,"triglyceride (1-16:0, 2-18:1, 3-16:0)",erm
1606,s_3013,"triglyceride (1-16:1, 2-16:1, 3-16:0)",erm
1607,s_3014,"triglyceride (1-16:1, 2-18:1, 3-16:0)",erm
1608,s_3015,"triglyceride (1-18:0, 2-16:1, 3-16:0)",erm
1609,s_3016,"triglyceride (1-18:0, 2-18:1, 3-16:0)",erm
1610,s_3017,"triglyceride (1-18:1, 2-16:1, 3-16:0)",erm
1611,s_3018,"triglyceride (1-18:1, 2-18:1, 3-16:0)",erm
1612,s_3019,"triglyceride (1-16:0, 2-16:1, 3-16:1)",erm
1613,s_3020,"triglyceride (1-16:0, 2-18:1, 3-16:1)",erm
1614,s_3021,"triglyceride (1-16:1, 2-16:1, 3-16:1)",erm
1615,s_3022,"triglyceride (1-16:1, 2-18:1, 3-16:1)",erm
1616,s_3023,"triglyceride (1-18:0, 2-16:1, 3-16:1)",erm
1617,s_3024,"triglyceride (1-18:0, 2-18:1, 3-16:1)",erm
1618,s_3025,"triglyceride (1-18:1, 2-16:1, 3-16:1)",erm
1619,s_3026,"triglyceride (1-18:1, 2-18:1, 3-16:1)",erm
1620,s_3027,"triglyceride (1-16:0, 2-16:1, 3-18:0)",erm
1621,s_3028,"triglyceride (1-16:0, 2-18:1, 3-18:0)",erm
1622,s_3029,"triglyceride (1-16:1, 2-16:1, 3-18:0)",erm
1623,s_3030,"triglyceride (1-16:1, 2-18:1, 3-18:0)",erm
1624,s_3031,"triglyceride (1-18:0, 2-16:1, 3-18:0)",erm
1625,s_3032,"triglyceride (1-18:0, 2-18:1, 3-18:0)",erm
1626,s_3033,"triglyceride (1-18:1, 2-16:1, 3-18:0)",erm
1627,s_3034,"triglyceride (1-18:1, 2-18:1, 3-18:0)",erm
1628,s_3035,"triglyceride (1-16:0, 2-16:1, 3-18:1)",erm
1629,s_3036,"triglyceride (1-16:0, 2-18:1, 3-18:1)",erm
1630,s_3037,"triglyceride (1-16:1, 2-16:1, 3-18:1)",erm
1631,s_3038,"triglyceride (1-16:1, 2-18:1, 3-18:1)",erm
1632,s_3039,"triglyceride (1-18:0, 2-16:1, 3-18:1)",erm
1633,s_3040,"triglyceride (1-18:0, 2-18:1, 3-18:1)",erm
1634,s_3041,"triglyceride (1-18:1, 2-16:1, 3-18:1)",erm
1635,s_3042,"triglyceride (1-18:1, 2-18:1, 3-18:1)",erm
1636,s_3043,"diglyceride (1-16:0, 2-16:1)",lp
1637,s_3044,"triglyceride (1-16:0, 2-16:1, 3-16:0)",lp
1638,s_3045,"diglyceride (1-16:0, 2-18:1)",lp
1639,s_3046,"triglyceride (1-16:0, 2-18:1, 3-16:0)",lp
1640,s_3047,"diglyceride (1-16:1, 2-16:1)",lp
1641,s_3048,"triglyceride (1-16:1, 2-16:1, 3-16:0)",lp
1642,s_3049,"diglyceride (1-16:1, 2-18:1)",lp
1643,s_3050,"triglyceride (1-16:1, 2-18:1, 3-16:0)",lp
1644,s_3051,"diglyceride (1-18:0, 2-16:1)",lp
1645,s_3052,"triglyceride (1-18:0, 2-16:1, 3-16:0)",lp
1646,s_3053,"diglyceride (1-18:0, 2-18:1)",lp
1647,s_3054,"triglyceride (1-18:0, 2-18:1, 3-16:0)",lp
1648,s_3055,"diglyceride (1-18:1, 2-16:1)",lp
1649,s_3056,"triglyceride (1-18:1, 2-16:1, 3-16:0)",lp
1650,s_3057,"diglyceride (1-18:1, 2-18:1)",lp
1651,s_3058,"triglyceride (1-18:1, 2-18:1, 3-16:0)",lp
1652,s_3059,"triglyceride (1-16:0, 2-16:1, 3-16:1)",lp
1653,s_3060,"triglyceride (1-16:0, 2-18:1, 3-16:1)",lp
1654,s_3061,"triglyceride (1-16:1, 2-16:1, 3-16:1)",lp
1655,s_3062,"triglyceride (1-16:1, 2-18:1, 3-16:1)",lp
1656,s_3063,"triglyceride (1-18:0, 2-16:1, 3-16:1)",lp
1657,s_3064,"triglyceride (1-18:0, 2-18:1, 3-16:1)",lp
1658,s_3065,"triglyceride (1-18:1, 2-16:1, 3-16:1)",lp
1659,s_3066,"triglyceride (1-18:1, 2-18:1, 3-16:1)",lp
1660,s_3067,"triglyceride (1-16:0, 2-16:1, 3-18:0)",lp
1661,s_3068,"triglyceride (1-16:0, 2-18:1, 3-18:0)",lp
1662,s_3069,"triglyceride (1-16:1, 2-16:1, 3-18:0)",lp
1663,s_3070,"triglyceride (1-16:1, 2-18:1, 3-18:0)",lp
1664,s_3071,"triglyceride (1-18:0, 2-16:1, 3-18:0)",lp
1665,s_3072,"triglyceride (1-18:0, 2-18:1, 3-18:0)",lp
1666,s_3073,"triglyceride (1-18:1, 2-16:1, 3-18:0)",lp
1667,s_3074,"triglyceride (1-18:1, 2-18:1, 3-18:0)",lp
1668,s_3075,"triglyceride (1-16:0, 2-16:1, 3-18:1)",lp
1669,s_3076,"triglyceride (1-16:0, 2-18:1, 3-18:1)",lp
1670,s_3077,"triglyceride (1-16:1, 2-16:1, 3-18:1)",lp
1671,s_3078,"triglyceride (1-16:1, 2-18:1, 3-18:1)",lp
1672,s_3079,"triglyceride (1-18:0, 2-16:1, 3-18:1)",lp
1673,s_3080,"triglyceride (1-18:0, 2-18:1, 3-18:1)",lp
1674,s_3081,"triglyceride (1-18:1, 2-16:1, 3-18:1)",lp
1675,s_3082,"triglyceride (1-18:1, 2-18:1, 3-18:1)",lp
1676,s_3083,CTP,erm
1677,s_3084,"CDP-diacylglycerol (1-16:0, 2-16:1)",erm
1678,s_3085,"CDP-diacylglycerol (1-16:1, 2-16:1)",erm
1679,s_3086,"CDP-diacylglycerol (1-18:0, 2-16:1)",erm
1680,s_3087,"CDP-diacylglycerol (1-18:1, 2-16:1)",erm
1681,s_3088,"CDP-diacylglycerol (1-16:0, 2-18:1)",erm
1682,s_3089,"CDP-diacylglycerol (1-16:1, 2-18:1)",erm
1683,s_3090,"CDP-diacylglycerol (1-18:0, 2-18:1)",erm
1684,s_3091,"CDP-diacylglycerol (1-18:1, 2-18:1)",erm
1685,s_3092,"phosphatidate (1-16:0, 2-16:1)",mm
1686,s_3093,CTP,mm
1687,s_3094,H+,mm
1688,s_3095,diphosphate,mm
1689,s_3096,"CDP-diacylglycerol (1-16:0, 2-16:1)",mm
1690,s_3097,"phosphatidate (1-16:1, 2-16:1)",mm
1691,s_3098,"CDP-diacylglycerol (1-16:1, 2-16:1)",mm
1692,s_3099,"phosphatidate (1-18:0, 2-16:1)",mm
1693,s_3100,"CDP-diacylglycerol (1-18:0, 2-16:1)",mm
1694,s_3101,"phosphatidate (1-18:1, 2-16:1)",mm
1695,s_3102,"CDP-diacylglycerol (1-18:1, 2-16:1)",mm
1696,s_3103,"phosphatidate (1-16:0, 2-18:1)",mm
1697,s_3104,"CDP-diacylglycerol (1-16:0, 2-18:1)",mm
1698,s_3105,"phosphatidate (1-16:1, 2-18:1)",mm
1699,s_3106,"CDP-diacylglycerol (1-16:1, 2-18:1)",mm
1700,s_3107,L-serine,erm
1701,s_3108,CMP,erm
1702,s_3109,"phosphatidyl-L-serine (1-16:0, 2-16:1)",erm
1703,s_3110,"phosphatidyl-L-serine (1-16:1, 2-16:1)",erm
1704,s_3111,"phosphatidyl-L-serine (1-18:0, 2-16:1)",erm
1705,s_3112,"phosphatidyl-L-serine (1-18:1, 2-16:1)",erm
1706,s_3113,"phosphatidyl-L-serine (1-16:0, 2-18:1)",erm
1707,s_3114,"phosphatidyl-L-serine (1-16:1, 2-18:1)",erm
1708,s_3115,"phosphatidyl-L-serine (1-18:0, 2-18:1)",erm
1709,s_3116,"phosphatidyl-L-serine (1-18:1, 2-18:1)",erm
1710,s_3117,myo-inositol,erm
1711,s_3118,"1-phosphatidyl-1D-myo-inositol (1-16:0, 2-16:1)",erm
1712,s_3119,"1-phosphatidyl-1D-myo-inositol (1-16:1, 2-16:1)",erm
1713,s_3120,"1-phosphatidyl-1D-myo-inositol (1-18:0, 2-16:1)",erm
1714,s_3121,"1-phosphatidyl-1D-myo-inositol (1-18:1, 2-16:1)",erm
1715,s_3122,"1-phosphatidyl-1D-myo-inositol (1-16:0, 2-18:1)",erm
1716,s_3123,"1-phosphatidyl-1D-myo-inositol (1-16:1, 2-18:1)",erm
1717,s_3124,"1-phosphatidyl-1D-myo-inositol (1-18:0, 2-18:1)",erm
1718,s_3125,"1-phosphatidyl-1D-myo-inositol (1-18:1, 2-18:1)",erm
1719,s_3126,sn-2-acyl-1-lysophosphatidylinositol (16:1),erm
1720,s_3127,sn-2-acyl-1-lysophosphatidylinositol (18:1),erm
1721,s_3128,"phosphatidyl-L-serine (1-16:0, 2-16:1)",mm
1722,s_3129,carbon dioxide,mm
1723,s_3130,"phosphatidylethanolamine (1-16:0, 2-16:1)",mm
1724,s_3131,"phosphatidyl-L-serine (1-16:1, 2-16:1)",mm
1725,s_3132,"phosphatidylethanolamine (1-16:1, 2-16:1)",mm
1726,s_3133,"phosphatidyl-L-serine (1-18:0, 2-16:1)",mm
1727,s_3134,"phosphatidylethanolamine (1-18:0, 2-16:1)",mm
1728,s_3135,"phosphatidyl-L-serine (1-18:1, 2-16:1)",mm
1729,s_3136,"phosphatidylethanolamine (1-18:1, 2-16:1)",mm
1730,s_3137,"phosphatidyl-L-serine (1-16:0, 2-18:1)",mm
1731,s_3138,"phosphatidylethanolamine (1-16:0, 2-18:1)",mm
1732,s_3139,"phosphatidyl-L-serine (1-16:1, 2-18:1)",mm
1733,s_3140,"phosphatidylethanolamine (1-16:1, 2-18:1)",mm
1734,s_3141,"phosphatidyl-L-serine (1-18:0, 2-18:1)",mm
1735,s_3142,"phosphatidylethanolamine (1-18:0, 2-18:1)",mm
1736,s_3143,"phosphatidyl-L-serine (1-18:1, 2-18:1)",mm
1737,s_3144,"phosphatidylethanolamine (1-18:1, 2-18:1)",mm
1738,s_3145,"phosphatidyl-L-serine (1-16:0, 2-16:1)",gm
1739,s_3146,H+,gm
1740,s_3147,carbon dioxide,gm
1741,s_3148,"phosphatidylethanolamine (1-16:0, 2-16:1)",gm
1742,s_3149,"phosphatidyl-L-serine (1-16:1, 2-16:1)",gm
1743,s_3150,"phosphatidylethanolamine (1-16:1, 2-16:1)",gm
1744,s_3151,"phosphatidyl-L-serine (1-18:0, 2-16:1)",gm
1745,s_3152,"phosphatidylethanolamine (1-18:0, 2-16:1)",gm
1746,s_3153,"phosphatidyl-L-serine (1-18:1, 2-16:1)",gm
1747,s_3154,"phosphatidylethanolamine (1-18:1, 2-16:1)",gm
1748,s_3155,"phosphatidyl-L-serine (1-16:0, 2-18:1)",gm
1749,s_3156,"phosphatidylethanolamine (1-16:0, 2-18:1)",gm
1750,s_3157,"phosphatidyl-L-serine (1-16:1, 2-18:1)",gm
1751,s_3158,"phosphatidylethanolamine (1-16:1, 2-18:1)",gm
1752,s_3159,"phosphatidyl-L-serine (1-18:0, 2-18:1)",gm
1753,s_3160,"phosphatidylethanolamine (1-18:0, 2-18:1)",gm
1754,s_3161,"phosphatidyl-L-serine (1-18:1, 2-18:1)",gm
1755,s_3162,"phosphatidylethanolamine (1-18:1, 2-18:1)",gm
1756,s_3163,"phosphatidyl-L-serine (1-16:0, 2-16:1)",vm
1757,s_3164,H+,vm
1758,s_3165,carbon dioxide,vm
1759,s_3166,"phosphatidylethanolamine (1-16:0, 2-16:1)",vm
1760,s_3167,"phosphatidyl-L-serine (1-16:1, 2-16:1)",vm
1761,s_3168,"phosphatidylethanolamine (1-16:1, 2-16:1)",vm
1762,s_3169,"phosphatidyl-L-serine (1-18:0, 2-16:1)",vm
1763,s_3170,"phosphatidylethanolamine (1-18:0, 2-16:1)",vm
1764,s_3171,"phosphatidyl-L-serine (1-18:1, 2-16:1)",vm
1765,s_3172,"phosphatidylethanolamine (1-18:1, 2-16:1)",vm
1766,s_3173,"phosphatidyl-L-serine (1-16:0, 2-18:1)",vm
1767,s_3174,"phosphatidylethanolamine (1-16:0, 2-18:1)",vm
1768,s_3175,"phosphatidyl-L-serine (1-16:1, 2-18:1)",vm
1769,s_3176,"phosphatidylethanolamine (1-16:1, 2-18:1)",vm
1770,s_3177,"phosphatidyl-L-serine (1-18:0, 2-18:1)",vm
1771,s_3178,"phosphatidylethanolamine (1-18:0, 2-18:1)",vm
1772,s_3179,"phosphatidyl-L-serine (1-18:1, 2-18:1)",vm
1773,s_3180,"phosphatidylethanolamine (1-18:1, 2-18:1)",vm
1774,s_3181,"phosphatidylethanolamine (1-16:0, 2-16:1)",erm
1775,s_3182,S-adenosyl-L-methionine,erm
1776,s_3183,S-adenosyl-L-homocysteine,erm
1777,s_3184,"phosphatidyl-N-methylethanolamine (1-16:0, 2-16:1)",erm
1778,s_3185,"phosphatidylethanolamine (1-16:1, 2-16:1)",erm
1779,s_3186,"phosphatidyl-N-methylethanolamine (1-16:1, 2-16:1)",erm
1780,s_3187,"phosphatidylethanolamine (1-18:0, 2-16:1)",erm
1781,s_3188,"phosphatidyl-N-methylethanolamine (1-18:0, 2-16:1)",erm
1782,s_3189,"phosphatidylethanolamine (1-18:1, 2-16:1)",erm
1783,s_3190,"phosphatidyl-N-methylethanolamine (1-18:1, 2-16:1)",erm
1784,s_3191,"phosphatidylethanolamine (1-16:0, 2-18:1)",erm
1785,s_3192,"phosphatidyl-N-methylethanolamine (1-16:0, 2-18:1)",erm
1786,s_3193,"phosphatidylethanolamine (1-16:1, 2-18:1)",erm
1787,s_3194,"phosphatidyl-N-methylethanolamine (1-16:1, 2-18:1)",erm
1788,s_3195,"phosphatidylethanolamine (1-18:0, 2-18:1)",erm
1789,s_3196,"phosphatidyl-N-methylethanolamine (1-18:0, 2-18:1)",erm
1790,s_3197,"phosphatidylethanolamine (1-18:1, 2-18:1)",erm
1791,s_3198,"phosphatidyl-N-methylethanolamine (1-18:1, 2-18:1)",erm
1792,s_3199,"phosphatidyl-N,N-dimethylethanolamine (1-16:0, 2-16:1)",erm
1793,s_3200,"phosphatidyl-N,N-dimethylethanolamine (1-16:1, 2-16:1)",erm
1794,s_3201,"phosphatidyl-N,N-dimethylethanolamine (1-18:0, 2-16:1)",erm
1795,s_3202,"phosphatidyl-N,N-dimethylethanolamine (1-18:1, 2-16:1)",erm
1796,s_3203,"phosphatidyl-N,N-dimethylethanolamine (1-16:0, 2-18:1)",erm
1797,s_3204,"phosphatidyl-N,N-dimethylethanolamine (1-16:1, 2-18:1)",erm
1798,s_3205,"phosphatidyl-N,N-dimethylethanolamine (1-18:0, 2-18:1)",erm
1799,s_3206,"phosphatidyl-N,N-dimethylethanolamine (1-18:1, 2-18:1)",erm
1800,s_3207,"phosphatidylcholine (1-16:0, 2-16:1)",erm
1801,s_3208,"phosphatidylcholine (1-16:1, 2-16:1)",erm
1802,s_3209,"phosphatidylcholine (1-18:0, 2-16:1)",erm
1803,s_3210,"phosphatidylcholine (1-18:1, 2-16:1)",erm
1804,s_3211,"phosphatidylcholine (1-16:0, 2-18:1)",erm
1805,s_3212,"phosphatidylcholine (1-16:1, 2-18:1)",erm
1806,s_3213,"phosphatidylcholine (1-18:0, 2-18:1)",erm
1807,s_3214,"phosphatidylcholine (1-18:1, 2-18:1)",erm
1808,s_3215,CDP,erm
1809,s_3216,CDP-ethanolamine,erm
1810,s_3217,CDP-choline,erm
1811,s_3218,glycerol 3-phosphate,mm
1812,s_3219,CMP,mm
1813,s_3220,"3-(3-sn-phosphatidyl)-sn-glycerol 1-phosphate (1-16:0, 2-16:1)",mm
1814,s_3221,"3-(3-sn-phosphatidyl)-sn-glycerol 1-phosphate (1-16:1, 2-16:1)",mm
1815,s_3222,"3-(3-sn-phosphatidyl)-sn-glycerol 1-phosphate (1-18:0, 2-16:1)",mm
1816,s_3223,"3-(3-sn-phosphatidyl)-sn-glycerol 1-phosphate (1-18:1, 2-16:1)",mm
1817,s_3224,"3-(3-sn-phosphatidyl)-sn-glycerol 1-phosphate (1-16:0, 2-18:1)",mm
1818,s_3225,"3-(3-sn-phosphatidyl)-sn-glycerol 1-phosphate (1-16:1, 2-18:1)",mm
1819,s_3226,H2O,mm
1820,s_3227,"phosphatidylglycerol (1-16:0, 2-16:1)",mm
1821,s_3228,phosphate,mm
1822,s_3229,"phosphatidylglycerol (1-16:1, 2-16:1)",mm
1823,s_3230,"phosphatidylglycerol (1-18:0, 2-16:1)",mm
1824,s_3231,"phosphatidylglycerol (1-18:1, 2-16:1)",mm
1825,s_3232,"phosphatidylglycerol (1-16:0, 2-18:1)",mm
1826,s_3233,"phosphatidylglycerol (1-16:1, 2-18:1)",mm
1827,s_3234,"cardiolipin (1-16:0, 2-16:1, 3-16:0, 4-16:1)",mm
1828,s_3235,"cardiolipin (1-16:0, 2-16:1, 3-16:1, 4-16:1)",mm
1829,s_3236,"cardiolipin (1-16:0, 2-16:1, 3-18:0, 4-16:1)",mm
1830,s_3237,"cardiolipin (1-16:0, 2-16:1, 3-18:1, 4-16:1)",mm
1831,s_3238,"cardiolipin (1-16:0, 2-16:1, 3-16:0, 4-18:1)",mm
1832,s_3239,"cardiolipin (1-16:0, 2-16:1, 3-16:1, 4-18:1)",mm
1833,s_3240,"cardiolipin (1-16:1, 2-16:1, 3-16:0, 4-16:1)",mm
1834,s_3241,"cardiolipin (1-16:1, 2-16:1, 3-16:1, 4-16:1)",mm
1835,s_3242,"cardiolipin (1-16:1, 2-16:1, 3-18:0, 4-16:1)",mm
1836,s_3243,"cardiolipin (1-16:1, 2-16:1, 3-18:1, 4-16:1)",mm
1837,s_3244,"cardiolipin (1-16:1, 2-16:1, 3-16:0, 4-18:1)",mm
1838,s_3245,"cardiolipin (1-16:1, 2-16:1, 3-16:1, 4-18:1)",mm
1839,s_3246,"cardiolipin (1-18:0, 2-16:1, 3-16:0, 4-16:1)",mm
1840,s_3247,"cardiolipin (1-18:0, 2-16:1, 3-16:1, 4-16:1)",mm
1841,s_3248,"cardiolipin (1-18:0, 2-16:1, 3-18:0, 4-16:1)",mm
1842,s_3249,"cardiolipin (1-18:0, 2-16:1, 3-18:1, 4-16:1)",mm
1843,s_3250,"cardiolipin (1-18:0, 2-16:1, 3-16:0, 4-18:1)",mm
1844,s_3251,"cardiolipin (1-18:0, 2-16:1, 3-16:1, 4-18:1)",mm
1845,s_3252,"cardiolipin (1-18:1, 2-16:1, 3-16:0, 4-16:1)",mm
1846,s_3253,"cardiolipin (1-18:1, 2-16:1, 3-16:1, 4-16:1)",mm
1847,s_3254,"cardiolipin (1-18:1, 2-16:1, 3-18:0, 4-16:1)",mm
1848,s_3255,"cardiolipin (1-18:1, 2-16:1, 3-18:1, 4-16:1)",mm
1849,s_3256,"cardiolipin (1-18:1, 2-16:1, 3-16:0, 4-18:1)",mm
1850,s_3257,"cardiolipin (1-18:1, 2-16:1, 3-16:1, 4-18:1)",mm
1851,s_3258,"cardiolipin (1-16:0, 2-18:1, 3-16:0, 4-16:1)",mm
1852,s_3259,"cardiolipin (1-16:0, 2-18:1, 3-16:1, 4-16:1)",mm
1853,s_3260,"cardiolipin (1-16:0, 2-18:1, 3-18:0, 4-16:1)",mm
1854,s_3261,"cardiolipin (1-16:0, 2-18:1, 3-18:1, 4-16:1)",mm
1855,s_3262,"cardiolipin (1-16:0, 2-18:1, 3-16:0, 4-18:1)",mm
1856,s_3263,"cardiolipin (1-16:0, 2-18:1, 3-16:1, 4-18:1)",mm
1857,s_3264,"cardiolipin (1-16:1, 2-18:1, 3-16:0, 4-16:1)",mm
1858,s_3265,"cardiolipin (1-16:1, 2-18:1, 3-16:1, 4-16:1)",mm
1859,s_3266,"cardiolipin (1-16:1, 2-18:1, 3-18:0, 4-16:1)",mm
1860,s_3267,"cardiolipin (1-16:1, 2-18:1, 3-18:1, 4-16:1)",mm
1861,s_3268,"cardiolipin (1-16:1, 2-18:1, 3-16:0, 4-18:1)",mm
1862,s_3269,"cardiolipin (1-16:1, 2-18:1, 3-16:1, 4-18:1)",mm
1863,s_3270,"monolysocardiolipin (2-16:1, 3-16:0, 4-16:1)",mm
1864,s_3271,palmitate,mm
1865,s_3272,"monolysocardiolipin (2-16:1, 3-16:1, 4-16:1)",mm
1866,s_3273,"monolysocardiolipin (2-16:1, 3-18:0, 4-16:1)",mm
1867,s_3274,"monolysocardiolipin (2-16:1, 3-18:1, 4-16:1)",mm
1868,s_3275,"monolysocardiolipin (2-16:1, 3-16:0, 4-18:1)",mm
1869,s_3276,"monolysocardiolipin (2-16:1, 3-16:1, 4-18:1)",mm
1870,s_3277,stearate,mm
1871,s_3278,"monolysocardiolipin (2-18:1, 3-16:0, 4-16:1)",mm
1872,s_3279,"monolysocardiolipin (2-18:1, 3-16:1, 4-16:1)",mm
1873,s_3280,"monolysocardiolipin (2-18:1, 3-18:0, 4-16:1)",mm
1874,s_3281,"monolysocardiolipin (2-18:1, 3-18:1, 4-16:1)",mm
1875,s_3282,"monolysocardiolipin (2-18:1, 3-16:0, 4-18:1)",mm
1876,s_3283,"monolysocardiolipin (2-18:1, 3-16:1, 4-18:1)",mm
1877,s_3284,"monolysocardiolipin (1-16:0, 2-16:1, 4-16:1)",mm
1878,s_3285,"monolysocardiolipin (1-16:0, 2-16:1, 4-18:1)",mm
1879,s_3286,"monolysocardiolipin (1-16:1, 2-16:1, 4-16:1)",mm
1880,s_3287,"monolysocardiolipin (1-16:1, 2-16:1, 4-18:1)",mm
1881,s_3288,"monolysocardiolipin (1-18:0, 2-16:1, 4-16:1)",mm
1882,s_3289,"monolysocardiolipin (1-18:0, 2-16:1, 4-18:1)",mm
1883,s_3290,"monolysocardiolipin (1-18:1, 2-16:1, 4-16:1)",mm
1884,s_3291,"monolysocardiolipin (1-18:1, 2-16:1, 4-18:1)",mm
1885,s_3292,"monolysocardiolipin (1-16:0, 2-18:1, 4-16:1)",mm
1886,s_3293,"monolysocardiolipin (1-16:0, 2-18:1, 4-18:1)",mm
1887,s_3294,"monolysocardiolipin (1-16:1, 2-18:1, 4-16:1)",mm
1888,s_3295,"monolysocardiolipin (1-16:1, 2-18:1, 4-18:1)",mm
1889,s_3296,"phosphatidylcholine (1-16:0, 2-16:1)",mm
1890,s_3297,1-acylglycerophosphocholine (16:0),mm
1891,s_3298,"phosphatidylcholine (1-16:1, 2-16:1)",mm
1892,s_3299,1-acylglycerophosphocholine (16:1),mm
1893,s_3300,"phosphatidylcholine (1-18:0, 2-16:1)",mm
1894,s_3301,1-acylglycerophosphocholine (18:0),mm
1895,s_3302,"phosphatidylcholine (1-18:1, 2-16:1)",mm
1896,s_3303,1-acylglycerophosphocholine (18:1),mm
1897,s_3304,"phosphatidylcholine (1-16:0, 2-18:1)",mm
1898,s_3305,"phosphatidylcholine (1-16:1, 2-18:1)",mm
1899,s_3306,"phosphatidylcholine (1-18:0, 2-18:1)",mm
1900,s_3307,"phosphatidylcholine (1-18:1, 2-18:1)",mm
1901,s_3308,"cardiolipin (1-18:1, 2-18:1, 3-16:0, 4-16:1)",mm
1902,s_3309,"cardiolipin (1-18:1, 2-18:1, 3-16:1, 4-16:1)",mm
1903,s_3310,"cardiolipin (1-18:1, 2-18:1, 3-18:0, 4-16:1)",mm
1904,s_3311,"cardiolipin (1-18:1, 2-18:1, 3-18:1, 4-16:1)",mm
1905,s_3312,"cardiolipin (1-18:1, 2-18:1, 3-16:0, 4-18:1)",mm
1906,s_3313,"cardiolipin (1-18:1, 2-18:1, 3-16:1, 4-18:1)",mm
1907,s_3314,"cardiolipin (1-16:0, 2-16:1, 3-18:1, 4-18:1)",mm
1908,s_3315,"cardiolipin (1-16:1, 2-16:1, 3-18:1, 4-18:1)",mm
1909,s_3316,"cardiolipin (1-18:0, 2-16:1, 3-18:1, 4-18:1)",mm
1910,s_3317,"cardiolipin (1-18:1, 2-16:1, 3-18:1, 4-18:1)",mm
1911,s_3318,"cardiolipin (1-16:0, 2-18:1, 3-18:1, 4-18:1)",mm
1912,s_3319,"cardiolipin (1-16:1, 2-18:1, 3-18:1, 4-18:1)",mm
1913,s_3320,palmitoleoyl-CoA(4-),mm
1914,s_3321,coenzyme A,mm
1915,s_3322,oleoyl-CoA,mm
1916,s_3323,"1-phosphatidyl-1D-myo-inositol (1-16:0, 2-16:1)",ce
1917,s_3324,ADP,ce
1918,s_3325,"1-phosphatidyl-1D-myo-inositol 4-phosphate (1-16:0, 2-16:1)",ce
1919,s_3326,"1-phosphatidyl-1D-myo-inositol (1-16:1, 2-16:1)",ce
1920,s_3327,"1-phosphatidyl-1D-myo-inositol 4-phosphate (1-16:1, 2-16:1)",ce
1921,s_3328,"1-phosphatidyl-1D-myo-inositol (1-18:0, 2-16:1)",ce
1922,s_3329,"1-phosphatidyl-1D-myo-inositol 4-phosphate (1-18:0, 2-16:1)",ce
1923,s_3330,"1-phosphatidyl-1D-myo-inositol (1-18:1, 2-16:1)",ce
1924,s_3331,"1-phosphatidyl-1D-myo-inositol 4-phosphate (1-18:1, 2-16:1)",ce
1925,s_3332,"1-phosphatidyl-1D-myo-inositol (1-16:0, 2-18:1)",ce
1926,s_3333,"1-phosphatidyl-1D-myo-inositol 4-phosphate (1-16:0, 2-18:1)",ce
1927,s_3334,"1-phosphatidyl-1D-myo-inositol (1-16:1, 2-18:1)",ce
1928,s_3335,"1-phosphatidyl-1D-myo-inositol 4-phosphate (1-16:1, 2-18:1)",ce
1929,s_3336,"1-phosphatidyl-1D-myo-inositol (1-18:0, 2-18:1)",ce
1930,s_3337,"1-phosphatidyl-1D-myo-inositol 4-phosphate (1-18:0, 2-18:1)",ce
1931,s_3338,"1-phosphatidyl-1D-myo-inositol (1-18:1, 2-18:1)",ce
1932,s_3339,"1-phosphatidyl-1D-myo-inositol 4-phosphate (1-18:1, 2-18:1)",ce
1933,s_3340,"1-phosphatidyl-1D-myo-inositol (1-16:0, 2-16:1)",vm
1934,s_3341,ATP,vm
1935,s_3342,ADP,vm
1936,s_3343,"1-phosphatidyl-1D-myo-inositol 4-phosphate (1-16:0, 2-16:1)",vm
1937,s_3344,"1-phosphatidyl-1D-myo-inositol (1-16:1, 2-16:1)",vm
1938,s_3345,"1-phosphatidyl-1D-myo-inositol 4-phosphate (1-16:1, 2-16:1)",vm
1939,s_3346,"1-phosphatidyl-1D-myo-inositol (1-18:0, 2-16:1)",vm
1940,s_3347,"1-phosphatidyl-1D-myo-inositol 4-phosphate (1-18:0, 2-16:1)",vm
1941,s_3348,"1-phosphatidyl-1D-myo-inositol (1-18:1, 2-16:1)",vm
1942,s_3349,"1-phosphatidyl-1D-myo-inositol 4-phosphate (1-18:1, 2-16:1)",vm
1943,s_3350,"1-phosphatidyl-1D-myo-inositol (1-16:0, 2-18:1)",vm
1944,s_3351,"1-phosphatidyl-1D-myo-inositol 4-phosphate (1-16:0, 2-18:1)",vm
1945,s_3352,"1-phosphatidyl-1D-myo-inositol (1-16:1, 2-18:1)",vm
1946,s_3353,"1-phosphatidyl-1D-myo-inositol 4-phosphate (1-16:1, 2-18:1)",vm
1947,s_3354,"1-phosphatidyl-1D-myo-inositol (1-18:0, 2-18:1)",vm
1948,s_3355,"1-phosphatidyl-1D-myo-inositol 4-phosphate (1-18:0, 2-18:1)",vm
1949,s_3356,"1-phosphatidyl-1D-myo-inositol (1-18:1, 2-18:1)",vm
1950,s_3357,"1-phosphatidyl-1D-myo-inositol 4-phosphate (1-18:1, 2-18:1)",vm
1951,s_3358,"1-phosphatidyl-1D-myo-inositol (1-16:0, 2-16:1)",gm
1952,s_3359,ATP,gm
1953,s_3360,ADP,gm
1954,s_3361,"1-phosphatidyl-1D-myo-inositol 4-phosphate (1-16:0, 2-16:1)",gm
1955,s_3362,"1-phosphatidyl-1D-myo-inositol (1-16:1, 2-16:1)",gm
1956,s_3363,"1-phosphatidyl-1D-myo-inositol 4-phosphate (1-16:1, 2-16:1)",gm
1957,s_3364,"1-phosphatidyl-1D-myo-inositol (1-18:0, 2-16:1)",gm
1958,s_3365,"1-phosphatidyl-1D-myo-inositol 4-phosphate (1-18:0, 2-16:1)",gm
1959,s_3366,"1-phosphatidyl-1D-myo-inositol (1-18:1, 2-16:1)",gm
1960,s_3367,"1-phosphatidyl-1D-myo-inositol 4-phosphate (1-18:1, 2-16:1)",gm
1961,s_3368,"1-phosphatidyl-1D-myo-inositol (1-16:0, 2-18:1)",gm
1962,s_3369,"1-phosphatidyl-1D-myo-inositol 4-phosphate (1-16:0, 2-18:1)",gm
1963,s_3370,"1-phosphatidyl-1D-myo-inositol (1-16:1, 2-18:1)",gm
1964,s_3371,"1-phosphatidyl-1D-myo-inositol 4-phosphate (1-16:1, 2-18:1)",gm
1965,s_3372,"1-phosphatidyl-1D-myo-inositol (1-18:0, 2-18:1)",gm
1966,s_3373,"1-phosphatidyl-1D-myo-inositol 4-phosphate (1-18:0, 2-18:1)",gm
1967,s_3374,"1-phosphatidyl-1D-myo-inositol (1-18:1, 2-18:1)",gm
1968,s_3375,"1-phosphatidyl-1D-myo-inositol 4-phosphate (1-18:1, 2-18:1)",gm
1969,s_3376,"1-phosphatidyl-1D-myo-inositol (1-16:0, 2-16:1)",n
1970,s_3377,"1-phosphatidyl-1D-myo-inositol 4-phosphate (1-16:0, 2-16:1)",n
1971,s_3378,"1-phosphatidyl-1D-myo-inositol (1-16:1, 2-16:1)",n
1972,s_3379,"1-phosphatidyl-1D-myo-inositol 4-phosphate (1-16:1, 2-16:1)",n
1973,s_3380,"1-phosphatidyl-1D-myo-inositol (1-18:0, 2-16:1)",n
1974,s_3381,"1-phosphatidyl-1D-myo-inositol 4-phosphate (1-18:0, 2-16:1)",n
1975,s_3382,"1-phosphatidyl-1D-myo-inositol (1-18:1, 2-16:1)",n
1976,s_3383,"1-phosphatidyl-1D-myo-inositol 4-phosphate (1-18:1, 2-16:1)",n
1977,s_3384,"1-phosphatidyl-1D-myo-inositol (1-16:0, 2-18:1)",n
1978,s_3385,"1-phosphatidyl-1D-myo-inositol 4-phosphate (1-16:0, 2-18:1)",n
1979,s_3386,"1-phosphatidyl-1D-myo-inositol (1-16:1, 2-18:1)",n
1980,s_3387,"1-phosphatidyl-1D-myo-inositol 4-phosphate (1-16:1, 2-18:1)",n
1981,s_3388,"1-phosphatidyl-1D-myo-inositol (1-18:0, 2-18:1)",n
1982,s_3389,"1-phosphatidyl-1D-myo-inositol 4-phosphate (1-18:0, 2-18:1)",n
1983,s_3390,"1-phosphatidyl-1D-myo-inositol (1-18:1, 2-18:1)",n
1984,s_3391,"1-phosphatidyl-1D-myo-inositol 4-phosphate (1-18:1, 2-18:1)",n
1985,s_3392,"1-phosphatidyl-1D-myo-inositol 3-phosphate (1-16:0, 2-16:1)",vm
1986,s_3393,"1-phosphatidyl-1D-myo-inositol 3-phosphate (1-16:1, 2-16:1)",vm
1987,s_3394,"1-phosphatidyl-1D-myo-inositol 3-phosphate (1-18:0, 2-16:1)",vm
1988,s_3395,"1-phosphatidyl-1D-myo-inositol 3-phosphate (1-18:1, 2-16:1)",vm
1989,s_3396,"1-phosphatidyl-1D-myo-inositol 3-phosphate (1-16:0, 2-18:1)",vm
1990,s_3397,"1-phosphatidyl-1D-myo-inositol 3-phosphate (1-16:1, 2-18:1)",vm
1991,s_3398,"1-phosphatidyl-1D-myo-inositol 3-phosphate (1-18:0, 2-18:1)",vm
1992,s_3399,"1-phosphatidyl-1D-myo-inositol 3-phosphate (1-18:1, 2-18:1)",vm
1993,s_3400,"1-phosphatidyl-1D-myo-inositol 4,5-bisphosphate (1-16:0, 2-16:1)",n
1994,s_3401,"1-phosphatidyl-1D-myo-inositol 4,5-bisphosphate (1-16:1, 2-16:1)",n
1995,s_3402,"1-phosphatidyl-1D-myo-inositol 4,5-bisphosphate (1-18:0, 2-16:1)",n
1996,s_3403,"1-phosphatidyl-1D-myo-inositol 4,5-bisphosphate (1-18:1, 2-16:1)",n
1997,s_3404,"1-phosphatidyl-1D-myo-inositol 4,5-bisphosphate (1-16:0, 2-18:1)",n
1998,s_3405,"1-phosphatidyl-1D-myo-inositol 4,5-bisphosphate (1-16:1, 2-18:1)",n
1999,s_3406,"1-phosphatidyl-1D-myo-inositol 4,5-bisphosphate (1-18:0, 2-18:1)",n
2000,s_3407,"1-phosphatidyl-1D-myo-inositol 4,5-bisphosphate (1-18:1, 2-18:1)",n
2001,s_3408,"1-phosphatidyl-1D-myo-inositol 4,5-bisphosphate (1-16:0, 2-16:1)",ce
2002,s_3409,"1-phosphatidyl-1D-myo-inositol 4,5-bisphosphate (1-16:1, 2-16:1)",ce
2003,s_3410,"1-phosphatidyl-1D-myo-inositol 4,5-bisphosphate (1-18:0, 2-16:1)",ce
2004,s_3411,"1-phosphatidyl-1D-myo-inositol 4,5-bisphosphate (1-18:1, 2-16:1)",ce
2005,s_3412,"1-phosphatidyl-1D-myo-inositol 4,5-bisphosphate (1-16:0, 2-18:1)",ce
2006,s_3413,"1-phosphatidyl-1D-myo-inositol 4,5-bisphosphate (1-16:1, 2-18:1)",ce
2007,s_3414,"1-phosphatidyl-1D-myo-inositol 4,5-bisphosphate (1-18:0, 2-18:1)",ce
2008,s_3415,"1-phosphatidyl-1D-myo-inositol 4,5-bisphosphate (1-18:1, 2-18:1)",ce
2009,s_3416,"1-phosphatidyl-1D-myo-inositol 3,5-bisphosphate (1-16:0, 2-16:1)",vm
2010,s_3417,"1-phosphatidyl-1D-myo-inositol 3,5-bisphosphate (1-16:1, 2-16:1)",vm
2011,s_3418,"1-phosphatidyl-1D-myo-inositol 3,5-bisphosphate (1-18:0, 2-16:1)",vm
2012,s_3419,"1-phosphatidyl-1D-myo-inositol 3,5-bisphosphate (1-18:1, 2-16:1)",vm
2013,s_3420,"1-phosphatidyl-1D-myo-inositol 3,5-bisphosphate (1-16:0, 2-18:1)",vm
2014,s_3421,"1-phosphatidyl-1D-myo-inositol 3,5-bisphosphate (1-16:1, 2-18:1)",vm
2015,s_3422,"1-phosphatidyl-1D-myo-inositol 3,5-bisphosphate (1-18:0, 2-18:1)",vm
2016,s_3423,"1-phosphatidyl-1D-myo-inositol 3,5-bisphosphate (1-18:1, 2-18:1)",vm
2017,s_3424,1-acylglycerophosphoethanolamine (16:0),erm
2018,s_3425,1-acylglycerophosphoethanolamine (16:1),erm
2019,s_3426,1-acylglycerophosphoethanolamine (18:0),erm
2020,s_3427,1-acylglycerophosphoethanolamine (18:1),erm
2021,s_3428,1-acylglycerophosphocholine (16:0),erm
2022,s_3429,1-acylglycerophosphocholine (16:1),erm
2023,s_3430,1-acylglycerophosphocholine (18:0),erm
2024,s_3431,1-acylglycerophosphocholine (18:1),erm
2025,s_3432,episterol,erm
2026,s_3433,episteryl oleate,erm
2027,s_3434,episteryl palmitoleate,erm
2028,s_3435,fecosterol,erm
2029,s_3436,fecosteryl oleate,erm
2030,s_3437,fecosteryl palmitoleate,erm
2031,s_3438,lanosterol,erm
2032,s_3439,lanosteryl oleate,erm
2033,s_3440,lanosteryl palmitoleate,erm
2034,s_3441,ergosterol,erm
2035,s_3442,ergosteryl oleate,erm
2036,s_3443,ergosteryl palmitoleate,erm
2037,s_3444,zymosterol,erm
2038,s_3445,zymosteryl oleate,erm
2039,s_3446,zymosteryl palmitoleate,erm
2040,s_3447,sn-glycero-3-phosphocholine,erm
2041,s_3448,"phosphatidylcholine (1-16:0, 2-16:1)",ce
2042,s_3449,H2O,ce
2043,s_3450,1-acylglycerophosphocholine (16:0),ce
2044,s_3451,palmitoleate,ce
2045,s_3452,"phosphatidylcholine (1-16:1, 2-16:1)",ce
2046,s_3453,1-acylglycerophosphocholine (16:1),ce
2047,s_3454,"phosphatidylcholine (1-18:0, 2-16:1)",ce
2048,s_3455,1-acylglycerophosphocholine (18:0),ce
2049,s_3456,"phosphatidylcholine (1-18:1, 2-16:1)",ce
2050,s_3457,1-acylglycerophosphocholine (18:1),ce
2051,s_3458,"phosphatidylcholine (1-16:0, 2-18:1)",ce
2052,s_3459,oleate,ce
2053,s_3460,"phosphatidylcholine (1-16:1, 2-18:1)",ce
2054,s_3461,"phosphatidylcholine (1-18:0, 2-18:1)",ce
2055,s_3462,"phosphatidylcholine (1-18:1, 2-18:1)",ce
2056,s_3463,palmitate,ce
2057,s_3464,stearate,ce
2058,s_3465,"phosphatidylethanolamine (1-16:0, 2-16:1)",ce
2059,s_3466,1-acylglycerophosphoethanolamine (16:0),ce
2060,s_3467,"phosphatidylethanolamine (1-16:1, 2-16:1)",ce
2061,s_3468,1-acylglycerophosphoethanolamine (16:1),ce
2062,s_3469,"phosphatidylethanolamine (1-18:0, 2-16:1)",ce
2063,s_3470,1-acylglycerophosphoethanolamine (18:0),ce
2064,s_3471,"phosphatidylethanolamine (1-18:1, 2-16:1)",ce
2065,s_3472,1-acylglycerophosphoethanolamine (18:1),ce
2066,s_3473,"phosphatidylethanolamine (1-16:0, 2-18:1)",ce
2067,s_3474,"phosphatidylethanolamine (1-16:1, 2-18:1)",ce
2068,s_3475,"phosphatidylethanolamine (1-18:0, 2-18:1)",ce
2069,s_3476,"phosphatidylethanolamine (1-18:1, 2-18:1)",ce
2070,s_3477,sn-glycero-3-phosphoethanolamine,ce
2071,s_3478,"phosphatidyl-L-serine (1-16:0, 2-16:1)",ce
2072,s_3479,1-acylglycerophosphoserine (16:0),ce
2073,s_3480,"phosphatidyl-L-serine (1-16:1, 2-16:1)",ce
2074,s_3481,1-acylglycerophosphoserine (16:1),ce
2075,s_3482,"phosphatidyl-L-serine (1-18:0, 2-16:1)",ce
2076,s_3483,1-acylglycerophosphoserine (18:0),ce
2077,s_3484,"phosphatidyl-L-serine (1-18:1, 2-16:1)",ce
2078,s_3485,1-acylglycerophosphoserine (18:1),ce
2079,s_3486,"phosphatidyl-L-serine (1-16:0, 2-18:1)",ce
2080,s_3487,"phosphatidyl-L-serine (1-16:1, 2-18:1)",ce
2081,s_3488,"phosphatidyl-L-serine (1-18:0, 2-18:1)",ce
2082,s_3489,"phosphatidyl-L-serine (1-18:1, 2-18:1)",ce
2083,s_3490,sn-glycero-3-phosphoserine,ce
2084,s_3491,1-acylglycerophosphoinositol (16:0),ce
2085,s_3492,1-acylglycerophosphoinositol (16:1),ce
2086,s_3493,1-acylglycerophosphoinositol (18:0),ce
2087,s_3494,1-acylglycerophosphoinositol (18:1),ce
2088,s_3495,1-(sn-glycero-3-phospho)-1D-myo-inositol,ce
2089,s_3496,"1-phosphatidyl-1D-myo-inositol 4,5-bisphosphate (1-16:0, 2-16:1)",c
2090,s_3497,"diglyceride (1-16:0, 2-16:1)",c
2091,s_3498,"1D-myo-inositol 1,4,5-trisphosphate",c
2092,s_3499,"1-phosphatidyl-1D-myo-inositol 4,5-bisphosphate (1-16:1, 2-16:1)",c
2093,s_3500,"diglyceride (1-16:1, 2-16:1)",c
2094,s_3501,"1-phosphatidyl-1D-myo-inositol 4,5-bisphosphate (1-18:0, 2-16:1)",c
2095,s_3502,"diglyceride (1-18:0, 2-16:1)",c
2096,s_3503,"1-phosphatidyl-1D-myo-inositol 4,5-bisphosphate (1-18:1, 2-16:1)",c
2097,s_3504,"diglyceride (1-18:1, 2-16:1)",c
2098,s_3505,"1-phosphatidyl-1D-myo-inositol 4,5-bisphosphate (1-16:0, 2-18:1)",c
2099,s_3506,"diglyceride (1-16:0, 2-18:1)",c
2100,s_3507,"1-phosphatidyl-1D-myo-inositol 4,5-bisphosphate (1-16:1, 2-18:1)",c
2101,s_3508,"diglyceride (1-16:1, 2-18:1)",c
2102,s_3509,"1-phosphatidyl-1D-myo-inositol 4,5-bisphosphate (1-18:0, 2-18:1)",c
2103,s_3510,"diglyceride (1-18:0, 2-18:1)",c
2104,s_3511,"1-phosphatidyl-1D-myo-inositol 4,5-bisphosphate (1-18:1, 2-18:1)",c
2105,s_3512,"diglyceride (1-18:1, 2-18:1)",c
2106,s_3513,"diglyceride (1-16:0, 2-16:1)",n
2107,s_3514,"diglyceride (1-16:1, 2-16:1)",n
2108,s_3515,"diglyceride (1-18:0, 2-16:1)",n
2109,s_3516,"diglyceride (1-18:1, 2-16:1)",n
2110,s_3517,"diglyceride (1-16:0, 2-18:1)",n
2111,s_3518,"diglyceride (1-16:1, 2-18:1)",n
2112,s_3519,"diglyceride (1-18:0, 2-18:1)",n
2113,s_3520,"diglyceride (1-18:1, 2-18:1)",n
2114,s_3521,"diglyceride (1-16:0, 2-16:1)",mm
2115,s_3522,"diglyceride (1-16:1, 2-16:1)",mm
2116,s_3523,"diglyceride (1-18:0, 2-16:1)",mm
2117,s_3524,"diglyceride (1-18:1, 2-16:1)",mm
2118,s_3525,"diglyceride (1-16:0, 2-18:1)",mm
2119,s_3526,"diglyceride (1-16:1, 2-18:1)",mm
2120,s_3527,"phosphatidate (1-16:0, 2-16:1)",ce
2121,s_3528,"phosphatidate (1-16:1, 2-16:1)",ce
2122,s_3529,"phosphatidate (1-18:0, 2-16:1)",ce
2123,s_3530,"phosphatidate (1-18:1, 2-16:1)",ce
2124,s_3531,"phosphatidate (1-16:0, 2-18:1)",ce
2125,s_3532,"phosphatidate (1-16:1, 2-18:1)",ce
2126,s_3533,"phosphatidate (1-18:0, 2-18:1)",ce
2127,s_3534,"phosphatidate (1-18:1, 2-18:1)",ce
2128,s_3535,"1-phosphatidyl-1D-myo-inositol 3-phosphate (1-16:0, 2-16:1)",ce
2129,s_3536,phosphate,ce
2130,s_3537,"1-phosphatidyl-1D-myo-inositol 3-phosphate (1-16:1, 2-16:1)",ce
2131,s_3538,"1-phosphatidyl-1D-myo-inositol 3-phosphate (1-18:0, 2-16:1)",ce
2132,s_3539,"1-phosphatidyl-1D-myo-inositol 3-phosphate (1-18:1, 2-16:1)",ce
2133,s_3540,"1-phosphatidyl-1D-myo-inositol 3-phosphate (1-16:0, 2-18:1)",ce
2134,s_3541,"1-phosphatidyl-1D-myo-inositol 3-phosphate (1-16:1, 2-18:1)",ce
2135,s_3542,"1-phosphatidyl-1D-myo-inositol 3-phosphate (1-18:0, 2-18:1)",ce
2136,s_3543,"1-phosphatidyl-1D-myo-inositol 3-phosphate (1-18:1, 2-18:1)",ce
2137,s_3544,"1-phosphatidyl-1D-myo-inositol 3-phosphate (1-16:0, 2-16:1)",c
2138,s_3545,"1-phosphatidyl-1D-myo-inositol (1-16:0, 2-16:1)",c
2139,s_3546,"1-phosphatidyl-1D-myo-inositol 3-phosphate (1-16:1, 2-16:1)",c
2140,s_3547,"1-phosphatidyl-1D-myo-inositol (1-16:1, 2-16:1)",c
2141,s_3548,"1-phosphatidyl-1D-myo-inositol 3-phosphate (1-18:0, 2-16:1)",c
2142,s_3549,"1-phosphatidyl-1D-myo-inositol (1-18:0, 2-16:1)",c
2143,s_3550,"1-phosphatidyl-1D-myo-inositol 3-phosphate (1-18:1, 2-16:1)",c
2144,s_3551,"1-phosphatidyl-1D-myo-inositol (1-18:1, 2-16:1)",c
2145,s_3552,"1-phosphatidyl-1D-myo-inositol 3-phosphate (1-16:0, 2-18:1)",c
2146,s_3553,"1-phosphatidyl-1D-myo-inositol (1-16:0, 2-18:1)",c
2147,s_3554,"1-phosphatidyl-1D-myo-inositol 3-phosphate (1-16:1, 2-18:1)",c
2148,s_3555,"1-phosphatidyl-1D-myo-inositol (1-16:1, 2-18:1)",c
2149,s_3556,"1-phosphatidyl-1D-myo-inositol 3-phosphate (1-18:0, 2-18:1)",c
2150,s_3557,"1-phosphatidyl-1D-myo-inositol (1-18:0, 2-18:1)",c
2151,s_3558,"1-phosphatidyl-1D-myo-inositol 3-phosphate (1-18:1, 2-18:1)",c
2152,s_3559,"1-phosphatidyl-1D-myo-inositol (1-18:1, 2-18:1)",c
2153,s_3560,"1-phosphatidyl-1D-myo-inositol 3-phosphate (1-16:0, 2-16:1)",erm
2154,s_3561,"1-phosphatidyl-1D-myo-inositol 3-phosphate (1-16:1, 2-16:1)",erm
2155,s_3562,"1-phosphatidyl-1D-myo-inositol 3-phosphate (1-18:0, 2-16:1)",erm
2156,s_3563,"1-phosphatidyl-1D-myo-inositol 3-phosphate (1-18:1, 2-16:1)",erm
2157,s_3564,"1-phosphatidyl-1D-myo-inositol 3-phosphate (1-16:0, 2-18:1)",erm
2158,s_3565,"1-phosphatidyl-1D-myo-inositol 3-phosphate (1-16:1, 2-18:1)",erm
2159,s_3566,"1-phosphatidyl-1D-myo-inositol 3-phosphate (1-18:0, 2-18:1)",erm
2160,s_3567,"1-phosphatidyl-1D-myo-inositol 3-phosphate (1-18:1, 2-18:1)",erm
2161,s_3568,"1-phosphatidyl-1D-myo-inositol 3-phosphate (1-16:0, 2-16:1)",gm
2162,s_3569,"1-phosphatidyl-1D-myo-inositol 3-phosphate (1-16:1, 2-16:1)",gm
2163,s_3570,"1-phosphatidyl-1D-myo-inositol 3-phosphate (1-18:0, 2-16:1)",gm
2164,s_3571,"1-phosphatidyl-1D-myo-inositol 3-phosphate (1-18:1, 2-16:1)",gm
2165,s_3572,"1-phosphatidyl-1D-myo-inositol 3-phosphate (1-16:0, 2-18:1)",gm
2166,s_3573,"1-phosphatidyl-1D-myo-inositol 3-phosphate (1-16:1, 2-18:1)",gm
2167,s_3574,"1-phosphatidyl-1D-myo-inositol 3-phosphate (1-18:0, 2-18:1)",gm
2168,s_3575,"1-phosphatidyl-1D-myo-inositol 3-phosphate (1-18:1, 2-18:1)",gm
2169,s_3576,"1-phosphatidyl-1D-myo-inositol 4-phosphate (1-16:0, 2-16:1)",c
2170,s_3577,"1-phosphatidyl-1D-myo-inositol 4-phosphate (1-16:1, 2-16:1)",c
2171,s_3578,"1-phosphatidyl-1D-myo-inositol 4-phosphate (1-18:0, 2-16:1)",c
2172,s_3579,"1-phosphatidyl-1D-myo-inositol 4-phosphate (1-18:1, 2-16:1)",c
2173,s_3580,"1-phosphatidyl-1D-myo-inositol 4-phosphate (1-16:0, 2-18:1)",c
2174,s_3581,"1-phosphatidyl-1D-myo-inositol 4-phosphate (1-16:1, 2-18:1)",c
2175,s_3582,"1-phosphatidyl-1D-myo-inositol 4-phosphate (1-18:0, 2-18:1)",c
2176,s_3583,"1-phosphatidyl-1D-myo-inositol 4-phosphate (1-18:1, 2-18:1)",c
2177,s_3584,"1-phosphatidyl-1D-myo-inositol 4-phosphate (1-16:0, 2-16:1)",erm
2178,s_3585,"1-phosphatidyl-1D-myo-inositol 4-phosphate (1-16:1, 2-16:1)",erm
2179,s_3586,"1-phosphatidyl-1D-myo-inositol 4-phosphate (1-18:0, 2-16:1)",erm
2180,s_3587,"1-phosphatidyl-1D-myo-inositol 4-phosphate (1-18:1, 2-16:1)",erm
2181,s_3588,"1-phosphatidyl-1D-myo-inositol 4-phosphate (1-16:0, 2-18:1)",erm
2182,s_3589,"1-phosphatidyl-1D-myo-inositol 4-phosphate (1-16:1, 2-18:1)",erm
2183,s_3590,"1-phosphatidyl-1D-myo-inositol 4-phosphate (1-18:0, 2-18:1)",erm
2184,s_3591,"1-phosphatidyl-1D-myo-inositol 4-phosphate (1-18:1, 2-18:1)",erm
2185,s_3592,"1-phosphatidyl-1D-myo-inositol 3,5-bisphosphate (1-16:0, 2-16:1)",ce
2186,s_3593,"1-phosphatidyl-1D-myo-inositol 3,5-bisphosphate (1-16:1, 2-16:1)",ce
2187,s_3594,"1-phosphatidyl-1D-myo-inositol 3,5-bisphosphate (1-18:0, 2-16:1)",ce
2188,s_3595,"1-phosphatidyl-1D-myo-inositol 3,5-bisphosphate (1-18:1, 2-16:1)",ce
2189,s_3596,"1-phosphatidyl-1D-myo-inositol 3,5-bisphosphate (1-16:0, 2-18:1)",ce
2190,s_3597,"1-phosphatidyl-1D-myo-inositol 3,5-bisphosphate (1-16:1, 2-18:1)",ce
2191,s_3598,"1-phosphatidyl-1D-myo-inositol 3,5-bisphosphate (1-18:0, 2-18:1)",ce
2192,s_3599,"1-phosphatidyl-1D-myo-inositol 3,5-bisphosphate (1-18:1, 2-18:1)",ce
2193,s_3600,"1-phosphatidyl-1D-myo-inositol 3,5-bisphosphate (1-16:0, 2-16:1)",c
2194,s_3601,"1-phosphatidyl-1D-myo-inositol 3,5-bisphosphate (1-16:1, 2-16:1)",c
2195,s_3602,"1-phosphatidyl-1D-myo-inositol 3,5-bisphosphate (1-18:0, 2-16:1)",c
2196,s_3603,"1-phosphatidyl-1D-myo-inositol 3,5-bisphosphate (1-18:1, 2-16:1)",c
2197,s_3604,"1-phosphatidyl-1D-myo-inositol 3,5-bisphosphate (1-16:0, 2-18:1)",c
2198,s_3605,"1-phosphatidyl-1D-myo-inositol 3,5-bisphosphate (1-16:1, 2-18:1)",c
2199,s_3606,"1-phosphatidyl-1D-myo-inositol 3,5-bisphosphate (1-18:0, 2-18:1)",c
2200,s_3607,"1-phosphatidyl-1D-myo-inositol 3,5-bisphosphate (1-18:1, 2-18:1)",c
2201,s_3608,"1-phosphatidyl-1D-myo-inositol 4,5-bisphosphate (1-16:0, 2-16:1)",erm
2202,s_3609,"1-phosphatidyl-1D-myo-inositol 4,5-bisphosphate (1-16:1, 2-16:1)",erm
2203,s_3610,"1-phosphatidyl-1D-myo-inositol 4,5-bisphosphate (1-18:0, 2-16:1)",erm
2204,s_3611,"1-phosphatidyl-1D-myo-inositol 4,5-bisphosphate (1-18:1, 2-16:1)",erm
2205,s_3612,"1-phosphatidyl-1D-myo-inositol 4,5-bisphosphate (1-16:0, 2-18:1)",erm
2206,s_3613,"1-phosphatidyl-1D-myo-inositol 4,5-bisphosphate (1-16:1, 2-18:1)",erm
2207,s_3614,"1-phosphatidyl-1D-myo-inositol 4,5-bisphosphate (1-18:0, 2-18:1)",erm
2208,s_3615,"1-phosphatidyl-1D-myo-inositol 4,5-bisphosphate (1-18:1, 2-18:1)",erm
2209,s_3616,"1,2-diacylglycerol 3-diphosphate (1-16:0, 2-16:1)",vm
2210,s_3617,"1,2-diacylglycerol 3-diphosphate (1-16:1, 2-16:1)",vm
2211,s_3618,"1,2-diacylglycerol 3-diphosphate (1-18:0, 2-16:1)",vm
2212,s_3619,"1,2-diacylglycerol 3-diphosphate (1-18:1, 2-16:1)",vm
2213,s_3620,"1,2-diacylglycerol 3-diphosphate (1-16:0, 2-18:1)",vm
2214,s_3621,"1,2-diacylglycerol 3-diphosphate (1-16:1, 2-18:1)",vm
2215,s_3622,"1,2-diacylglycerol 3-diphosphate (1-18:0, 2-18:1)",vm
2216,s_3623,"1,2-diacylglycerol 3-diphosphate (1-18:1, 2-18:1)",vm
2217,s_3624,"1,2-diacylglycerol 3-diphosphate (1-16:0, 2-16:1)",gm
2218,s_3625,"1,2-diacylglycerol 3-diphosphate (1-16:1, 2-16:1)",gm
2219,s_3626,"1,2-diacylglycerol 3-diphosphate (1-18:0, 2-16:1)",gm
2220,s_3627,"1,2-diacylglycerol 3-diphosphate (1-18:1, 2-16:1)",gm
2221,s_3628,"1,2-diacylglycerol 3-diphosphate (1-16:0, 2-18:1)",gm
2222,s_3629,"1,2-diacylglycerol 3-diphosphate (1-16:1, 2-18:1)",gm
2223,s_3630,"1,2-diacylglycerol 3-diphosphate (1-18:0, 2-18:1)",gm
2224,s_3631,"1,2-diacylglycerol 3-diphosphate (1-18:1, 2-18:1)",gm
2225,s_3632,1-acyl-sn-glycerol 3-phosphate (16:0),c
2226,s_3633,1-monoglyceride (16:0),c
2227,s_3634,1-acyl-sn-glycerol 3-phosphate (16:1),c
2228,s_3635,1-monoglyceride (16:1),c
2229,s_3636,1-acyl-sn-glycerol 3-phosphate (18:0),c
2230,s_3637,1-monoglyceride (18:0),c
2231,s_3638,1-acyl-sn-glycerol 3-phosphate (18:1),c
2232,s_3639,1-monoglyceride (18:1),c
2233,s_3640,1-acyl-sn-glycerol 3-phosphate (16:0),vm
2234,s_3641,1-monoglyceride (16:0),vm
2235,s_3642,1-acyl-sn-glycerol 3-phosphate (16:1),vm
2236,s_3643,1-monoglyceride (16:1),vm
2237,s_3644,1-acyl-sn-glycerol 3-phosphate (18:0),vm
2238,s_3645,1-monoglyceride (18:0),vm
2239,s_3646,1-acyl-sn-glycerol 3-phosphate (18:1),vm
2240,s_3647,1-monoglyceride (18:1),vm
2241,s_3648,1-acyl-sn-glycerol 3-phosphate (16:0),gm
2242,s_3649,1-monoglyceride (16:0),gm
2243,s_3650,1-acyl-sn-glycerol 3-phosphate (16:1),gm
2244,s_3651,1-monoglyceride (16:1),gm
2245,s_3652,1-acyl-sn-glycerol 3-phosphate (18:0),gm
2246,s_3653,1-monoglyceride (18:0),gm
2247,s_3654,1-acyl-sn-glycerol 3-phosphate (18:1),gm
2248,s_3655,1-monoglyceride (18:1),gm
2249,s_3656,ergosteryl palmitoleate,lp
2250,s_3657,H2O,lp
2251,s_3658,ergosteryl oleate,lp
2252,s_3659,episteryl palmitoleate,lp
2253,s_3660,episterol,lp
2254,s_3661,episteryl oleate,lp
2255,s_3662,fecosteryl palmitoleate,lp
2256,s_3663,fecosteryl oleate,lp
2257,s_3664,lanosteryl palmitoleate,lp
2258,s_3665,lanosterol,lp
2259,s_3666,lanosteryl oleate,lp
2260,s_3667,zymosteryl palmitoleate,lp
2261,s_3668,zymosteryl oleate,lp
2262,s_3669,zymosteryl palmitoleate,ce
2263,s_3670,zymosteryl oleate,ce
2264,s_3671,1-monoglyceride (16:0),lp
2265,s_3672,1-monoglyceride (16:1),lp
2266,s_3673,1-monoglyceride (18:0),lp
2267,s_3674,1-monoglyceride (18:1),lp
2268,s_3675,"diglyceride (1-16:0, 2-18:1)",m
2269,s_3676,1-monoglyceride (16:0),m
2270,s_3677,oleate,m
2271,s_3678,"diglyceride (1-16:1, 2-18:1)",m
2272,s_3679,1-monoglyceride (16:1),m
2273,s_3680,"diglyceride (1-18:0, 2-18:1)",m
2274,s_3681,1-monoglyceride (18:0),m
2275,s_3682,"diglyceride (1-18:1, 2-18:1)",m
2276,s_3683,1-monoglyceride (18:1),m
2277,s_3684,glycerol,lp
2278,s_3685,1-acylglycerophosphoethanolamine (16:0),lp
2279,s_3686,"phosphatidylethanolamine (1-16:0, 2-18:1)",lp
2280,s_3687,1-acylglycerophosphoethanolamine (16:1),lp
2281,s_3688,"phosphatidylethanolamine (1-16:1, 2-18:1)",lp
2282,s_3689,1-acylglycerophosphoethanolamine (18:0),lp
2283,s_3690,"phosphatidylethanolamine (1-18:0, 2-18:1)",lp
2284,s_3691,1-acylglycerophosphoethanolamine (18:1),lp
2285,s_3692,"phosphatidylethanolamine (1-18:1, 2-18:1)",lp
2286,s_3693,"phosphatidylcholine (1-16:0, 2-16:1)",lp
2287,s_3694,1-acylglycerophosphocholine (16:0),lp
2288,s_3695,"phosphatidylcholine (1-16:1, 2-16:1)",lp
2289,s_3696,1-acylglycerophosphocholine (16:1),lp
2290,s_3697,"phosphatidylcholine (1-18:0, 2-16:1)",lp
2291,s_3698,1-acylglycerophosphocholine (18:0),lp
2292,s_3699,"phosphatidylcholine (1-18:1, 2-16:1)",lp
2293,s_3700,1-acylglycerophosphocholine (18:1),lp
2294,s_3701,"phosphatidylcholine (1-16:0, 2-18:1)",lp
2295,s_3702,"phosphatidylcholine (1-16:1, 2-18:1)",lp
2296,s_3703,"phosphatidylcholine (1-18:0, 2-18:1)",lp
2297,s_3704,"phosphatidylcholine (1-18:1, 2-18:1)",lp
2298,s_3705,"phosphatidylethanolamine (1-16:0, 2-16:1)",lp
2299,s_3706,"phosphatidylethanolamine (1-16:1, 2-16:1)",lp
2300,s_3707,"phosphatidylethanolamine (1-18:0, 2-16:1)",lp
2301,s_3708,"phosphatidylethanolamine (1-18:1, 2-16:1)",lp
2302,s_3709,ergosterol ester backbone,erm
2303,s_3710,phosphatidyl-L-serine backbone,erm
2304,s_3711,phosphatidylcholine backbone,erm
2305,s_3712,phosphatidylethanolamine backbone,erm
2306,s_3713,triglyceride backbone,erm
2307,s_3714,heme a,c
2308,s_3715,raffinose,e
2309,s_3716,melibiose,e
2310,s_3717,protein,c
2311,s_3718,carbohydrate,c
2312,s_3719,RNA,c
2313,s_3720,DNA,c
2314,s_3721,ceramide backbone,g
2315,s_3722,ceramide backbone,c
2316,s_3723,inositol phosphomannosylinositol phosphoceramide backbone,c
2317,s_3724,inositol-P-ceramide backbone,c
2318,s_3725,mannosylinositol phosphorylceramide backbone,c
2319,s_3726,long-chain base backbone,er
2320,s_3727,long-chain base backbone,c
2321,s_3728,long-chain base phosphate backbone,er
2322,s_3729,long-chain base phosphate backbone,c
2323,s_3730,phosphatidate backbone,erm
2324,s_3731,phosphatidate backbone,c
2325,s_3732,diglyceride backbone,erm
2326,s_3733,diglyceride backbone,c
2327,s_3734,sn-2-acyl-1-lysophosphatidylinositol backbone,erm
2328,s_3735,sn-2-acyl-1-lysophosphatidylinositol backbone,c
2329,s_3736,phosphatidylglycerol backbone,mm
2330,s_3737,phosphatidylglycerol backbone,c
2331,s_3738,cardiolipin backbone,mm
2332,s_3739,cardiolipin backbone,c
2333,s_3740,C16:0 chain,c
2334,s_3741,C16:1 chain,c
2335,s_3742,C18:0 chain,c
2336,s_3743,C18:1 chain,c
2337,s_3744,C24:0 chain,c
2338,s_3745,C26:0 chain,c
2339,s_3746,lipid backbone,c
2340,s_3747,lipid chain,c
2341,s_3748,Cytochrome c,m
2342,s_3749,Apocytochrome c,m
2343,s_3750,diacetyl,c
2344,s_3751,(R)-acetoin,n
2345,s_3752,diacetyl,n
2346,s_3753,NADH,n
2347,s_3754,L-glutamyl-tRNA(Gln),m
2348,s_3755,L-glutamine,m
2349,s_3756,Gln-tRNA(Gln),m
2350,s_3757,Met-Ala,v
2351,s_3758,L-methionine,v
2352,s_3759,L-alanine,v
2353,s_3760,ADP-D-ribose 1''-phosphate,c
2354,s_3761,ADP-ribose,c
2355,s_3762,quinone,c
2356,s_3763,"1,4-benzosemiquinone",c
2357,s_3764,UDP-N-acetyl-alpha-D-glucosamine,er
2358,s_3765,N-Acetyl-D-glucosaminyldiphosphodolichol,er
2359,s_3766,UDP,er
2360,s_3767,"N,N'-Chitobiosyldiphosphodolichol",er
2361,s_3768,D-ribofuranose 5-phosphate,c
2362,s_3769,Oxalate,p
2363,s_3770,Oxalyl-CoA,p
2364,s_3771,G00171,er
2365,s_3772,D-glucose,er
2366,s_3773,G00010,er
2367,s_3774,G00011,er
2368,s_3775,sodium,v
2369,s_3776,potassium,v
2370,s_3777,chloride,v
2371,s_3778,chloride,c
2372,s_3779,D-fructose,v
2373,s_3780,D-galactose,v
2374,s_3781,UMP,er
2375,s_3782,cadmium(2+),c
2376,s_3783,cadmium(2+),e
2377,s_3784,(sulfur carrier)-H,m
2378,s_3785,L-cysteine,m
2379,s_3786,(sulfur carrier)-SH,m
2380,s_3787,cholesterol,er
2381,s_3788,cholesterol,erm
2382,s_3789,3-chlorobenzyl alcohol,c
2383,s_3790,3-chlorobenzaldehyde,c
2384,s_3791,3-hydroxybenzyl alcohol,c
2385,s_3792,3-hydroxybenzaldehyde,c
2386,s_3793,3-methylbenzyl alcohol,c
2387,s_3794,3-methylbenzaldehyde,c
2388,s_3795,4-isopropylbenzyl alcohol,c
2389,s_3796,p-cumic aldehyde,c
2390,s_3797,4-methylbenzyl alcohol,c
2391,s_3798,4-methylbenzaldehyde,c
2392,s_3799,benzyl alcohol,c
2393,s_3800,benzaldehyde,c
2394,s_3801,Mn(2+),c
2395,s_3802,Mn(2+),er
2396,s_3805,Mannitol,c
2397,s_3806,4-hydroxy-4-methyl-2-oxoglutarate,c
2398,s_3807,L-methionine (S)-S-oxide,c
2399,s_3808,tRNA(Pro),m
2400,s_3809,Pro-tRNA(Pro),m
2401,s_3810,5-oxo-L-proline,c
2402,s_3811,4a-Hydroxytetrahydrobiopterin,m
2403,s_3812,Dihydrobiopterin,m
2404,s_3813,superoxide,m
2405,s_3814,2-deoxy-D-glucose 6-phosphate,c
2406,s_3815,2-deoxy-D-glucose,c
2407,s_3816,[cytochrome c]-L-lysine,c
2408,s_3817,[cytochrome c]-N6-methyl-L-lysine,c
2409,s_3818,S-adenosyl-L-methionine,n
2410,s_3819,L-lysine-[histone],n
2411,s_3820,S-adenosyl-L-homocysteine,n
2412,s_3821,N6-methyl-L-lysine-[histone],n
2413,s_3822,Zn(2+),c
2414,s_3823,Zn(2+),er
2415,s_3826,Ferricytochrome b5,m
2416,s_3827,Ferrocytochrome b5,m
2417,s_3828,(S)-benzoin,c
2418,s_3829,benzil,c
2419,s_3830,RX,er
2420,s_3831,glutathione,er
2421,s_3832,HX,er
2422,s_3833,R-S-glutathione,er
2423,s_3834,RX,c
2424,s_3835,HX,c
2425,s_3836,R-S-glutathione,c
2426,s_3837,L-Methionine S-oxide,c
2427,s_3838,Ala-Gly,v
2428,s_3839,L-glycine,v
2429,s_3840,Ala-Leu,v
2430,s_3841,Threo-3-hydroxy-L-aspartate,c
2431,s_3842,RX,p
2432,s_3843,glutathione,p
2433,s_3844,HX,p
2434,s_3845,R-S-glutathione,p
2435,s_3846,dehydroascorbate,c
2436,s_3847,ascorbate,c
2437,s_3848,dehydroascorbate,p
2438,s_3849,glutathione disulfide,p
2439,s_3850,ascorbate,p
2440,s_3851,Cyanamide,c
2441,s_3852,aldehydo-D-ribose 5-phosphate,c
2442,s_3853,R-S-Cysteinylglycine,c
2443,s_3854,S-Substituted L-cysteine,c
2444,s_3855,iron(3+),m
2445,s_3856,Glycyl-tRNA(Ala),c
2446,s_3857,D-tyrosyl-tRNA(Tyr),c
2447,s_3858,D-tyrosine,c
2448,s_3859,4-nitrophenyl phosphate,c
2449,s_3860,4-nitrophenol,c
2450,s_3861,L-iditol,c
2451,s_3862,alpha-D-Galactose,c
2452,s_3863,3-hydroxy-2-methylpropanoyl-CoA,m
2453,s_3864,3-hydroxy-2-methylpropanoate,m
2454,s_3865,sterols,e
2455,s_3866,sterols,c
2456,s_3867,2-Phenylacetamide,c
2457,s_3868,(Indol-3-yl)acetamide,c
2458,s_3871,Acrylic acid,c
2459,s_3872,Acrylamide,c
2460,s_3873,Benzamide,c
2461,s_3874,Benzoate,c
2462,s_3875,D-gluconate,c
2463,s_3876,Protein C-terminal S-farnesyl-L-cysteine,c
2464,s_3877,Protein C-terminal S-farnesyl-L-cysteine methyl ester,c
2465,s_3878,1-phosphatidyl-1D-myo-inositol,er
2466,s_3879,G00143,er
2467,s_3880,Ca(2+),c
2468,s_3881,ATP,v
2469,s_3882,Ca(2+),v
2470,s_3883,ADP,v
2471,s_3884,generic protein,c
2472,s_3885,L-Arginyl-protein,c
2473,s_3887,G00008,er
2474,s_3888,Dolichyl diphosphate,er
2475,s_3889,G00009,er
2476,s_3890,GDP-alpha-D-mannose,er
2477,s_3891,G10694,er
2478,s_3892,GDP,er
2479,s_3893,G01813,er
2480,s_3894,G00003,er
2481,s_3895,G00004,er
2482,s_3896,G00005,er
2483,s_3897,2-O-(6-phospho-alpha-D-mannosyl)-D-glycerate,v
2484,s_3898,D-mannose 6-phosphate,v
2485,s_3899,D-Glycerate,v
2486,s_3900,alpha-D-mannoside,v
2487,s_3901,alpha-D-mannopyranose,v
2488,s_3902,non glycosylated sugar acceptor,v
2489,s_3903,L-Threonylcarbamoyladenylate,c
2490,s_3904,D-Serine,c
2491,s_3905,O-acetyl-L-serine,m
2492,s_3906,hydrogen sulfide,m
2493,s_3907,phosphatidate,m
2494,s_3908,CDP-diacylglycerol,m
2495,s_3909,Sulfur donor,c
2496,s_3910,ADP-5-ethyl-4-methylthiazole-2-carboxylate,c
2497,s_3911,Dolichyl beta-D-glucosyl phosphate,er
2498,s_3912,G10599,er
2499,s_3913,nitric oxide,c
2500,s_3914,nitrate,c
2501,s_3915,(R)-Lipoate,c
2502,s_3916,Lipoyl-AMP,c
2503,s_3917,Apoprotein,c
2504,s_3918,Protein N6-(lipoyl)lysine,c
2505,s_3923,N-(4-oxoglutarate)-L-cysteinylglycine,c
2506,s_3924,N-(4-oxoglutarate)-L-cysteinylglycine,m
2507,s_3925,L-cysteinylglycine,m
2508,s_3926,chloride,g
2509,s_3927,ribonucleoside 5'-triphosphate,c
2510,s_3928,ribonucleoside 5'-phosphate,c
2511,s_3929,2'-deoxyribonucleoside 5'-triphosphate,c
2512,s_3930,2'-deoxyribonucleoside 5'-phosphate,c
2513,s_3931,superoxide,c
2514,s_3932,G00012,er
2515,s_3933,D-mannose,er
2516,s_3934,Ethylnitronate,c
2517,s_3935,Nitrite,c
2518,s_3936,iron(3+),e
2519,s_3937,Acyl-CoA,er
2520,s_3938,1-acyl-sn-glycerol 3-phosphate,er
2521,s_3939,"1,2-diacyl-sn-glycerol 3-phosphate",er
2522,s_3940,Peptide diphthine,c
2523,s_3941,Peptide diphthamide,c
2524,s_3942,8-oxo-dGTP,p
2525,s_3943,8-oxo-dGMP,p
2526,s_3944,Apoprotein,m
2527,s_3945,Protein N6-(octanoyl)lysine,m
2528,s_3946,Lipoyl-[acp],m
2529,s_3947,Protein N6-(lipoyl)lysine,m
2530,s_3948,beta-D-Fructose 6-phosphate,c
2531,s_3949,beta-D-Glucose,c
2532,s_3950,beta-D-Glucose 6-phosphate,c
2533,s_3951,alpha-D-Glucose,c
2534,s_3952,alpha-D-Glucose 6-phosphate,c
2535,s_3953,D-Glucosamine,c
2536,s_3954,beta-D-Fructose,c
2537,s_3958,D-Glycerate,c
2538,s_3959,2-Propynal,c
2539,s_3960,Propynoate,c
2540,s_3961,D-Glucuronolactone,c
2541,s_3962,D-Glucarate,c
2542,s_3963,4-Trimethylammoniobutanal,c
2543,s_3964,4-Trimethylammoniobutanoate,c
2544,s_3965,(S)-Methylmalonate semialdehyde,c
2545,s_3966,Methylmalonate,c
2546,s_3967,Imidazole-4-acetaldehyde,c
2547,s_3968,Imidazole-4-acetate,c
2548,s_3969,"3alpha,7alpha-Dihydroxy-5beta-cholestan-26-al",c
2549,s_3970,"3alpha,7alpha-Dihydroxy-5beta-cholestanate",c
2550,s_3971,5-Hydroxyindoleacetaldehyde,c
2551,s_3972,5-Hydroxyindoleacetate,c
2552,s_3973,N4-Acetylaminobutanal,c
2553,s_3974,4-Acetamidobutanoate,c
2554,s_3975,trans-3-Chloroallyl aldehyde,c
2555,s_3976,trans-3-Chloroacrylic acid,c
2556,s_3977,cis-3-Chloroallyl aldehyde,c
2557,s_3978,cis-3-Chloroacrylic acid,c
2558,s_3979,Chloroacetaldehyde,c
2559,s_3980,Chloroacetic acid,c
2560,s_3981,Perillyl aldehyde,c
2561,s_3982,Perillic acid,c
2562,s_3983,"2-trans,6-trans-Farnesal",c
2563,s_3984,Farnesoic acid,c
2564,s_3985,phospholipid,erm
2565,s_3986,phospholipid,gm
2566,s_3987,ADP,erm
2567,s_3988,1-oleoyl-sn-glycerol,c
2568,s_3989,G10526,er
2569,s_3990,G00006,er
2570,s_3991,carnosine,c
2571,s_3992,anserine,c
2572,s_3993,G10595,er
2573,s_3994,G10596,er
2574,s_3995,G10597,er
2575,s_3996,G00007,er
2576,s_3997,glycolate,c
2577,s_3998,sucrose,c
2578,s_3999,Isomaltose,c
2579,s_4000,Dextrin,c
2580,s_4001,G10598,er
2581,s_4002,G00149,er
2582,s_4003,G00140,er
2583,s_4004,Sulfur donor,m
2584,s_4005,5'-Deoxyadenosine,m
2585,s_4006,S-sulfanyl-[L-cysteine desulfurase],m
2586,s_4007,[disordered-form [Fe-S] cluster scaffold protein],m
2587,s_4008,S-sulfanyl-[cysteine desulfurase]-[disordered-form scaffold protein] complex,m
2588,s_4009,hydrogen cyanide,m
2589,s_4010,thiosulfate,m
2590,s_4011,sulphite,m
2591,s_4012,thiocyanate,m
2592,s_4013,Mg(2+),c
2593,s_4014,Mg(2+),m
2594,s_4015,UDP-D-glucose,er
2595,s_4016,sulphate,er
2596,s_4017,N-Acetyl-D-glucosamine,c
2597,s_4018,polyphosphate,c
2598,s_4019,Cu2(+),c
2599,s_4020,Cu2(+),g
2600,s_4021,2-Oxoglutaramate,c
2601,s_4022,porphyrin,m
2602,s_4023,porphyrin,c
2603,s_4024,Starch,c
2604,s_4025,UDP-N-acetyl-alpha-D-glucosamine,g
2605,s_4026,Zn(2+),m
2606,s_4027,Zn(2+),v
2607,s_4028,RX,m
2608,s_4029,HX,m
2609,s_4030,R-S-glutathione,m
2610,s_4031,iron(3+),v
2611,s_4032,[protein]-L-lysine,c
2612,s_4033,[protein]-N(6)-acetyl-L-lysine,c
2613,s_4034,Ala-Gln,e
2614,s_4035,Ala-Gln,c
2615,s_4036,Ala-Gln,v
2616,s_4037,Ala-Glu,e
2617,s_4038,Ala-Glu,c
2618,s_4039,Ala-Glu,v
2619,s_4040,Ala-Thr,e
2620,s_4041,Ala-Thr,c
2621,s_4042,Ala-Thr,v
2622,s_4043,L-threonine,v
2623,s_4044,thymidine 3'-monophosphate,c
2624,s_4045,thymidine 3'-monophosphate,e
2625,s_4046,thymidine 5'-monophosphate,c
2626,s_4047,thymidine 5'-monophosphate,e
2627,s_4048,glycerol 1-phosphate,c
2628,s_4049,glycerol 1-phosphate,e
2629,s_4050,Ala-His,e
2630,s_4051,Ala-His,c
2631,s_4052,Ala-His,v
2632,s_4053,Gly-Asn,e
2633,s_4054,Gly-Asn,c
2634,s_4055,Gly-Asn,v
2635,s_4056,Gly-Gln,e
2636,s_4057,Gly-Gln,c
2637,s_4058,Gly-Gln,v
2638,s_4059,Gly-Glu,e
2639,s_4060,Gly-Glu,c
2640,s_4061,Gly-Glu,v
2641,s_4062,glycerol 2-phosphate(2-),c
2642,s_4063,glycerol 2-phosphate(2-),e
2643,s_4064,O-phospho-L-threonine,c
2644,s_4065,O-phospho-L-threonine,e
2645,s_4066,guanosine 2'-monophosphate,c
2646,s_4067,guanosine 2'-monophosphate,e
2647,s_4068,3'-GMP,c
2648,s_4069,3'-GMP,e
2649,s_4070,2-phosphoglycolate,e
2650,s_4071,2-phosphoglycolate,c
2651,s_4072,cysteamine S-phosphate,c
2652,s_4073,cysteamine,c
2653,s_4074,cysteamine,e
2654,s_4075,cysteamine S-phosphate,e
2655,s_4076,hypotaurine,c
2656,s_4077,O-phosphonatooxy-D-serine(2-),c
2657,s_4078,O-phosphonatooxy-D-serine(2-),e
2658,s_4079,2-aminobutanoate,c
2659,s_4080,2-aminobutanoate,e
2660,s_4081,uridine 2'-phosphate,c
2661,s_4082,uridine 2'-phosphate,e
2662,s_4083,3'-UMP,c
2663,s_4084,3'-UMP,e
2664,s_4085,Gly-Met,e
2665,s_4086,Gly-Met,c
2666,s_4087,Gly-Met,v
2667,s_4088,N-phosphocreatine,c
2668,s_4089,creatinine,c
2669,s_4090,N-phosphocreatine,e
2670,s_4091,creatinine,e
2671,s_4092,N(omega)-phospho-L-arginine,c
2672,s_4093,N(omega)-phospho-L-arginine,e
2673,s_4094,"2',3'-cyclic GMP",c
2674,s_4095,"2',3'-cyclic GMP",e
2675,s_4096,O(4)-phospho-L-tyrosine,c
2676,s_4097,O(4)-phospho-L-tyrosine,e
2677,s_4098,triphosphate,c
2678,s_4099,triphosphate,e
2679,s_4100,cytidine 2'-phosphate,c
2680,s_4101,cytidine 2'-phosphate,e
2681,s_4102,"2',3'-cyclic UMP",c
2682,s_4103,"2',3'-cyclic UMP",e
2683,s_4104,3-sulfino-L-alanine,c
2684,s_4105,3-sulfino-L-alanine,e
2685,s_4106,3'-AMP,c
2686,s_4107,3'-AMP,e
2687,s_4108,6-O-alpha-D-glucopyranosyl-D-fructofuranose,c
2688,s_4109,6-O-alpha-D-glucopyranosyl-D-fructofuranose,e
2689,s_4110,N-acetyl-L-cysteine,c
2690,s_4111,N-acetyl-L-cysteine,e
2691,s_4112,tetrathionate,c
2692,s_4113,thiosulfate,c
2693,s_4114,tetrathionate,e
2694,s_4115,2-hydroxyethane-1-sulfonate,c
2695,s_4116,2-hydroxyethane-1-sulfonate,e
2696,s_4117,5-dehydro-D-gluconate,c
2697,s_4118,5-dehydro-D-gluconate,e
2698,s_4119,Ala-Asp,e
2699,s_4120,Ala-Asp,c
2700,s_4121,Ala-Asp,v
2701,s_4122,methyl alpha-D-glucopyranoside,c
2702,s_4123,methanol,c
2703,s_4124,methanol,e
2704,s_4125,methyl alpha-D-glucopyranoside,e
2705,s_4126,"2',3'-cyclic CMP",c
2706,s_4127,"2',3'-cyclic CMP",e
2707,s_4128,D-tagatose,c
2708,s_4129,D-tagatofuranose 6-phosphate,c
2709,s_4130,D-tagatose,e
2710,s_4131,turanose,e
2711,s_4132,acetoacetate,c
2712,s_4133,acetoacetate,e
2713,s_4134,N(alpha)-acetyl-L-methionine,c
2714,s_4135,N(alpha)-acetyl-L-methionine,e
2715,s_4136,3-oxalomalate(3-),c
2716,s_4137,3-oxalomalate(3-),e
2717,s_4138,L-cysteate,c
2718,s_4139,L-cysteate,e
2719,s_4140,alpha-maltotriose,e
2720,s_4141,2-phospho-D-glyceric acid,e
2721,s_4142,3-phosphonato-D-glycerate(3-),e
2722,s_4143,Met-Ala,e
2723,s_4144,Met-Ala,c
2724,s_4145,D-glucose 1-phosphate,e
2725,s_4146,carbamoyl phosphate,e
2726,s_4147,3-phospho-serine,e
2727,s_4148,GMP,e
2728,s_4149,myo-inositol hexakisphosphate,e
2729,s_4150,D-glucose 6-phosphate,e
2730,s_4151,UMP,e
2731,s_4152,phosphoenolpyruvate,e
2732,s_4153,D-mannose 6-phosphate,e
2733,s_4154,O-phosphoethanolamine,e
2734,s_4155,6-phospho-D-gluconate,e
2735,s_4156,D-mannose 1-phosphate,e
2736,s_4157,diphosphate,e
2737,s_4158,choline phosphate,e
2738,s_4159,thiosulfate,e
2739,s_4160,AMP,e
2740,s_4161,"2',3'-cyclic AMP",e
2741,s_4162,adenosine 2'-phosphate,e
2742,s_4163,CMP,e
2743,s_4164,D-Glucosamine,e
2744,s_4165,2-deoxy-D-ribose,e
2745,s_4166,L-citrulline,e
2746,s_4167,glycerone,e
2747,s_4168,Ala-Leu,e
2748,s_4169,Ala-Leu,c
2749,s_4170,Ala-Gly,e
2750,s_4171,Ala-Gly,c
2751,s_4172,N-acetyl-L-glutamate,e
2752,s_4173,N-acetyl-L-glutamate,c
2753,s_4174,lipoamide,e
2754,s_4175,lipoamide,c
2755,s_4176,L-Methionine S-oxide,e
2756,s_4177,homogentisate,c
2757,s_4178,4-maleylacetoacetate,c
2758,s_4179,4-fumarylacetoacetate,c
2759,s_4180,L-xylulose,c
2760,s_4181,D-arabinitol,c
2761,s_4182,2-hydroxyglutarate,c
2762,s_4183,propionyl-CoA,c
2763,s_4184,3-oxopropanoate,c
2764,s_4189,"(2R,3S)-3-methylmalate",c
2765,s_4190,"trans-2,cis-9-octadecadienoyl-CoA",c
2766,s_4191,"(9Z,12Z)-octadecadienoate",c
2767,s_4192,stachyose,c
2768,s_4193,raffinose,c
2769,s_4194,4-hydroxyphenyl acetate,c
2770,s_4195,Hydroquinone,c
2771,s_4196,ATP,g
2772,s_4197,Ca(2+),g
2773,s_4198,ADP,g
2774,s_4199,Ca(2+),e
2775,s_4200,chloride,e
2776,s_4201,Cu2(+),e
2777,s_4202,Mn(2+),e
2778,s_4203,Zn(2+),e
2779,s_4204,Mg(2+),e
2780,s_4205,cofactor,c
2781,s_4206,ion,c
2782,s_4207,trans-4-hydroxy-L-proline,c
2783,s_4209,Ferrocytochrome b5,erm
2784,s_4210,Ferricytochrome b5,erm
2785,s_4211,hexanoyl-CoA,m
2786,s_4212,ethyl hexanoate,m
2787,s_4213,octanoyl-CoA,m
2788,s_4214,ethyl octanoate,m
2789,s_4215,butanoyl-CoA,m
2790,s_4216,ethyl butanoate,m
2791,s_4217,hexanol,m
2792,s_4218,hexyl acetate,m
2793,s_4219,decanoyl-CoA,m
2794,s_4220,ethyl decanoate,m
2795,s_4221,ethyl hexanoate,c
2796,s_4222,ethyl octanoate,c
2797,s_4223,ethyl butanoate,c
2798,s_4224,hexyl acetate,c
2799,s_4225,ethyl decanoate,c
2800,s_4226,ethyl hexanoate,e
2801,s_4227,ethyl octanoate,e
2802,s_4228,ethyl butanoate,e
2803,s_4229,hexyl acetate,e
2804,s_4230,ethyl decanoate,e
2805,s_4231,ethyl acetate,m
2806,s_4232,propanal,c
2807,s_4233,propanol,c
2808,s_4234,propanal,m
2809,s_4235,propanol,m
2810,s_4236,propanal,e
2811,s_4237,propanol,e
2812,s_4238,methional,c
2813,s_4239,methionol,c
2814,s_4240,methional,m
2815,s_4241,methionol,m
2816,s_4242,methional,e
2817,s_4243,methionol,e
2818,s_4244,(4-hydroxyphenyl)acetaldehyde,c
2819,s_4245,tyrosol,c
2820,s_4246,(4-hydroxyphenyl)acetaldehyde,m
2821,s_4247,tyrosol,m
2822,s_4248,(4-hydroxyphenyl)acetaldehyde,e
2823,s_4249,tyrosol,e
2824,s_4250,propionate,c
2825,s_4251,propionate,p
2826,s_4252,propionyl-CoA,p
2827,s_4253,ethyl propionate,m
2828,s_4254,tyrosyl acetate,c
2829,s_4255,tyrosyl acetate,e
2830,s_4256,methionyl acetate,c
2831,s_4257,methionyl acetate,e
2832,s_4258,propyl acetate,c
2833,s_4259,propyl acetate,e
2834,s_4261,ethyl propionate,c
2835,s_4262,ethyl propionate,e
2836,s_4263,hydrogen sulfide,e
2837,s_4264,3-mercaptopyruvate,c
2838,s_4265,alkanesulfonate,c
2839,s_4266,alkanesulfonate,e
2840,s_4267,taurocholate,c
2841,s_4268,taurocholate,e
2842,s_4269,trithionate,c
2843,s_4270,ethyl (2S)-lactate,e
2844,s_4271,ethyl (2S)-lactate,c
2845,s_4272,ethyl (2R)-lactate,e
2846,s_4273,ethyl (2R)-lactate,c
2847,s_4274,diethyl succinate,c
2848,s_4275,diethyl succinate,e
2849,s_4276,monoethyl succinate,c
2850,s_4277,monoethyl succinate,e
2851,s_4278,ethyl benzoate,c
2852,s_4279,ethyl benzoate,e
2853,s_4280,ethyl pyruvate,c
2854,s_4281,ethyl pyruvate,e
2855,s_4282,2-methylbutyrate,c
2856,s_4283,ethyl 2-methylbutyrate,c
2857,s_4284,ethyl 2-methylbutyrate,e
2858,s_4285,isobutyrate,c
2859,s_4286,ethyl isobutyrate,c
2860,s_4287,ethyl isobutyrate,e
2861,s_4288,benzyl acetate,c
2862,s_4289,benzyl acetate,e
2863,s_4290,polyphosphate,v
2864,s_4291,polyphosphate,m
2865,s_4292,polyphosphate,n
2866,s_4293,phosphate,n
2867,s_4294,"4-(2-aminophenyl)-2,4-dioxobutanoate",c
2868,s_4295,dimethylallyl phosphate,m
2869,s_4296,D-phenylalanine,c
2870,s_4297,N-acetyl-D-phenylalanine,c
2871,s_4298,FMNH2,m
2872,s_4299,cadaverine,c
2873,s_4300,aminopropylcadaverine,c
2874,s_4301,2-(2-carboxy-4-methylthiazol-5-yl)ethyl phosphate,c
2875,s_4302,2-hydroxyglutarate,m
2876,s_4303,farnesol,c
2877,s_4304,D-ribulose,c
2878,s_4305,2-deoxy-D-ribose 1-phosphate,c
2879,s_4306,3-hydroxyisobutyryl-CoA,m
2880,s_4307,3-hydroxyisobutyrate,m
2881,s_4308,"meso-2,3-butanediol",c
2882,s_4309,acetoin,c
2883,s_4310,5-methylcytosine,c
2884,s_4311,thymine,c
2885,s_4312,prenylated FMNH2,m
2886,s_4313,ITP,m
2887,s_4314,IDP,m
2888,s_4315,deamido-NAD(+),p
2889,s_4316,nicotinic acid D-ribonucleotide,p
2890,s_4317,"P(1),P(3)-bis(5'-adenosyl) triphosphate",c
2891,s_4318,dATP,m
2892,s_4319,dADP,m
2893,s_4320,dGTP,m
2894,s_4321,dGDP,m
2895,s_4322,CDP,m
2896,s_4323,dCDP,m
2897,s_4324,dCTP,m
2898,s_4325,dTDP,m
2899,s_4326,dTTP,m
2900,s_4327,dIDP,m
2901,s_4328,dITP,m
2902,s_4329,dUDP,m
2903,s_4330,dUTP,m
2904,s_4331,xanthurenate,c
2905,s_4332,heme a,e
